Global Rank,Institution,Country,Sector,Best Country Quartile
1,Chinese Academy of Sciences *,CHN,Government,1
2,Ministry of Education of the People's Republic of China,CHN,Government,1
3,Centre National de la Recherche Scientifique *,FRA,Government,1
4,Harvard University *,USA,Universities,1
5,University of Chinese Academy of Sciences *,CHN,Universities,1
6,Tsinghua University *,CHN,Universities,1
7,Harvard Medical School,USA,Universities,1
8,Zhejiang University *,CHN,Universities,1
9,Shanghai Jiao Tong University *,CHN,Universities,1
10,Helmholtz Gemeinschaft *,DEU,Government,1
11,Peking University *,CHN,Universities,1
12,Meta Platforms Inc *,MUL,Companies,1
13,State Grid Corporation of China *,CHN,Government,1
14,U.S. Department of Health & Human Services *,USA,Health,1
15,Stanford University *,USA,Universities,1
16,Mass General Brigham *,USA,Health,1
17,Google International LLC,MUL,Companies,1
18,Russian Academy of Sciences *,RUS,Government,1
19,American Cancer Society,USA,Health,1
20,University of Oxford *,GBR,Universities,1
21,"Google Inc, USA",USA,Companies,1
22,Institut National de la Sante et de la Recherche Medicale *,FRA,Health,1
23,Johns Hopkins University *,USA,Universities,1
24,University College London *,GBR,Universities,1
25,"Microsoft Research Asia, China",CHN,Companies,1
26,Parker Institute for Cancer Immunotherapy,USA,Health,1
27,Alphabet Inc *,MUL,Companies,1
28,Huazhong University of Science and Technology *,CHN,Universities,1
29,"Microsoft, China",CHN,Companies,1
30,"Meta Platforms Inc, United States",USA,Companies,1
31,University of Toronto,CAN,Universities,1
32,Massachusetts Institute of Technology *,USA,Universities,1
33,National Institutes of Health,USA,Health,1
34,"DeepMind Technologies Ltd, UK",GBR,Companies,1
35,Consejo Superior de Investigaciones Cientificas *,ESP,Government,1
36,"University of Michigan, Ann Arbor *",USA,Universities,1
37,University of Washington *,USA,Universities,1
38,Microsoft Corp *,MUL,Companies,1
39,SenseTime Group *,MUL,Companies,1
40,European Bioinformatics Institute EMBL,GBR,Government,1
41,Sichuan University *,CHN,Universities,1
42,University of Pennsylvania *,USA,Universities,1
43,"Microsoft, USA",USA,Companies,1
44,The New York Genome Center,USA,Health,1
45,DeepMind,MUL,Companies,1
46,Sun Yat-Sen University *,CHN,Universities,1
47,Samsung Corp *,MUL,Companies,1
48,Central South University *,CHN,Universities,1
49,Veterans Affairs Medical Centers *,USA,Health,1
50,Fudan University *,CHN,Universities,1
51,Max Planck Gesellschaft *,DEU,Government,1
52,Cornell University *,USA,Universities,1
53,Columbia University *,USA,Universities,1
54,University of Cambridge *,GBR,Universities,1
55,"University of California, Los Angeles *",USA,Universities,1
56,National University of Singapore *,SGP,Universities,1
57,Imperial College London,GBR,Universities,1
58,Baidu Inc *,MUL,Companies,1
59,University of Melbourne *,AUS,Universities,1
60,Generalitat de Catalunya *,ESP,Government,1
61,Universidade de Sao Paulo *,BRA,Universities,1
62,University of Amsterdam *,NLD,Universities,1
63,Xi'an Jiaotong University *,CHN,Universities,1
64,Harbin Institute of Technology,CHN,Universities,1
65,NVIDIA Corp *,MUL,Companies,1
66,Yale University *,USA,Universities,1
67,Allen Institute for Artificial Intelligence,USA,Non-Profit,1
68,Generalitat de Catalunya Barcelona,ESP,Government,1
69,"Microsoft Research Redmond, USA",USA,Companies,1
70,Hubrecht Institute,NLD,Government,1
71,Instituto de Salud Carlos III *,ESP,Health,1
72,Huawei Technologies Co Ltd *,MUL,Companies,1
73,Massachusetts General Hospital,USA,Health,1
74,UK Research and Innovation *,GBR,Government,1
75,"University of California, San Francisco *",USA,Universities,1
76,Mayo Clinic *,USA,Health,1
77,University of Sydney *,AUS,Universities,1
78,"University of California, Berkeley *",USA,Universities,1
79,"Samsung Electronics, South Korea",KOR,Companies,1
80,Tencent America Llc,USA,Companies,1
81,Wuhan University *,CHN,Universities,1
82,"NVIDIA Corp, USA",USA,Companies,1
83,"Ragon Institute of MGH, MIT and Harvard",USA,Health,1
84,Howard Hughes Medical Institute *,USA,Health,1
85,Assistance Publique Hopitaux de Paris *,FRA,Health,1
86,"University of California, San Diego *",USA,Universities,1
87,"Monash University, Melbourne *",AUS,Universities,1
88,IBM Research *,MUL,Companies,1
89,Adobe Inc *,MUL,Companies,1
89,Tianjin University *,CHN,Universities,1
91,"Baidu Inc, China",CHN,Companies,1
92,"International Agency for Research on Cancer, France",FRA,Health,1
93,Duke University *,USA,Universities,1
94,Vrije Universiteit Amsterdam *,NLD,Universities,1
95,University of New South Wales *,AUS,Universities,1
96,IBM United States,USA,Companies,1
97,Tencent Holdings Ltd *,MUL,Companies,1
98,University of Chicago *,USA,Universities,1
99,"Adobe Research, USA",USA,Companies,1
100,Johns Hopkins Medicine,USA,Health,1
101,Universitat de Barcelona *,ESP,Universities,1
102,University of Science and Technology of China *,CHN,Universities,1
103,Shandong University *,CHN,Universities,1
104,Brigham and Women's Hospital,USA,Health,1
105,Tongji University *,CHN,Universities,1
106,Centres de Recerca de Catalunya *,ESP,Non-Profit,1
107,Sorbonne Universite *,FRA,Universities,1
108,Broad Institute of MIT and Harvard,USA,Health,1
109,South China University of Technology,CHN,Universities,1
110,"Southeast University, Nanjing *",CHN,Universities,1
111,The University of Queensland *,AUS,Universities,1
112,New York University *,USA,Universities,1
113,"Northwestern University, Evanston *",USA,Universities,1
114,Jilin University *,CHN,Universities,1
115,"University of North Carolina, Chapel Hill *",USA,Universities,1
116,University of Tokyo *,JPN,Universities,1
117,Ludwig Institute for Cancer Research *,USA,Health,1
118,National Center for Biotechnology Information,USA,Government,1
119,The University of British Columbia *,CAN,Universities,1
120,Seoul National University *,KOR,Universities,1
121,Consiglio Nazionale delle Ricerche *,ITA,Government,1
122,"Huawei Technologies Co Ltd, China",CHN,Companies,1
123,Zhengzhou University *,CHN,Universities,1
124,"Adobe Inc, USA",USA,Companies,1
125,Singapore Immunology Network,SGP,Government,1
126,Swiss Federal Institute of Technology,CHE,Universities,1
127,"Ohio State University, Columbus *",USA,Universities,1
128,Kings College London,GBR,Universities,1
129,Mitsubishi Electric Research Laboratories,USA,Companies,1
130,Nanyang Technological University *,SGP,Universities,1
131,"University of Minnesota, Twin Cities *",USA,Universities,1
131,Gladstone Institutes,USA,Health,1
133,Stanford Medicine,USA,Health,1
134,European Molecular Biology Laboratory Heidelberg,DEU,Government,1
135,University of Electronic Science and Technology of China *,CHN,Universities,1
136,University of Florida *,USA,Universities,1
137,Utrecht University *,NLD,Universities,1
138,"University of Wisconsin, Madison *",USA,Universities,1
139,National Institute of Allergy and Infectious Diseases,USA,Health,1
140,Leibniz Gemeinschaft *,DEU,Government,1
141,BeiHang University *,CHN,Universities,1
142,Regeneron Pharmaceuticals Inc *,USA,Companies,1
143,McGill University *,CAN,Universities,1
144,National Center for Advancing Translational Sciences,USA,Health,1
145,Apple Inc *,MUL,Companies,1
146,Mount Sinai Health System *,USA,Health,1
147,University of Copenhagen,DNK,Universities,1
148,"Tencent Holdings Ltd, China",CHN,Companies,1
149,Ministry of Agriculture and Rural Affairs,CHN,Government,1
149,University of Southern California *,USA,Universities,1
151,"Apple Inc, USA",USA,Companies,1
152,Catholic University of Leuven,BEL,Universities,1
153,Karolinska Institute *,SWE,Universities,1
154,Medical Research Council,GBR,Health,1
155,"University of California, Davis *",USA,Universities,1
155,"Hoffmann-La Roche Ltd, United States",USA,Companies,1
157,The University of Edinburgh *,GBR,Universities,1
158,"Mitsubishi Electric Corp, USA",USA,Companies,1
159,European Molecular Biology Organization *,DEU,Government,1
160,IBM Switzerland,CHE,Companies,1
161,Chan Zuckerberg Biohub,USA,Health,1
162,Harvard-MIT Division of Health Sciences and Tecnology,USA,Universities,1
163,University of Pennsylvania Health System,USA,Health,1
164,Amsterdam Universitair Medische Centra,NLD,Health,1
165,"Qualcomm Inc, USA",USA,Companies,1
166,Universitat Autonoma de Barcelona *,ESP,Universities,1
166,Yale University Health & Medicine,USA,Health,1
168,Pennsylvania State University *,USA,Universities,1
169,Ericsson Sweden,SWE,Companies,1
170,ByteDance Network Technology Co *,MUL,Companies,1
171,Washington University in Saint Louis *,USA,Universities,1
172,Technische Universitat Munchen *,DEU,Universities,1
173,The University of Manchester *,GBR,Universities,1
174,The Chinese University of Hong Kong *,HKG,Universities,1
175,University of Pittsburgh *,USA,Universities,1
176,Sarah Cannon Research Institute,USA,Health,1
177,Genentech Inc,USA,Companies,1
178,Dana Farber Cancer Institute,USA,Health,1
179,"SenseTime Group, China",CHN,Companies,1
180,Beijing Institute of Technology,CHN,Universities,1
181,Nanjing University *,CHN,Universities,1
182,Memorial Sloan-Kettering Cancer Center *,USA,Health,1
183,University of Illinois at Urbana-Champaign *,USA,Universities,1
184,"Novartis Institutes for Biomedical Research, United States",USA,Companies,1
184,Scripps Research Institute,USA,Health,1
186,F Hoffmann-La Roche *,MUL,Companies,1
187,Universite de Paris Cite *,FRA,Universities,1
188,Qualcomm Inc *,MUL,Companies,1
189,University of Texas M.D. Anderson Cancer Center,USA,Health,1
190,National Cancer Institute,USA,Health,1
191,Emory University *,USA,Universities,1
192,Institute for Health Metrics and Evaluation,USA,Health,1
193,"Wuhan Institute of Virology, Chinese Academy of Sciences",CHN,Government,1
194,"Microsoft, United Kingdom",GBR,Companies,1
195,Columbia University Irving Medical Center,USA,Health,1
196,Wellcome Trust,GBR,Health,1
197,Weill Cornell Medicine,USA,Universities,1
198,"University of Texas, Austin",USA,Universities,1
199,"Amazon.com, Inc *",MUL,Companies,1
200,Universite Paris-Saclay *,FRA,Universities,1
201,Sandra and Edward Meyer Cancer Center,USA,Health,1
202,Chongqing University *,CHN,Universities,1
203,World Health Organization *,MUL,Health,1
204,Ericsson *,MUL,Companies,1
205,Northwestern Polytechnical University,CHN,Universities,1
206,Frederick National Laboratory for Cancer Research,USA,Health,1
207,Universita degli Studi di Roma La Sapienza,ITA,Universities,1
208,University of Groningen *,NLD,Universities,1
209,Chinese Academy of Medical Sciences and Peking Union Medical College *,CHN,Universities,1
210,Universita degli Studi di Milano,ITA,Universities,1
211,Nokia Corp *,MUL,Companies,1
212,Cold Spring Harbor Laboratory,USA,Health,1
213,Max Planck Institut fur Informatik,DEU,Government,1
214,Vanderbilt University *,USA,Universities,1
215,"Huawei Noah's Ark Lab, China",CHN,Companies,1
216,Wellcome Trust Sanger Institute,GBR,Health,1
217,Centers for Disease Control and Prevention,USA,Health,1
218,Chinese Academy of Agricultural Sciences *,CHN,Government,1
219,Oncode Institute,NLD,Non-Profit,1
220,Erasmus University Rotterdam *,NLD,Universities,1
221,National Library of Medicine,USA,Health,1
222,Toyota Group *,MUL,Companies,1
223,"Microsoft Research Cambridge, UK",GBR,Companies,1
224,The University of Hong Kong *,HKG,Universities,1
225,Yonsei University *,KOR,Universities,1
226,Purdue University,USA,Universities,1
227,Leiden University *,NLD,Universities,1
228,Cancer Research UK,GBR,Health,1
229,AstraZeneca *,MUL,Companies,1
230,Intel Corp *,MUL,Companies,1
231,Georgia Institute of Technology *,USA,Universities,1
231,Boston University *,USA,Universities,1
233,NEC Corp *,MUL,Companies,1
234,LG Corporation *,MUL,Companies,1
235,Sanford Burnham Prebys Medical Discovery Institute,USA,Health,1
236,"Amazon.com Inc, United States",USA,Companies,1
237,Dalian University of Technology *,CHN,Universities,1
238,"Samsung Research, South Korea",KOR,Companies,1
239,Carnegie Mellon University *,USA,Universities,1
240,"Soochow University, Suzhou *",CHN,Universities,1
241,"Huawei Technologies Ltd, Germany",DEU,Companies,1
242,University of Alberta,CAN,Universities,1
243,Peking University Health Science Center,CHN,Universities,1
244,Institut Catala de la Salut Barcelona *,ESP,Health,1
245,"Rutgers, The State University of New Jersey",USA,Universities,1
246,"Institut National de Recherche pour l'Agriculture, l'Alimentation et l'Environnement *",FRA,Government,1
247,Universita degli Studi di Padova,ITA,Universities,1
248,"Biogen Inc, USA",USA,Companies,1
249,United States Department of Agriculture,USA,Government,1
249,Aarhus University *,DNK,Universities,1
251,Icahn School of Medicine at Mount Sinai,USA,Universities,1
252,Consejo Nacional de Investigaciones Cientificas y Tecnicas *,ARG,Government,1
253,Universita degli Studi di Napoli Federico II,ITA,Universities,1
254,"Bristol-Myers Squibb Company, United States",USA,Companies,1
255,Washington University Medical Center,USA,Health,1
255,"Texas A&M University, College Station *",USA,Universities,1
257,Universidad Nacional Autonoma de Mexico,MEX,Universities,1
258,Shenzhen University,CHN,Universities,1
259,"Novartis Institutes for Biomedical Research, Switzerland",CHE,Companies,1
260,Wistar Institute,USA,Health,1
261,Banco Bilbao Vizcaya Argentaria *,MUL,Companies,1
262,"Gilead Sciences Inc, United States",USA,Companies,1
263,Ghent University *,BEL,Universities,1
264,Bristol-Myers Squibb Company *,MUL,Companies,1
265,Beijing University of Posts and Telecommunications,CHN,Universities,1
266,Charite - Universitatsmedizin Berlin *,DEU,Health,1
267,"Guangzhou Institute of Biomedicine and Health, Chinese Academy of Sciences",CHN,Government,1
268,University of Utah *,USA,Universities,1
269,Max Planck Institut fur Molekulare Genetik,DEU,Government,1
270,Gilead Sciences *,MUL,Companies,1
271,King Saud University *,SAU,Universities,1
272,UCLA Health System,USA,Health,1
273,"Shanghai Institutes for Biological Sciences, Chinese Academy of Sciences",CHN,Government,1
274,Duke Health,USA,Health,1
275,Biogen Inc *,MUL,Companies,1
276,L'Alma Mater Studiorum - Universita di Bologna,ITA,Universities,1
277,Universitat Zurich,CHE,Universities,1
278,Centre de Visio per Computador,ESP,Government,1
279,"Banco Bilbao Vizcaya Argentaria, Spain",ESP,Companies,1
280,Hong Kong Polytechnic University,HKG,Universities,1
281,"Intel Corp, USA",USA,Companies,1
282,Cleveland Clinic *,USA,Health,1
283,"University of California, Irvine *",USA,Universities,1
284,Korea University *,KOR,Universities,1
285,"Sanofi, United States",USA,Companies,1
286,Guangzhou International Bio Island,CHN,Non-Profit,1
287,"University of Maryland, College Park *",USA,Universities,1
288,Salk Institute for Biological Studies *,USA,Health,1
289,University of Helsinki,FIN,Universities,1
290,University of Nottingham *,GBR,Universities,1
291,Hewlett Packard Enterprise *,MUL,Companies,1
291,"Hewlett Packard Enterprise,  United States",USA,Companies,1
293,Erasmus Medical Center,NLD,Health,1
294,UCSF Helen Diller Family Comprehensive Cancer Center,USA,Health,1
295,"Intel Labs, USA",USA,Companies,1
296,"Hoffmann-La Roche, GmbH., Germany",DEU,Companies,1
297,Fundacion BBVA,ESP,Non-Profit,1
298,"Nokia, United States",USA,Companies,1
299,Woodruff Health Sciences Center,USA,Health,1
300,Nankai University *,CHN,Universities,1
301,Arizona State University *,USA,Universities,1
302,Fred Hutchinson Cancer Center *,USA,Health,1
303,Doe Joint Genome Institute,USA,Government,1
304,University of Birmingham,GBR,Universities,1
304,"Pfizer Inc, United States",USA,Companies,1
306,Max Planck Institut fur Intelligente Systeme,DEU,Government,1
307,National Institute of Arthritis and Musculoskeletal and Skin Diseases,USA,Health,1
307,"Toyota Motor Corp, USA",USA,Companies,1
309,Xidian University,CHN,Universities,1
310,NYU Langone Health,USA,Health,1
311,Lenovo Group Ltd *,MUL,Companies,1
312,Robert H. Lurie Comprehensive Cancer Center,USA,Health,1
313,Kyoto University *,JPN,Universities,1
314,Kavli Institute of Nanoscience Delft,NLD,Government,1
315,Taiwan Semiconductor Manufacturing Company Ltd.,TWN,Companies,1
316,Deutsches Krebsforschungszentrum,DEU,Government,1
317,"ByteDance Network Technology Co, China",CHN,Companies,1
318,Sanofi *,MUL,Companies,1
319,Universidade de Lisboa *,PRT,Universities,1
320,National Institute of Dental and Craniofacial Research,USA,Health,1
321,Singapore-MIT Alliance,SGP,Government,1
322,Uppsala University *,SWE,Universities,1
323,"AstraZeneca, United Kingdom",GBR,Companies,1
324,"Eli Lilly and Company, United States",USA,Companies,1
325,Xiamen University *,CHN,Universities,1
326,Universidad Complutense de Madrid *,ESP,Universities,1
327,Vector Institute for Artificial Intelligence,CAN,Non-Profit,1
327,Hunan University,CHN,Universities,1
329,Genome Institute of Singapore,SGP,Government,1
330,Universidade do Porto *,PRT,Universities,1
331,Center for Biologics Evaluation and Research,USA,Government,1
332,Delft University of Technology *,NLD,Universities,1
333,University of Glasgow *,GBR,Universities,1
334,Lunds University,SWE,Universities,1
335,Ludwig-Maximilians Universitat Munchen *,DEU,Universities,1
336,Capital Medical University *,CHN,Universities,1
337,University of Liverpool *,GBR,Universities,1
338,University of Calgary *,CAN,Universities,1
339,The Buck Institute for Research on Aging,USA,Health,1
340,Polish Academy of Sciences *,POL,Government,1
341,Jiangnan University *,CHN,Universities,1
342,"Microsoft, India",IND,Companies,1
343,UC San Diego Health System,USA,Health,1
344,Universite PSL *,FRA,Universities,1
345,Commonwealth Scientific and Industrial Research Organization *,AUS,Government,1
346,Korea Advanced Institute of Science and Technology *,KOR,Universities,1
347,Ecole Polytechnique Federale de Lausanne,CHE,Universities,1
348,"Institute of Automation, Chinese Academy of Sciences",CHN,Government,1
349,University of Arizona *,USA,Universities,1
350,National Institute on Aging,USA,Health,1
351,Children's Hospital Boston *,USA,Health,1
352,Michigan State University,USA,Universities,1
353,Princeton University,USA,Universities,1
354,Vall d’Hebron Instituto de Oncologia,ESP,Health,1
355,University of Leeds,GBR,Universities,1
356,"Institute of Biophysics, Chinese Academy of Sciences",CHN,Government,1
357,APC Microbiome Ireland,IRL,Government,1
358,Nanjing University of Aeronautics and Astronautics,CHN,Universities,1
359,"Nokia Bell Labs, United States",USA,Companies,1
360,"Agency for Science, Technology and Research Singapore *",SGP,Government,1
361,IBM India,IND,Companies,1
362,Pfizer *,MUL,Companies,1
363,University of Oslo,NOR,Universities,1
364,University Medical Center Utrecht,NLD,Health,1
365,National Aeronautics and Space Administration *,USA,Government,1
366,"University of Colorado, Denver *",USA,Universities,1
367,Jackson Laboratory,USA,Health,1
368,IBM Thomas J Watson Research Center,USA,Companies,1
369,"Orange SA, France",FRA,Companies,1
370,Institute for Systems Biology,USA,Health,1
371,Leiden University Medical Center,NLD,Health,1
372,Eli Lilly *,MUL,Companies,1
373,Technical University of Denmark,DNK,Universities,1
374,National Heart Lung and Blood Institute,USA,Health,1
375,Kavli Institute at Cornell for Nanoscale Science,USA,Government,1
376,Fujitsu *,MUL,Companies,1
377,Novo Nordisk *,MUL,Companies,1
377,GlaxoSmithKline *,MUL,Companies,1
379,"Queen Mary, University of London",GBR,Universities,1
380,California Institute of Technology *,USA,Universities,1
381,University of Virginia *,USA,Universities,1
382,Instituto IMDEA Networks,ESP,Government,1
383,Fraunhofer Gesellschaft *,DEU,Government,1
384,"Amgen, USA",USA,Companies,1
385,The Rockefeller University *,USA,Universities,1
386,University of Bristol *,GBR,Universities,1
387,Nordic Bioscience A/S,DNK,Companies,1
388,"Newcastle University, Newcastle upon Tyne",GBR,Universities,1
389,City University of Hong Kong *,HKG,Universities,1
390,Universite Montpellier *,FRA,Universities,1
390,Novartis *,MUL,Companies,1
392,National Centre for Infectious Diseases,SGP,Health,1
393,"AstraZeneca, United States",USA,Companies,1
394,UK Health Security Agency,GBR,Health,1
395,Fraunhofer Institut fur Nachrichtentechnik Heinrich Hertz Institut,DEU,Government,1
396,"Sanofi, France",FRA,Companies,1
397,Johnson & Johnson *,MUL,Companies,1
398,Universitat Heidelberg,DEU,Universities,1
399,McMaster University *,CAN,Universities,1
400,"GlaxoSmithKline, United States",USA,Companies,1
401,Tel Aviv University,ISR,Universities,1
402,Universitat de Valencia *,ESP,Universities,1
403,"UCB Pharma SA, UK",GBR,Companies,1
404,Universitat Hamburg *,DEU,Universities,1
405,Flanders Interuniversity Institute for Biotechnology *,BEL,Government,1
406,Jiangsu University *,CHN,Universities,1
407,"University of Technology, Sydney",AUS,Universities,1
408,North Carolina State University,USA,Universities,1
408,The University of Sheffield,GBR,Universities,1
410,Universidad Autonoma de Madrid *,ESP,Universities,1
411,University Medical Center Groningen,NLD,Health,1
412,National Taiwan University,TWN,Universities,1
413,"Shenzhen Institutes of Advanced Technology, Chinese Academy of Sciences",CHN,Government,1
414,Mitsubishi Electric Corp,MUL,Companies,1
415,University of Miami *,USA,Universities,1
416,"Toyota Research Institute, USA",USA,Companies,1
417,The Francis Crick Institute,GBR,Health,1
418,"Nokia, France",FRA,Companies,1
419,University of Waterloo *,CAN,Universities,1
420,China Agricultural University,CHN,Universities,1
420,Institut Pasteur de Paris,FRA,Health,1
422,Alibaba Group *,MUL,Companies,1
422,Wageningen University and Research Centre,NLD,Universities,1
424,Zhejiang University of Technology,CHN,Universities,1
425,Jinan University *,CHN,Universities,1
426,Deutsches Zentrum fur Infektionsforschung,DEU,Health,1
427,Kavli Energy NanoScience Institute,USA,Government,1
428,Baylor College of Medicine,USA,Universities,1
429,Mitsubishi Corp *,MUL,Companies,1
429,Amgen *,MUL,Companies,1
431,"Institute of Computing Technology, Chinese Academy of Sciences",CHN,Government,1
432,China University of Geosciences,CHN,Universities,1
433,"Bayer AG, Germany",DEU,Companies,1
434,"World Health Organization, Switzerland",CHE,Health,1
435,Samsung Advanced Institute Technology,KOR,Non-Profit,1
436,"Philips Research, Eindhoven",NLD,Companies,1
436,Swiss Institute of Bioinformatics,CHE,Non-Profit,1
438,Universita degli Studi di Torino,ITA,Universities,1
439,Radboud University Nijmegen Medical Centre,NLD,Health,1
440,Wuhan University of Technology *,CHN,Universities,1
441,Translational Genomics Research Institute,USA,Health,1
442,Norwegian University of Science and Technology *,NOR,Universities,1
442,University of Rochester *,USA,Universities,1
444,Vanderbilt University Medical Center,USA,Health,1
445,"Thermo Fisher Scientific, USA",USA,Companies,1
446,Benaroya Research Institute,USA,Health,1
447,University of Southampton,GBR,Universities,1
448,Joint BioEnergy Institute,USA,Government,1
449,Institute of Cancer Research,GBR,Health,1
449,Nanjing Medical University *,CHN,Universities,1
451,Fondazione Telethon *,ITA,Non-Profit,1
452,"Institute of Microbiology, Chinese Academy of Sciences",CHN,Government,1
453,China University of Mining and Technology,CHN,Universities,1
454,"University of Colorado, Anschutz Medical Campus",USA,Universities,1
454,Lawrence Berkeley National Laboratory *,USA,Government,1
454,"University of Colorado, Boulder *",USA,Universities,1
457,National Institute of Diabetes and Digestive and Kidney Diseases,USA,Health,1
458,Virginia Polytechnic Institute and State University *,USA,Universities,1
459,University of Pittsburgh Medical Center *,USA,Health,1
460,Royal Institute of Technology *,SWE,Universities,1
461,"Fujitsu, Japan",JPN,Companies,1
462,Institute for Molecular Medicine,FIN,Health,1
463,Janssen,MUL,Companies,1
464,Sungkyunkwan University,KOR,Universities,1
465,"Nokia Bell Labs, France",FRA,Companies,1
466,Novo Nordisk A/S,DNK,Companies,1
467,Sony Japan,JPN,Companies,1
468,Cisco Systems,USA,Companies,1
469,Sony Corp *,MUL,Companies,1
470,Centro Nacional de Investigaciones Oncologicas,ESP,Health,1
471,University Health Network *,CAN,Health,1
472,Michigan Medicine,USA,Health,1
473,Robert Bosch *,MUL,Companies,1
474,Copenhagen University Hospital,DNK,Health,1
475,Osaka University *,JPN,Universities,1
476,German Cancer Consortium,DEU,Health,1
477,"University of Illinois, Chicago *",USA,Universities,1
478,Max-Delbruck-Centrum fur Molekulare Medizin,DEU,Government,1
479,Cancer Research Institute Ghent,BEL,Health,1
480,University of Ottawa,CAN,Universities,1
481,Southern Medical University *,CHN,Universities,1
482,National Center for Immunization and Respiratory Diseases,USA,Health,1
483,National Institute of Neurological Disorders and Stroke,USA,Health,1
484,Universita degli Studi di Firenze,ITA,Universities,1
485,Brown University,USA,Universities,1
486,University of Southern California Health Sciences Campus,USA,Health,1
487,Commissariat a l'Energie Atomique et aux Energies Alternatives *,FRA,Government,1
487,National University of Defense Technology,CHN,Universities,1
489,University of Texas Southwestern Medical Center,USA,Universities,1
490,Janssen Biotech Inc,USA,Companies,1
491,"AstraZeneca, Sweden",SWE,Companies,1
492,Beijing Normal University *,CHN,Universities,1
493,Frontiers Media SA,CHE,Companies,1
494,"University of Alabama, Birmingham *",USA,Universities,1
495,Friedrich-Alexander-Universitat Erlangen-Nurnberg *,DEU,Universities,1
496,University of Warwick,GBR,Universities,1
497,"Merck & Co Inc, United States",USA,Companies,1
498,Hospital Clinic de Barcelona *,ESP,Health,1
499,Nestle Switzerland,CHE,Companies,1
500,Max Planck Institut fur Medizinische Forschung,DEU,Government,1
501,NIHR Oxford Biomedical Research Centre,GBR,Health,1
502,Universitat Bern *,CHE,Universities,1
503,"Genomics Research Center, Academia Sinica",TWN,Government,1
504,Paul Ehrlich Institut,DEU,Government,1
505,University of Iowa *,USA,Universities,1
506,"University of Maryland, Baltimore",USA,Universities,1
507,Institut Gustave Roussy *,FRA,Health,1
508,Guy's & Saint Thomas NHS Foundation Trust,GBR,Health,1
509,The University of Western Australia,AUS,Universities,1
510,Merck & Co Inc *,MUL,Companies,1
511,"Northeastern University, USA",USA,Universities,1
512,Koninklijke Philips NV *,MUL,Companies,1
513,"AbbVie Inc, United States",USA,Companies,1
514,University of Science and Technology Beijing,CHN,Universities,1
515,Bayer *,MUL,Companies,1
516,Case Western Reserve University,USA,Universities,1
517,The Hong Kong University of Science and Technology,HKG,Universities,1
518,Aix-Marseille Universite *,FRA,Universities,1
519,"National Institute of Biological Sciences, Beijing",CHN,Government,1
520,"Siemens AG, Germany",DEU,Companies,1
521,Center for Life Sciences,CHN,Government,1
522,Centro de Biologia Molecular Severo Ochoa,ESP,Government,1
522,Universitat Politecnica de Catalunya *,ESP,Universities,1
522,West China Hospital,CHN,Health,1
525,"Alibaba Group, China",CHN,Companies,1
526,"Janssen Research & Development, LLC",BEL,Companies,1
527,University of Auckland,NZL,Universities,1
528,Tohoku University *,JPN,Universities,1
529,Siemens *,MUL,Companies,1
530,Centre de Recherche des Cordeliers,FRA,Government,1
531,University of Gothenburg,SWE,Universities,1
532,National Eye Institute,USA,Health,1
533,Max Planck Institut fur Biologie des Alterns,DEU,Government,1
534,"LG Electronics, South Korea",KOR,Companies,1
535,University of Colorado Cancer Center,USA,Health,1
535,Fraunhofer-Institut fur Zelltherapie und Immunologie,DEU,Government,1
537,Stockholm University *,SWE,Universities,1
538,"Institute of Chemistry, Chinese Academy of Sciences",CHN,Government,1
539,"University of California, Santa Barbara *",USA,Universities,1
540,King Abdullah University of Science and Technology,SAU,Universities,1
541,Rheinisch-Westfalische Technische Hochschule Aachen,DEU,Universities,1
542,Australian National University,AUS,Universities,1
543,Southwest Jiaotong University,CHN,Universities,1
544,Japan Agency for Medical Research and Development,JPN,Health,1
545,St Jude Childrens Research Hospital,USA,Health,1
546,Tehran University of Medical Sciences *,IRN,Universities,1
547,Institut Eurecom,FRA,Universities,1
548,"World Health Organization, Australia",AUS,Health,1
549,Universidad de Granada *,ESP,Universities,1
550,The University of Adelaide,AUS,Universities,1
551,"Huawei Technologies Co Ltd, Canada",CAN,Companies,1
552,Nanjing University of Science and Technology,CHN,Universities,1
553,Cardiff University,GBR,Universities,1
554,Babraham Institute,GBR,Government,1
555,Orange SA *,MUL,Companies,1
556,Medizinische Universitat Wien,AUT,Universities,1
556,"Bosch, Germany",DEU,Companies,1
558,Nestle *,MUL,Companies,2
558,Oregon Health & Science University *,USA,Universities,1
560,Foundation Medicine Inc,USA,Companies,1
561,Beth Israel Deaconess Medical Center,USA,Health,1
561,Obra Social Fundacion La Caixa,ESP,Non-Profit,1
563,Technische Universitat Dresden *,DEU,Universities,1
564,University of Cincinnati *,USA,Universities,1
564,Shanghai University,CHN,Universities,1
566,Max Planck Institut fur Biochemie,DEU,Government,1
567,Centre International de Recherche en Infectiologie,FRA,Government,1
568,Telethon Institute of Genetics and Medicine,ITA,Non-Profit,1
569,Karolinska University Hospital,SWE,Health,1
570,Science for Life Laboratory,SWE,Government,1
571,Quadram Institute,GBR,Health,1
572,Max Planck Institut fur Biologie Tubingen,DEU,Government,1
573,Cedars-Sinai Medical Center,USA,Health,1
574,Hanyang University *,KOR,Universities,1
575,Universita degli Studi di Pisa,ITA,Universities,1
576,Institut de Quimica Avancada de Catalunya,ESP,Government,1
577,Council of Scientific and Industrial Research *,IND,Government,1
578,National Human Genome Research Institute,USA,Health,1
579,CaixaBank SA *,ESP,Companies,1
580,Takeda Pharmaceuticals International Inc *,MUL,Companies,2
581,Nippon Telegraph and Telephone Corporation *,MUL,Companies,1
582,"Deutsche Telekom AG, Germany",DEU,Companies,1
583,Thermo Fisher Scientific *,MUL,Companies,1
583,University of Pittsburgh Health Sciences,USA,Universities,1
585,Ohio State University Wexner Medical Center,USA,Health,1
586,Panasonic Corp *,MUL,Companies,1
586,Center for Disease Control and Prevention China,CHN,Health,1
588,VA St Louis Health Care System,USA,Health,1
589,"GlaxoSmithKline, United Kingdom",GBR,Companies,1
589,Guangdong University of Technology,CHN,Universities,1
591,Instituto de Agroquimica y Tecnologia de Alimentos,ESP,Government,1
592,Boston University Medical Campus,USA,Health,1
593,"Nippon Telegraph and Telephone Corp, Japan",JPN,Companies,1
594,BMW Group *,MUL,Companies,1
595,City of Hope,USA,Health,1
596,Universite Grenoble-Alpes *,FRA,Universities,1
597,National Institute on Alcohol Abuse and Alcoholism,USA,Health,1
598,National Institute of Standards and Technology *,USA,Government,1
599,University of Georgia,USA,Universities,1
599,"Institute of Genetics and Developmental Biology, Chinese Academy of Sciences",CHN,Government,1
601,US Food and Drug Administration,USA,Government,1
602,Universite de Montreal,CAN,Universities,1
603,AbbVie *,MUL,Companies,2
604,University of Athens,GRC,Universities,1
605,"BMW AG, Germany",DEU,Companies,1
606,"University of Connecticut, Storrs *",USA,Universities,1
606,Boehringer Ingelheim *,MUL,Companies,1
608,Universidad del Pais Vasco *,ESP,Universities,1
609,Canon Inc *,MUL,Companies,1
610,Albert-Ludwigs-Universitat Freiburg im Breisgau,DEU,Universities,1
611,National Institute on Drug Abuse,USA,Health,1
612,Canadian Institute for Advanced Research,CAN,Non-Profit,1
613,"Takeda Pharmaceuticals International Inc, USA",USA,Companies,1
614,King Abdulaziz University *,SAU,Universities,1
615,RIKEN-Institute of Physical and Chemical Research,JPN,Government,1
616,Max Planck Institut fur Kohlenforschung,DEU,Government,1
617,Max Planck Institut fur Multidisziplinare Naturwissenschaften,DEU,Government,1
618,Cisco Systems Inc *,MUL,Companies,1
619,Ontario Institute for Cancer Research,CAN,Non-Profit,1
620,Bioinformatics Institute,SGP,Government,1
621,Lenovo China,CHN,Companies,1
622,Karlsruher Institut fur Technologie,DEU,Universities,1
623,British Columbia Cancer Research Centre,CAN,Health,1
624,Walter and Eliza Hall Institute of Medical Research,AUS,Health,1
625,Rheinische Friedrich-Wilhelms-Universitat Bonn *,DEU,Universities,1
626,Merck KGaA *,MUL,Companies,2
627,"University of Massachusetts, Amherst",USA,Universities,1
628,Deakin University *,AUS,Universities,1
629,National Institute of Health Clinical Center,USA,Health,1
630,Universidad de Sevilla *,ESP,Universities,1
631,European Commission - Joint Research Centre,MUL,Government,1
632,Fraunhofer Institut fur Molekularbiologie und Angewandte Oekologie,DEU,Government,1
633,OHSU Knight Cancer Institute,USA,Health,1
633,Beth Israel Lahey Health *,USA,Health,1
635,"Takeda Pharmaceutical Co Inc, Japan",JPN,Companies,1
636,Eberhard-Karls-Universitat Tubingen,DEU,Universities,1
636,Japan Science & Technology Agency,JPN,Government,1
638,"Saudi Arabian Oil Co, USA",USA,Companies,1
639,Academy of Sciences of the Czech Republic *,CZE,Government,1
640,Huazhong Agricultural University,CHN,Universities,1
640,"BGI Group, China",CHN,Companies,1
642,Institute of Molecular and Cell Biology,SGP,Government,1
642,"Merck KGaA, Germany",DEU,Companies,1
644,University of Western Ontario,CAN,Universities,1
644,China Southern Power Grid Co Ltd *,CHN,Government,1
646,University of Exeter,GBR,Universities,1
647,University of South Florida System *,USA,Universities,1
648,Sun Health *,USA,Health,1
649,Centro de Investigacion Biomedica en Red de Cancer,ESP,Health,1
650,National Renewable Energy Laboratory,USA,Government,1
651,"Institute of Biological Chemistry, Academia Sinica",TWN,Government,1
652,Joint Quantum Institute,USA,Government,1
653,Biotechnology and Biological Sciences Research Council,GBR,Government,1
654,UC Davis Health System,USA,Health,1
654,Universitatsklinikum Heidelberg,DEU,Health,1
656,"Hoffmann-La Roche Ltd, Switzerland",CHE,Companies,1
656,John Innes Center,GBR,Government,1
658,Universidade Estadual de Campinas *,BRA,Universities,1
659,Aalborg University *,DNK,Universities,1
660,Universitat Politecnica de Valencia *,ESP,Universities,1
661,National Institute of Environmental Health Sciences,USA,Health,1
662,European Commission *,MUL,Government,1
663,Peng Cheng Laboratory,CHN,Government,1
664,"Daiichi Sankyo Co Ltd, Japan",JPN,Companies,1
665,Children's Hospital of Philadelphia,USA,Health,1
666,Sumitomo Group *,MUL,Companies,1
667,SLAC National Accelerator Laboratory,USA,Government,1
668,Centro de Investigaciones Biologicas Margarita Salas,ESP,Government,1
669,"Dalian Institute of Chemical Physics, Chinese Academy of Sciences",CHN,Government,1
669,UCB Pharma SA *,MUL,Companies,2
671,Leibniz Institut fur Molekulare Pharmakologie,DEU,Government,1
671,Universitat Pompeu Fabra *,ESP,Universities,1
673,"Changchun Institute of Applied Chemistry, Chinese Academy of Sciences",CHN,Government,1
674,"Tata Consultancy Services Ltd, India",IND,Companies,1
674,Helmholtz Zentrum Munchen Forschungszentrum fur Umwelt und Gesundheit,DEU,Government,1
676,Iowa State University,USA,Universities,1
677,Royal Melbourne Institute of Technology *,AUS,Universities,1
678,Institut Catala d'Oncologia *,ESP,Health,1
679,Indiana University-Bloomington,USA,Universities,1
679,"European Commission - Joint Research Centre Ispra, Italy",ITA,Government,1
681,Fuzhou University,CHN,Universities,1
682,Freie Universitat Berlin,DEU,Universities,1
683,University College Dublin,IRL,Universities,1
684,"Northeastern University, China",CHN,Universities,1
684,Politecnico di Milano,ITA,Universities,1
686,North China Electric Power University,CHN,Universities,1
687,China Petroleum and Chemical Corporation *,CHN,Government,1
688,Temple University *,USA,Universities,1
689,China Pharmaceutical University,CHN,Universities,1
690,Institut des Maladies Genetiques Imagine,FRA,Government,1
691,Southern University of Science and Technology,CHN,Universities,1
692,ZTE Corp *,MUL,Companies,1
693,H. Lee Moffitt Cancer Center and Research Institute,USA,Health,1
694,National Center on Birth Defects and Developmental Disabilities,USA,Health,1
694,Max Planck Institut fur Polymerforschung,DEU,Government,1
694,Institut de Recerca Biomedica Barcelona,ESP,Health,1
697,University of South Florida,USA,Universities,1
698,Centro de Regulacion Genomica,ESP,Health,1
699,"State University of New York, Stony Brook *",USA,Universities,1
699,"ParisTech, Institut des Sciences et Technologies de Paris - PRES *",FRA,Government,1
701,Shenzhen Research Institute of Big Data,CHN,Government,1
701,Nanjing Tech University,CHN,Universities,1
703,Hefei University of Technology *,CHN,Universities,1
704,Toshiba Corp *,MUL,Companies,1
705,South China Agricultural University *,CHN,Universities,1
706,Tianjin Institute of Industrial Biotechnology,CHN,Government,1
707,National Institute of Child Health and Human Development,USA,Health,1
707,Charles University *,CZE,Universities,1
709,Boyce Thompson Institute for Plant Research,USA,Non-Profit,1
710,"Shanghai Institute of Organic Chemistry, Chinese Academy of Sciences",CHN,Government,1
711,Vancouver Prostate Centre,CAN,Health,1
711,Queen's University Belfast,GBR,Universities,1
713,Forschungszentrum fur Molekulare Medizin der Osterreichischen Akademie der Wissenschaften,AUT,Government,1
714,Aalto University,FIN,Universities,1
715,National Institute of Mental Health,USA,Health,1
716,Weizmann Institute of Science,ISR,Universities,1
717,"Siemens Healthineers, USA",USA,Companies,1
718,"Colorado State University, Fort Collins *",USA,Universities,1
719,Nanchang University *,CHN,Universities,1
719,Eisai Group *,MUL,Companies,2
719,Clinica Universidad de Navarra,ESP,Health,1
722,Universidade Estadual Paulista Julio de Mesquita Filho,BRA,Universities,1
723,Oslo University Hospital,NOR,Health,1
723,Nanjing Forestry University,CHN,Universities,1
725,Hohai University *,CHN,Universities,1
726,British Columbia Cancer Agency *,CAN,Health,1
727,Cincinnati Children's Hospital Medical Center,USA,Health,1
728,China National Petroleum Corp *,MUL,Government,1
728,"China National Petroleum Corp, China",CHN,Government,1
730,Forschungszentrum Informatik,DEU,Government,1
731,"Boehringer Ingelheim, USA",USA,Companies,1
732,"Corteva Agriscience, USA",USA,Companies,1
733,London School of Hygiene and Tropical Medicine,GBR,Universities,1
734,CGIAR Consortium of International Agricultural Research *,MUL,Non-Profit,1
735,George Washington University *,USA,Universities,1
735,Hokkaido University *,JPN,Universities,1
737,Royal Netherlands Academy of Arts and Sciences *,NLD,Government,1
738,"University of Tennessee, Knoxville *",USA,Universities,1
739,"Siemens Healthineers, Germany",DEU,Companies,1
740,Institut National de Recherche en Informatique et en Automatique *,FRA,Government,1
741,Oxford University Hospitals NHS Trust,GBR,Health,1
742,Fondazione IFOM Istituto Firc di Oncologia Molecolare,ITA,Health,1
743,Beijing Jiaotong University,CHN,Universities,1
744,Kyung Hee University *,KOR,Universities,1
745,Universitatsklinikum Hamburg Eppendorf,DEU,Health,1
746,"World Health Organization, United Kingdom",GBR,Health,1
747,BASF Group *,MUL,Companies,2
748,Beijing University of Chemical Technology,CHN,Universities,1
749,"National Institute of Infectious Diseases, Japan",JPN,Health,1
750,Atrium Health Levine Cancer Institute,USA,Health,1
750,Johannes Gutenberg-Universitat Mainz *,DEU,Universities,1
752,Queensland University of Technology,AUS,Universities,1
753,State Key Laboratory of Millimeter Waves,HKG,Government,1
754,Trinity College Dublin *,IRL,Universities,1
755,Rice University,USA,Universities,1
756,University of Kentucky *,USA,Universities,1
757,Qatar Computing Research Institute,QAT,Government,1
758,National Yang Ming Chiao Tung University *,TWN,Universities,1
759,Universite Claude Bernard Lyon 1 *,FRA,Universities,1
760,"GlaxoSmithKline, Belgium",BEL,Companies,1
761,"BASF, Germany",DEU,Companies,1
762,University of Ljubljana *,SVN,Universities,1
763,United Nations *,MUL,Non-Profit,1
764,Lanzhou University *,CHN,Universities,1
764,Institut Micalis,FRA,Government,1
766,The Royal Marsden NHS Foundation Trust,GBR,Health,1
767,Vienna BioCenter,AUT,Non-Profit,1
767,"ZTE, China",CHN,Companies,1
769,Kyushu University *,JPN,Universities,1
770,Istituto per l'Endocrinologia e l'Oncologia Gaetano Salvatore,ITA,Government,1
771,Universitatsspital Zurich,CHE,Health,1
772,Texas Instruments *,MUL,Companies,1
773,Maastricht University,NLD,Universities,1
773,Fundacio de Recerca Clinic Barcelona-Institut d’Investigacions Biomediques August Pi i Sunyer,ESP,Health,1
775,"Panasonic Corp, Japan",JPN,Companies,1
776,Centro Nacional de Biotecnologia,ESP,Government,1
777,Science Foundation Ireland *,IRL,Government,1
778,The First Affiliated Hospital of Zhejiang University,CHN,Health,1
779,Northwest A and F University,CHN,Universities,1
780,National Center for Emerging and Zoonotic Infectious Diseases,USA,Health,1
781,Beijing University of Technology,CHN,Universities,1
782,"State University of New York, Buffalo",USA,Universities,1
782,"Institut Catala d'Oncologia, Badalona",ESP,Health,1
784,University of Rochester Medical Center,USA,Health,1
785,Oak Ridge National Laboratory,USA,Government,1
786,Max Planck Institut fur Pflanzenzuchtungsforschung,DEU,Government,1
787,Helmholtz Zentrum fur Infektionsforschung,DEU,Government,1
788,University of Kansas *,USA,Universities,1
789,Korea Institute of Science and Technology,KOR,Government,1
790,Westfalische Wilhelms-Universitat Munster *,DEU,Universities,1
791,"Institute of Biomedical Science, Academia Sinica",TWN,Government,1
792,Garvan Institute of Medical Research,AUS,Health,1
793,Istituto Veneto di Medicina Molecolare,ITA,Health,1
794,Universitat Basel *,CHE,Universities,1
794,IMEC International *,BEL,Companies,1
796,Eindhoven University of Technology,NLD,Universities,1
797,City University of New York *,USA,Universities,1
798,Montreal Neurological Institute and Hospital,CAN,Health,1
799,Institute for Infocomm Research,SGP,Government,1
799,"Texas Instruments, United States",USA,Companies,1
801,University of Washington Medicine,USA,Health,1
802,Universitat Duisburg Essen *,DEU,Universities,1
802,Pasteur Network *,MUL,Health,1
804,California Department of Public Health,USA,Health,1
805,University of Miami Health System,USA,Health,1
806,"Siemens AG, USA",USA,Companies,1
807,University Hospitals Leuven,BEL,Health,1
808,New York State Department of Health *,USA,Health,1
809,University of Houston,USA,Universities,1
810,University of Utah Health,USA,Health,1
810,Tufts University,USA,Universities,1
812,"Sanofi, Germany",DEU,Companies,1
812,"Honeywell International, Inc. USA",USA,Companies,1
814,Universite de Geneve,CHE,Universities,1
814,"Honeywell International, Inc. *",MUL,Companies,1
816,Keio University *,JPN,Universities,1
817,National Oceanic and Atmospheric Administration,USA,Government,1
818,Institute of Molecular Genetics of the ASCR,CZE,Government,1
819,ShanghaiTech University *,CHN,Universities,1
820,University of York *,GBR,Universities,1
821,IDIAP Research Institute,CHE,Government,1
822,Aramco *,MUL,Companies,2
823,Universite de Strasbourg *,FRA,Universities,1
823,Istituto Clinico Humanitas,ITA,Health,1
825,Qingdao University *,CHN,Universities,1
826,Institucio Catalana de Recerca i Estudis Avancats,ESP,Government,1
827,Technische Universitat Berlin *,DEU,Universities,1
828,Northwestern Medicine,USA,Health,1
829,Virginia Commonwealth University *,USA,Universities,1
830,Agilent Technologies *,MUL,Companies,2
830,Shanghai Public Health Clinical Center,CHN,Health,1
832,CIC bioGUNE,ESP,Government,1
832,Institut Curie,FRA,Health,1
834,East China Normal University *,CHN,Universities,1
835,NEC Japan,JPN,Companies,1
836,"University of California, Riverside",USA,Universities,1
837,Georgetown University *,USA,Universities,1
837,Chalmers University of Technology *,SWE,Universities,1
839,Texas Biomedical Research Institute,USA,Health,1
840,Linkoping University,SWE,Universities,1
841,Engineering and Physical Sciences Research Council,GBR,Government,1
841,Griffith University,AUS,Universities,1
843,Universidade Federal de Minas Gerais,BRA,Universities,1
844,UMass Chan Medical School,USA,Universities,1
845,Instituto de Ciencia y Tecnologia de Polimeros,ESP,Government,1
846,University of North Carolina Health Care,USA,Health,1
846,University of Central Florida,USA,Universities,1
848,VA Palo Alto Health Care System,USA,Health,1
849,Denso Corp,MUL,Companies,2
849,Nanjing University of Posts and Telecommunications,CHN,Universities,1
851,"University of Nebraska, Lincoln",USA,Universities,1
851,Hospital Universitari Vall d'Hebron,ESP,Health,1
853,"Beijing Institute of Genomics, Chinese Academy of Sciences",CHN,Government,1
854,University of Surrey,GBR,Universities,1
855,"Saudi Arabian Oil Co, Saudi Arabia",SAU,Companies,1
856,Princess Margaret Cancer Centre,CAN,Health,1
857,Fraunhofer-Institut fur Integrierte Schaltungen,DEU,Government,1
857,National Center for Nanoscience and Technology of China,CHN,Government,1
857,Centre Hospitalier Universitaire Vaudois,CHE,Health,1
860,Singapore University of Technology and Design,SGP,Universities,2
861,State Key Laboratory of Proteomics,CHN,Government,1
861,Applied Materials Inc *,MUL,Companies,1
863,Max Planck Institut fur Kolloid und Grenzflachenforschung,DEU,Government,1
864,Argonne National Laboratory *,USA,Government,1
864,Universite de Bordeaux *,FRA,Universities,1
866,Morgridge Institute for Research,USA,Health,1
867,Laval University,CAN,Universities,1
868,Universita Cattolica del Sacro Cuore,ITA,Universities,1
869,Instituto de Catalisis y Petroleoquimica,ESP,Government,1
869,Universidade Federal do Rio de Janeiro *,BRA,Universities,1
871,Cambridge University Hospitals NHS Foundation Trust,GBR,Health,1
872,Simon Fraser University,CAN,Universities,1
873,European Centre for Medium-Range Weather Forecasts,GBR,Government,1
874,Carl Zeiss AG,DEU,Companies,1
874,Hospital Quironsalud Barcelona,ESP,Health,1
876,Emory Healthcare,USA,Health,1
877,"Universite Paul Sabatier, Toulouse III *",FRA,Universities,1
878,"Applied Materials Inc, USA",USA,Companies,1
879,Atrium Health,USA,Health,1
880,"Qingdao Institute of Bioenergy and Bioprocess Technology, Chinese Academy of Sciences",CHN,Government,1
880,Deutsches Primatenzentrum,DEU,Government,1
882,U.S. Army *,USA,Government,1
882,Universite de Lausanne,CHE,Universities,1
884,Center for Drug Evaluation & Research,USA,Government,1
885,University of Southern Denmark,DNK,Universities,1
886,Universitat Wien,AUT,Universities,1
887,University of Cape Town,ZAF,Universities,1
888,Netherlands Cancer Institute - Antoni van Leeuwenhoek Hospital,NLD,Health,1
888,Universidade de Coimbra *,PRT,Universities,1
890,Deutsches Zentrum fur Neurodegenerative Erkrankungen,DEU,Government,1
891,Korea Research Institute of Bioscience and Biotechnology,KOR,Government,1
892,Oregon State University,USA,Universities,1
893,Asan Medical Center Seoul *,KOR,Health,1
894,University of Twente,NLD,Universities,2
894,University of Minnesota Health and Medicine,USA,Universities,1
896,Universidad Politecnica de Madrid *,ESP,Universities,1
896,VA San Diego Healthcare System,USA,Health,1
898,Macquarie University *,AUS,Universities,1
899,Fraunhofer Institut fur Angewandte Festkorperphysik,DEU,Government,1
900,Junta de Andalucia *,ESP,Government,1
901,National Research Council Canada *,CAN,Government,1
902,Wuhan Union Hospital,CHN,Health,1
902,Volkswagen AG *,MUL,Companies,2
904,Pontificia Universidad Catolica de Chile *,CHL,Universities,1
905,Environmental Molecular Sciences Laboratory,USA,Government,1
906,Indiana University-Purdue University Indianapolis,USA,Universities,1
906,National Cancer Center,JPN,Health,1
908,"Institut Catala d'Oncologia, Hospitalet de Llobregat",ESP,Health,1
909,Curtin University *,AUS,Universities,1
910,Humboldt-Universitat zu Berlin *,DEU,Universities,1
911,East China University of Science and Technology,CHN,Universities,1
912,Nagoya University *,JPN,Universities,1
913,Institut de Recherche en Cancerologie de Montpellier,FRA,Government,1
913,Fondazione IRCCS San Raffaele del Monte Tabor,ITA,Health,1
915,Klinikum Ludwig Maximilians Universitat Munchen,DEU,Health,1
916,Jagiellonian University,POL,Universities,1
917,Nanjing Agricultural University,CHN,Universities,1
918,National Institute of Informatics,JPN,Government,1
919,Universitat Leipzig *,DEU,Universities,1
920,"UCB Pharma SA, Belgium",BEL,Companies,1
921,Universidad de Chile *,CHL,Universities,1
922,Institut Mondor de Recherche Biomedicale,FRA,Government,1
922,Great Ormond Street Hospital for Children NHS Trust,GBR,Health,1
924,Shenyang Pharmaceutical University,CHN,Universities,1
925,Dartmouth College *,USA,Universities,1
926,Julius-Maximilians-Universitat Wurzburg *,DEU,Universities,1
927,"World Health Organization, France",FRA,Health,1
927,Wayne State University,USA,Universities,1
929,Yangzhou University,CHN,Universities,1
930,Harbin Engineering University,CHN,Universities,1
931,Mahidol University *,THA,Universities,1
932,Baylor Scott & White Research Institute,USA,Health,1
933,Alan Turing Institute,GBR,Government,1
934,Institute of Enzymology Hungarian Academy of Sciences,HUN,Government,1
935,Jet Propulsion Laboratory,USA,Government,1
936,Yonsei University Health System,KOR,Health,1
937,Universidade Federal do Rio Grande do Sul,BRA,Universities,1
937,Ocean University of China,CHN,Universities,1
939,Max Planck Institut fur Molekulare Pflanzenphysiologie,DEU,Government,1
940,Institut de Recherche pour le Developpement *,FRA,Government,1
941,Lomonosov  Moscow State University,RUS,Universities,1
942,Universitat Ulm *,DEU,Universities,1
942,Southwest University *,CHN,Universities,1
944,Shenzhen Municipal People’s Government *,CHN,Government,1
945,University of Macau,MAC,Universities,1
946,Center for Excellence in Brain Science and Intelligence Technology,CHN,Government,1
947,United States Geological Survey,USA,Government,1
948,Technion - Israel Institute of Technology *,ISR,Universities,1
949,Aristotle University of Thessaloniki,GRC,Universities,1
950,Instituto de Biologia Molecular y Celular de Plantas Eduardo Primo Yufera,ESP,Government,1
951,"Ningbo Institute of Material Technology and Engineering, Chinese Academy of Sciences",CHN,Government,1
952,Tennessee Valley Healthcare System,USA,Health,1
952,Cairo University *,EGY,Universities,1
954,Johann Wolfgang Goethe-Universitat Frankfurt am Main *,DEU,Universities,1
954,Imperial College Healthcare NHS Trust,GBR,Health,1
954,Medizinische Hochschule Hannover,DEU,Universities,1
954,Beijing National Laboratory for Molecular Sciences,CHN,Government,1
958,Infineon Technologies Austria AG,AUT,Companies,1
959,Academia Sinica *,TWN,Government,1
960,Universite du Quebec en Quebec *,CAN,Universities,1
961,University of Florida Health Science Center,USA,Health,1
962,Montefiore Medical Center *,USA,Health,1
963,"Novartis, Switzerland",CHE,Companies,1
964,Universidade Nova de Lisboa *,PRT,Universities,1
965,Hebrew University of Jerusalem,ISR,Universities,1
966,Barbara Ann Karmanos Cancer Institute,USA,Health,1
967,Friedrich-Schiller-Universitat Jena *,DEU,Universities,1
967,University of Oklahoma *,USA,Universities,1
969,Ralph H. Johnson VA Medical Center,USA,Health,1
970,U.S. Department of Energy *,USA,Government,1
971,Samsung Medical Center Seoul,KOR,Health,1
972,Smithsonian Institution *,USA,Government,1
973,Fundacao Oswaldo Cruz *,BRA,Health,1
974,Munich Cluster for Systems Neurology,DEU,Non-Profit,1
975,Chongqing University of Post and Telecommunications,CHN,Universities,1
976,Helmholtz-Zentrum fur Informationssicherheit,DEU,Government,1
977,University of Leicester,GBR,Universities,1
978,National Center for Chronic Disease Prevention and Health Promotion,USA,Health,1
978,Pohang University of Science and Technology,KOR,Universities,1
980,China Aerospace Science and Technology Corp *,CHN,Government,1
981,Hitachi *,MUL,Companies,2
982,China Medical University Hospital,TWN,Health,1
983,University Putra Malaysia,MYS,Universities,1
984,Fergana Polytechnic Institute,UZB,Universities,1
985,Instituto de Investigaciones Biomedicas Sols-Morreale,ESP,Government,1
986,Shionogi & Co Ltd,JPN,Companies,1
986,"Academy of Military Medical Sciences, Academy of Military Sciences of PLA",CHN,Health,1
988,"University of Texas, Health Science Center at Houston",USA,Universities,1
988,Corteva Agriscience *,MUL,Companies,2
990,China University of Petroleum,CHN,Universities,1
991,Leibniz-Institut fur Interaktive Materialien,DEU,Government,1
992,CEINGE-Biotecnologie Avanzate,ITA,Non-Profit,1
993,Singapore Management University,SGP,Universities,1
993,University of Belgrade,SRB,Universities,1
995,Chulalongkorn University,THA,Universities,1
996,Heinrich Heine Universitat Dusseldorf *,DEU,Universities,1
997,Qatar University,QAT,Universities,1
998,Institut Cochin,FRA,Government,1
998,"University of Science, Malaysia *",MYS,Universities,1
1000,University of Notre Dame,USA,Universities,1
1000,Berlin Institute of Health,DEU,Health,1
1002,Hospices Civils de Lyon *,FRA,Health,1
1003,Peter Maccallum Cancer Centre,AUS,Health,1
1004,Sanquin Blood Supply,NLD,Health,1
1004,Wenzhou Medical University *,CHN,Universities,1
1006,"World Health Organization, Denmark",DNK,Health,1
1007,Universiti Kebangsaan Malaysia *,MYS,Universities,1
1008,Universidad de Navarra *,ESP,Universities,1
1009,University of Strathclyde *,GBR,Universities,1
1010,NASA Goddard Space Flight Center,USA,Government,1
1011,Vodafone Group *,MUL,Companies,2
1011,McGowan Institute for Regenerative Medicine,USA,Health,1
1013,University of Zagreb,HRV,Universities,1
1014,Max Planck Institut fur Psychiatrie,DEU,Government,1
1015,Centro de Quimica Organica Manuel Lora Tamayo CS,ESP,Government,1
1015,The Pirbright Institute,GBR,Government,1
1017,National Center for Injury Prevention and Control,USA,Health,1
1018,Barcelona Institute of Science and Technology *,ESP,Government,1
1019,San Francisco VA Medical Center,USA,Health,1
1020,University of Bath,GBR,Universities,1
1021,Centro Nacional de Analisis Genomico,ESP,Health,1
1022,"General Electric Co, USA",USA,Companies,1
1022,"Volkswagen AG, Germany",DEU,Companies,1
1024,Molecular Foundry,USA,Government,1
1024,Sydney Local Health District *,AUS,Health,1
1026,Jesse Brown VA Medical Center,USA,Health,1
1026,Radboud University Nijmegen,NLD,Universities,1
1028,"China Medical University, Taichung *",TWN,Universities,1
1029,VA Northeast Ohio Healthcare System,USA,Health,1
1030,University of Tehran,IRN,Universities,1
1031,ZEISS Group *,MUL,Companies,2
1031,University of Antwerp,BEL,Universities,1
1033,University College Cork *,IRL,Universities,1
1034,Institut Catala de Nanociencia i Nanotecnologia,ESP,Non-Profit,1
1035,The Arizona Cancer Center,USA,Health,1
1036,Statens Serum Institut,DNK,Health,2
1037,University of Wollongong *,AUS,Universities,1
1038,Shanghai Cancer Institute,CHN,Health,1
1038,VA Maryland Health Care System,USA,Health,1
1040,Universite de Lille *,FRA,Universities,1
1041,Nebraska Medicine,USA,Health,1
1042,HudsonAlpha Institute for Biotechnology,USA,Non-Profit,1
1043,University of Oulu,FIN,Universities,1
1044,Tampere University,FIN,Universities,1
1045,Astellas Pharma Inc *,MUL,Companies,2
1046,"Suzhou Institute of Nano-Tech and Nano-Bionics, Chinese Academy of Sciences",CHN,Government,1
1047,Princess Maxima Center,NLD,Health,1
1047,University of Manitoba,CAN,Universities,1
1049,Hungarian Academy of Sciences *,HUN,Government,1
1049,Klinikum Rechts der Isar der Technische Universitat Munchen,DEU,Health,1
1051,Daiichi Sankyo Co Ltd *,MUL,Companies,2
1052,Harvard-Smithsonian Center for Astrophysics,USA,Government,1
1053,Kyungpook National University *,KOR,Universities,1
1054,Deutsches Zentrum fur Herz Kreislauf Forschung,DEU,Health,1
1054,Universita degli Studi di Genova,ITA,Universities,1
1054,Roswell Park Cancer Institute,USA,Health,1
1057,Konica Minolta Inc *,MUL,Companies,2
1058,SRI International,USA,Non-Profit,1
1059,"Washington State University, Pullman *",USA,Universities,1
1059,Universitatsspital Basel *,CHE,Health,1
1061,Ulsan National Institute of Science and Technology *,KOR,Universities,1
1061,ABB Group *,MUL,Companies,2
1063,Dalhousie University *,CAN,Universities,1
1063,McConnell Brain Imaging Centre,CAN,Health,1
1065,Istituto Italiano di Tecnologia *,ITA,Non-Profit,1
1066,Junta de Andalucia Sevilla,ESP,Government,1
1067,China Mobile Research Institute,CHN,Government,1
1068,Boehringer Ingelheim GmbH Germany,DEU,Companies,1
1069,"Institute of Information Science, Academia Sinica",TWN,Government,1
1070,University of Bergen,NOR,Universities,1
1071,Florida State University *,USA,Universities,1
1071,McGill University Health Centre,CAN,Health,1
1073,University of South Carolina *,USA,Universities,1
1074,University College London Hospital NHS Trust,GBR,Health,1
1075,Qingdao University of Science and Technology,CHN,Universities,1
1076,"HCA Healthcare, USA",USA,Health,1
1077,Kavli Foundation,USA,Non-Profit,1
1078,Southwest Petroleum University,CHN,Universities,1
1079,National Health Commission of the People's Republic of China *,CHN,Health,1
1080,University Hospital of Bern,CHE,Health,1
1080,"University of Missouri, Columbia *",USA,Universities,1
1080,Institut Langevin Ondes et Images,FRA,Government,1
1080,Max Planck Institut fur Molekulare Zellbiologie und Genetik,DEU,Government,1
1084,Fondazione Policlinico Universitario Agostino Gemelli IRCCS,ITA,Health,1
1085,"University of Texas, Dallas",USA,Universities,1
1086,Max Planck Institut fur Quantenoptik,DEU,Government,1
1087,James J. Peters VA Medical Center,USA,Health,1
1088,University of Dundee,GBR,Universities,1
1089,Collaborative Innovation Center of Chemical Science and Engineering,CHN,Government,1
1090,Nanjing University of Information Science and Technology,CHN,Universities,1
1090,Universitatsklinikum Freiburg,DEU,Health,1
1092,Queen's University,CAN,Universities,1
1093,Laboratoire des Signaux et Systemes,FRA,Government,1
1094,Institut Europeen des Membranes,FRA,Government,1
1095,Pacific Northwest National Laboratory *,USA,Government,1
1096,China Mobile Communications Group Co Ltd *,CHN,Government,1
1097,University Hospital Maastricht,NLD,Health,1
1098,Universita degli Studi di Roma Tor Vergata,ITA,Universities,1
1099,"University of California, Santa Cruz",USA,Universities,1
1100,Hospital Universitario 12 de Octubre *,ESP,Health,1
1101,Georg-August-Universitat Gottingen,DEU,Universities,1
1102,Max Planck Institut fur Terrestrische Mikrobiologie,DEU,Government,1
1103,Richard L. Roudebush VA Medical Center,USA,Health,1
1104,Universita degli Studi di Milano-Bicocca,ITA,Universities,1
1105,Albert Einstein College of Medicine,USA,Universities,1
1105,Universitatsmedizin der Johannes Gutenberg-Universitat Mainz,DEU,Health,1
1107,Ajuntament de Barcelona *,ESP,Government,1
1107,Centro Nacional de Investigaciones Cardiovasculares,ESP,Health,1
1109,Joslin Diabetes Center,USA,Health,1
1110,Tongji Hospital,CHN,Health,1
1111,UConn Health,USA,Health,2
1112,National Jewish Health,USA,Health,1
1113,University of New Mexico *,USA,Universities,1
1114,Shanghai Medical College of Fudan University,CHN,Universities,1
1115,University of Malaya *,MYS,Universities,1
1116,"Institut de Chimie et Procedes pour l’Energie, l’Environnement et la Sante",FRA,Government,1
1117,Istituto di Biofisica,ITA,Government,1
1118,Ruhr-Universitat Bochum *,DEU,Universities,1
1119,Universita degli Studi di Pavia,ITA,Universities,1
1119,Wake Forest University *,USA,Universities,1
1121,National Cancer Centre,SGP,Health,2
1121,Seattle Children's Hospital *,USA,Health,2
1121,VIT University *,IND,Universities,1
1124,Catholic University of Louvain,BEL,Universities,1
1125,Houston Methodist,USA,Health,1
1126,Bill and Melinda Gates Foundation,USA,Non-Profit,1
1127,Universita degli Studi di Bari,ITA,Universities,1
1127,Kavli Institute for Cosmology,GBR,Government,1
1129,National Institute for Occupational Safety and Health,USA,Health,1
1130,Seoul National University Hospital *,KOR,Health,1
1131,"Hypertension Arterielle, Pulmonaire: Physiopathologie et Innovation Therapeutique",FRA,Companies,1
1132,Korea Research Institute of Chemical Technology,KOR,Government,1
1133,"Union Hospital, Tongji Medical College",CHN,Health,1
1133,Leibniz-Institut fur Altersforschung - Fritz-Lipmann-Institut,DEU,Government,1
1135,Universidad de Murcia *,ESP,Universities,1
1136,Indian Council of Agricultural Research *,IND,Government,1
1136,"Lanzhou Institute of Chemical Physics, Chinese Academy of Sciences",CHN,Government,1
1138,Agriculture and Agri-Food Canada,CAN,Government,1
1139,"Ford Motor Co, USA",USA,Companies,1
1140,"Medtronic Inc, USA",USA,Companies,1
1140,Karshi Engineering Economic Institute,UZB,Universities,1
1142,Philadelphia VA Medical Center,USA,Health,1
1143,"University of Hawaii, Manoa *",USA,Universities,1
1144,"Corning, USA",USA,Companies,1
1144,University of East Anglia *,GBR,Universities,1
1146,Royal Prince Alfred Hospital,AUS,Health,1
1146,Centre de Recherche en Cancerologie de Lyon,FRA,Government,1
1148,Raytheon Technologies Corporation *,MUL,Companies,2
1149,Universidad de Zaragoza *,ESP,Universities,1
1150,Lancaster University *,GBR,Universities,1
1150,"Bayer Corp, USA",USA,Companies,1
1152,Hangzhou Dianzi University,CHN,Universities,1
1153,"Kunming Institute of Zoology, Chinese Academy of Sciences",CHN,Government,1
1154,New York Presbyterian Hospital,USA,Health,1
1155,Politecnico di Torino *,ITA,Universities,1
1155,Center for Devices and Radiological Health,USA,Government,1
1157,NASA Ames Research Center,USA,Government,1
1158,Institute of Molecular and Clinical Ophthalmology Basel,CHE,Government,1
1159,Georgetown University Medical Center,USA,Health,1
1159,Deutsches Zentrum fur Luft- und Raumfahrt,DEU,Government,1
1161,Hackensack University Medical Center,USA,Health,1
1161,Atlanta VA Medical Center,USA,Health,1
1163,HCA Healthcare *,MUL,Health,2
1164,University of Warsaw,POL,Universities,1
1165,University of Delaware,USA,Universities,2
1165,"Institute of Optics and Electronics, Chinese Academy of Sciences",CHN,Government,1
1167,China Electronics Technology Group Corp *,CHN,Government,1
1168,NXP Semiconductors NV *,MUL,Companies,2
1169,Kavli Institute for Particle Astrophysics and Cosmology,USA,Government,1
1169,Kunming University of Science and Technology,CHN,Universities,1
1169,University of Tsukuba *,JPN,Universities,1
1172,Istituto Nazionale Malattie Infettive Lazzaro Spallanzani IRCCS,ITA,Health,1
1173,Centre Mediterraneen de Medecine Moleculaire,FRA,Government,1
1173,Advocate Health *,USA,Health,1
1175,Northwell Health *,USA,Health,1
1176,Fox Chase Cancer Center,USA,Health,1
1177,"Consejo Nacional de Humanidades, Ciencias y Tecnologias *",MEX,Government,1
1178,Drexel University,USA,Universities,1
1179,Universidad de Salamanca *,ESP,Universities,1
1180,Center for Nanoscale Materials,USA,Government,1
1181,Centro de Investigacion y Desarrollo Pascual Vila CS,ESP,Government,1
1182,Institute of Materials Research and Engineering,SGP,Government,2
1183,Institut de Genetique et Biologie Moleculaire et Cellulaire,FRA,Government,1
1183,Centre Leon-Berard *,FRA,Health,1
1185,National Center for Environmental Health,USA,Health,1
1185,National Institute of Advanced Industrial Science & Technology,JPN,Government,1
1187,National Cheng Kung University,TWN,Universities,1
1188,Guangxi University,CHN,Universities,1
1188,University of Turku,FIN,Universities,1
1190,Hopitaux Universitaires de Geneve,CHE,Health,1
1190,"European Space Agency, United States",USA,Government,1
1192,University of Otago,NZL,Universities,1
1193,Forschungszentrum Julich in der Helmholtz Gemeinschaft,DEU,Government,1
1194,"Springer Nature, New Zealand",NZL,Companies,1
1194,Universidade do Minho,PRT,Universities,1
1196,University of Durham,GBR,Universities,1
1197,Masaryk University,CZE,Universities,1
1197,Swiss Federal Laboratories for Materials Science and Technology,CHE,Government,1
1199,Ford Motor Company *,MUL,Companies,1
1199,Helsinki University Central Hospital,FIN,Health,1
1201,Shandong University of Science and Technology,CHN,Universities,1
1202,Max Planck Institut fur Mikrostrukturphysik,DEU,Government,2
1203,"Shanghai Institute of Ceramics, Chinese Academy of Sciences",CHN,Government,1
1204,"Synopsys, USA",USA,Companies,1
1205,Guangzhou Municipal People's Government *,CHN,Government,1
1206,University of Texas Medical Branch,USA,Universities,1
1207,Centro Pfizer - Universidad de Granada - Junta de Andalucia de Genomica e Investigacion Oncologica,ESP,Government,1
1207,Universite de Rennes 1 *,FRA,Universities,1
1209,"University of the Witwatersrand, Johannesburg",ZAF,Universities,1
1209,Istituto di Neuroscienze,ITA,Government,1
1209,Universitat zu Koln,DEU,Universities,1
1212,Corning *,MUL,Companies,2
1213,Peking University Shenzhen Graduate School,CHN,Universities,1
1214,Institut Necker Enfants Malades,FRA,Government,1
1215,University of Sussex *,GBR,Universities,1
1216,"World Health Organization, China",CHN,Health,1
1217,"BASF, Spain",ESP,Companies,1
1217,"Syngenta, United Kingdom",GBR,Companies,1
1219,Clalit Health Services *,ISR,Health,1
1220,Fundacion Josep Carreras *,ESP,Non-Profit,1
1221,Waters Corp *,MUL,Companies,2
1221,"Toshiba Corp, Japan",JPN,Companies,1
1221,VA Boston Healthcare System,USA,Health,1
1224,University of Cincinnati Medical Center,USA,Health,1
1224,Camden and Islington NHS Foundation Trust,GBR,Health,1
1224,Institute for Basic Science,KOR,Government,1
1227,"Institute of Basic Medical Sciences, Chinese Academy of Medical Sciences",CHN,Health,1
1228,Universite de Lorraine *,FRA,Universities,1
1229,Hospital for Sick Children,CAN,Health,1
1229,Tokyo Institute of Technology,JPN,Universities,1
1231,The Connecticut Agricultural Experiment Station,USA,Government,1
1231,Centro Nacional de Microbiologia,ESP,Health,1
1231,National Taiwan University Hospital,TWN,Health,1
1234,"Pfizer Inc, Spain",ESP,Companies,1
1234,Fritz Haber Institut Max Planck Gesellschaft,DEU,Government,1
1234,Ospedale Pediatrico Bambino Gesu,VAT,Health,1
1234,Fundacao Calouste Gulbenkian *,PRT,Non-Profit,1
1238,University of Indonesia,IDN,Universities,1
1239,Universitat d'Alacant *,ESP,Universities,1
1240,Loughborough University,GBR,Universities,1
1241,Instituto Cajal,ESP,Government,1
1242,La Trobe University *,AUS,Universities,1
1243,Umea University *,SWE,Universities,1
1243,Centre de Recherches en Cancerologie de Toulouse,FRA,Government,1
1245,Universitatsklinikum Essen,DEU,Health,2
1246,Royal North Shore Hospital,AUS,Health,1
1247,South Texas Veterans Health Care System,USA,Health,1
1248,York University,CAN,Universities,1
1249,"Weill Cornell Medicine, Qatar",QAT,Universities,1
1250,Baylor Scott & White Health *,USA,Health,2
1251,Northeast Agricultural University,CHN,Universities,1
1252,Florida International University,USA,Universities,1
1253,Universita degli Studi di Catania,ITA,Universities,1
1254,"Raytheon Co, USA",USA,Companies,1
1254,Sahlgrenska University Hospital,SWE,Health,1
1256,Iowa City VA Health Care System,USA,Health,1
1257,Queen Elizabeth Hospital Hong Kong,HKG,Health,2
1258,Australian Research Council *,AUS,Government,1
1259,Unite de Glycobiologie Structurale et Fonctionnelle,FRA,Government,1
1260,Westmead Hospital,AUS,Health,1
1261,Bundesinstitut fur Risikobewertung,DEU,Government,1
1262,Electronics Telecommunication Research Institute,KOR,Government,1
1263,Xunta de Galicia *,ESP,Government,1
1264,Temple Health,USA,Health,1
1264,Leibniz-Institut fur Neue Materialien,DEU,Government,1
1266,Chongqing Medical University *,CHN,Universities,1
1267,Atrium Health Wake Forest Baptist,USA,Health,1
1268,Sejong University,KOR,Universities,1
1268,MIT Kavli Institute for Astrophysics and Space Research,USA,Government,1
1270,Istituto Nazionale dei Tumori Fondazione Giovanni Pascale IRCCS,ITA,Health,1
1271,"Sandia National Laboratories, New Mexico",USA,Government,1
1272,Centro de Investigacion del Cancer,ESP,Government,1
1272,Finnish Geospatial Research Institute,FIN,Government,1
1272,Universitatsklinikum Tubingen,DEU,Health,1
1275,The General Hospital of the People's Liberation Army *,CHN,Health,1
1276,Beijing Academy of Artificial Intelligence,CHN,Non-Profit,1
1277,Honda Motor Co Ltd *,MUL,Companies,2
1278,Universita degli Studi di Trento,ITA,Universities,1
1278,"National Center for HIV, Viral Hepatitis, STD, and TB Prevention",USA,Health,1
1280,VA Long Beach Healthcare System,USA,Health,1
1281,Max Planck Institut fur Herz und Lungenforschung,DEU,Government,1
1282,Institut de Bioenginyeria de Catalunya,ESP,Government,1
1283,Qatar Foundation *,QAT,Non-Profit,1
1283,Max Planck Institut fur Chemische Energiekonversion,DEU,Government,1
1285,Swinburne University of Technology *,AUS,Universities,1
1286,George Mason University,USA,Universities,1
1287,Nantong University *,CHN,Universities,1
1288,Lunenfeld Tanenbaum Research Institute,CAN,Health,1
1289,"Institute of Information Engineering, Chinese Academy of Sciences",CHN,Government,1
1290,Guangzhou University,CHN,Universities,1
1291,Lawrence Livermore National Laboratory *,USA,Government,1
1292,Ajuntament de Badalona *,ESP,Government,1
1292,Etablissement Francais du Sang Aquitaine-Limousin *,FRA,Health,1
1294,National Center for Toxicological Research,USA,Government,1
1294,Chung-Ang University *,KOR,Universities,1
1296,University of Wisconsin Health,USA,Health,2
1297,Universite Cote d’Azur *,FRA,Universities,1
1298,Conselho Nacional de Desenvolvimento Cientifico e Tecnologico *,BRA,Government,1
1299,Virginia Mason Franciscan Health *,USA,Health,1
1300,First Affiliated Hospital of Zhengzhou University,CHN,Health,1
1301,The University of Newcastle,AUS,Universities,1
1302,Instituto Nacional de Enfermedades Respiratorias Ismael Cosio Villegas,MEX,Health,1
1302,Hackensack Meridian Health *,USA,Health,1
1304,Institute of Microelectronics,SGP,Government,2
1305,Universitatsklinikum Ulm,DEU,Health,1
1306,VTT Technical Research Centre of Finland,FIN,Government,1
1306,Oklahoma Medical Research Foundation,USA,Health,1
1306,Korea University of Science and Technology,KOR,Universities,1
1306,Basque Center for Macromolecular Design and Engineering,ESP,Government,1
1310,Universite de Nantes *,FRA,Universities,1
1311,Medtronic *,MUL,Companies,2
1312,Thales Group France SA,FRA,Companies,1
1313,University of Ulsan *,KOR,Universities,1
1314,Centro de Investigacion Biomedica en Red de Enfermedades Hepaticas y Digestivas,ESP,Health,1
1315,Institut Pasteur de Lille,FRA,Health,1
1316,Centro de Biotecnologia y Genomica de Plantas,ESP,Government,1
1316,Queen Mary Hospital Hong Kong,HKG,Health,2
1318,Hospital Clinico Universitario de Valencia *,ESP,Health,1
1319,Universidad Carlos III de Madrid *,ESP,Universities,1
1319,Academy of Military Sciences of the Chinese People's Liberation Army *,CHN,Government,1
1321,The Florida A&M University and The Florida State University College of Engineering,USA,Universities,1
1322,Glenn Research Center,USA,Government,1
1323,Universitatsklinikum Koln,DEU,Health,1
1323,Institut de Chimie des Substances Naturelles,FRA,Government,1
1323,Universidad Nacional de Colombia *,COL,Universities,1
1326,Institut de Microelectronica de Barcelona,ESP,Government,1
1327,PetroChina Co Ltd,CHN,Government,1
1328,Konkuk University *,KOR,Universities,1
1328,All India Institute of Medical Sciences,IND,Universities,1
1330,Tianjin Medical University *,CHN,Universities,1
1331,Nationwide Children's Hospital,USA,Health,1
1332,Xiangya Hospital Affiliated to Central South University,CHN,Health,1
1333,Vrije Universiteit Brussel,BEL,Universities,1
1334,University of Saskatchewan,CAN,Universities,1
1334,Marqueurs Cardiovasculaires en Situation de Stress,FRA,Government,1
1334,"Repsol, Spain",ESP,Companies,1
1334,"Chimie et Interdisciplinarite: Synthese, Analyse, Modelisation",FRA,Government,1
1338,Donghua University,CHN,Universities,1
1339,Centro de Quimica y Materiales de Aragon CS,ESP,Government,1
1340,The Christie NHS Trust,GBR,Health,1
1341,California Pacific Medical Center,USA,Health,1
1342,Istituto Nazionale di Fisica Nucleare *,ITA,Government,1
1343,"European Commission - Joint Research Centre Seville, Spain",ESP,Government,1
1344,Istituto Superiore di Sanita,ITA,Health,1
1345,Universite Libre de Bruxelles,BEL,Universities,1
1346,Medical College of Wisconsin,USA,Universities,2
1347,Aarhus University Hospital,DNK,Health,2
1348,United Nations International Children's Emergency Fund,MUL,Non-Profit,1
1349,Northumbria University,GBR,Universities,1
1350,Van Andel Institute,USA,Health,1
1350,Ministry of Industry and Information Technology *,CHN,Government,1
1350,Thales Group *,MUL,Companies,2
1353,Universitatsklinikum Gottingen,DEU,Health,2
1354,Portland VA Medical Center,USA,Health,1
1355,British Library,GBR,Government,1
1355,Guangzhou Medical University *,CHN,Universities,1
1357,"Chang Gung Memorial Hospital, Taoyuan",TWN,Health,1
1358,Justus-Liebig-Universitat Giessen *,DEU,Universities,1
1358,"China Medical University, Shenyang *",CHN,Universities,1
1358,Medical University of South Carolina *,USA,Universities,2
1361,"Louisiana State University, Baton Rouge",USA,Universities,1
1361,Technische Universitat Graz *,AUT,Universities,1
1363,BioTechMed-Graz,AUT,Government,1
1363,"Instituto de Investigacion Sanitaria FJD, UAM",ESP,Health,1
1365,Fresenius Medical Care AG & Co KGaA *,MUL,Health,1
1365,University of Nebraska Medical Center,USA,Universities,2
1365,Centre Hospitalier Regional Universitaire de Lille *,FRA,Health,1
1365,The Children's Hospital at Westmead,AUS,Health,1
1369,Ben-Gurion University of the Negev *,ISR,Universities,1
1369,Universita degli Studi di Palermo,ITA,Universities,1
1371,Friedrich Loeffler Institutes Bundesforschungsinstitut fur Tiergesundheit,DEU,Government,1
1372,Universitatsklinikum Carl Gustav Carus Dresden,DEU,Health,2
1373,Technische Universitat Darmstadt,DEU,Universities,2
1373,"Ministerio de Ciencia, Innovacion y Universidades *",ESP,Government,1
1375,"Fondazione IRCCS Ospedale Maggiore Policlinico, Mangiagalli e Regina Elena",ITA,Health,1
1376,Athinoula A Martinos Center for Biomedical Imaging,USA,Health,1
1377,South China Normal University,CHN,Universities,1
1378,Luxembourg Institute of Health,LUX,Health,1
1379,Pusan National University,KOR,Universities,1
1380,Sun Yat-sen University Cancer Center,CHN,Health,1
1381,National Institute for Public Health and the Environment,NLD,Health,1
1381,Institut de la Vision,FRA,Government,1
1383,IHU Mediterranee Infection,FRA,Health,1
1384,Universidade de Santiago de Compostela *,ESP,Universities,1
1385,University of Pretoria,ZAF,Universities,1
1386,Robert Koch Institut,DEU,Government,1
1387,The University of Reading,GBR,Universities,1
1388,Telefonica *,MUL,Companies,2
1389,University of Arizona Health Sciences,USA,Health,1
1390,Donald Danforth Plant Science Center,USA,Non-Profit,1
1390,Singapore Institute of Manufacturing Technology,SGP,Government,2
1392,"Exploration and Petroleum Engineering Advanced Research Center, SAU",SAU,Companies,1
1393,National Tsing Hua University,TWN,Universities,1
1394,Georgia State University,USA,Universities,1
1395,Junta de Andalucia Granada,ESP,Government,1
1396,Skane University Hospital,SWE,Health,1
1397,US Environmental Protection Agency,USA,Government,1
1398,Waseda University,JPN,Universities,1
1398,Met Office,GBR,Government,1
1400,London School of Economics and Political Science,GBR,Universities,1
1400,BMJ Group,GBR,Companies,1
1402,Universita degli Studi di Modena e Reggio Emilia,ITA,Universities,1
1402,Thomas Jefferson University *,USA,Universities,2
1404,Universidad de Buenos Aires *,ARG,Universities,1
1404,General Electric Company *,MUL,Companies,2
1406,World Bank Group *,MUL,Non-Profit,1
1406,South Eastern Sydney Local Health District *,AUS,Health,1
1408,VA Eastern Colorado Health Care System,USA,Health,1
1409,"Hyundai Motor Co, South Korea",KOR,Companies,1
1409,GeneDx,USA,Companies,1
1411,Universita degli Studi della Campania Luigi Vanvitelli,ITA,Universities,1
1412,Henan University *,CHN,Universities,1
1413,Cochrane *,MUL,Health,1
1413,Fondazione Bruno Kessler,ITA,Non-Profit,1
1415,Tulane University,USA,Universities,1
1416,"Telefonica SA, Spain",ESP,Companies,1
1416,"Mitsubishi Electric Corp, Japan",JPN,Companies,1
1416,"Centro de Investigacion Biomedica en Red sobre Enfermedades Neurodegenerativas, Madrid",ESP,Health,1
1416,Fundacio per al Foment de la Investigacio Sanitaria i Biomedica,ESP,Non-Profit,1
1420,Zhongshan Hospital,CHN,Health,1
1420,Anhui University,CHN,Universities,1
1422,University of Chicago Medical Center,USA,Health,2
1422,Centro Superior de Investigacion en Salud Publica *,ESP,Health,1
1424,William S Middleton Memorial Veterans Hospital,USA,Health,1
1425,The University of Kent,GBR,Universities,1
1426,Agroscope,CHE,Government,1
1427,Servicio Andaluz de Salud Sevilla,ESP,Health,1
1428,Universidad de Malaga *,ESP,Universities,1
1428,University of Guelph,CAN,Universities,1
1430,Swedish University of Agricultural Sciences,SWE,Universities,1
1430,University of St. Andrews,GBR,Universities,1
1432,University of KwaZulu-Natal *,ZAF,Universities,1
1433,Semmelweis University,HUN,Universities,1
1433,Massachusetts Department of Public Health,USA,Health,2
1435,Consejeria de Salud Sevilla,ESP,Health,1
1436,Generalitat de Catalunya Tarragona,ESP,Government,1
1437,Universitat Stuttgart,DEU,Universities,2
1438,West Virginia University *,USA,Universities,1
1438,Tata Group *,MUL,Companies,2
1438,Xunta de Galicia A Coruna,ESP,Government,1
1441,Swansea University,GBR,Universities,1
1442,University of Texas Health Science Center at San Antonio,USA,Universities,2
1443,"International Centre for Genetic Engineering and Biotechnology, Trieste",ITA,Government,1
1444,San Francisco General Hospital,USA,Health,2
1445,VA Connecticut Healthcare System,USA,Health,1
1446,Universita degli Studi di Verona,ITA,Universities,1
1447,COMSATS Institute of Information Technology *,PAK,Universities,1
1448,Fraunhofer Institut fur Solare Energiesysteme,DEU,Government,1
1449,"Grupo Hospitalario Quironsalud, Spain",ESP,Health,1
1450,Institut de Recerca contra la Leucemia Josep Carreras,ESP,Health,1
1451,Infineon Technologies *,MUL,Companies,2
1452,Grupo Hospitalario Quironsalud,MUL,Health,2
1452,Telecom SudParis *,FRA,Universities,1
1454,Istituto di Cristallografia,ITA,Government,1
1455,Health Data Research UK,GBR,Non-Profit,1
1456,Manchester University NHS Foundation Trust,GBR,Health,1
1456,Ecole Superieure de Physique et de Chimie Industrielles de la Ville de Paris,FRA,Universities,1
1458,Chang'an University,CHN,Universities,1
1458,Global Health Center,USA,Health,1
1460,Advanced Institutes of Convergence Technology,KOR,Government,1
1461,Complejo Hospitalario Regional Reina Sofia,ESP,Health,1
1461,Junta de Castilla y Leon Salamanca,ESP,Government,1
1461,"Centro de Investigacion Biomedica en Red en Bioingenieria, Biomateriales y Nanomedicina",ESP,Health,1
1464,Centre Hospitalier Universitaire de Nantes *,FRA,Health,1
1465,Forsyth Institute,USA,Health,1
1466,China National Rice Research Institute,CHN,Government,1
1467,Royal Papworth Hospital NHS Foundation Trust,GBR,Health,1
1468,Institut Paoli Calmettes,FRA,Health,1
1469,Universita degli Studi di Parma,ITA,Universities,1
1469,Universite de Liege,BEL,Universities,1
1471,Red de Institutos IMDEA *,ESP,Government,1
1472,"Huawei Noah's Ark Lab, Canada",CAN,Companies,1
1473,Ministerio da Saude,BRA,Health,1
1474,Wellstar MCG Health,USA,Health,1
1474,Rensselaer Polytechnic Institute,USA,Universities,1
1476,VA Ann Arbor Healthcare System,USA,Health,1
1477,Hospital Universitario La Paz,ESP,Health,1
1478,Universitatsklinikum Erlangen,DEU,Health,2
1479,"Prince of Wales Hospital, Hong Kong",HKG,Health,1
1479,Technische Universitat Wien *,AUT,Universities,1
1481,Institut pour l'Avancee des Biosciences,FRA,Government,1
1481,Ministry of Health,SGP,Health,1
1481,Stellenbosch University,ZAF,Universities,1
1481,NASA Goddard Institute for Space Studies,USA,Government,1
1485,National Institute on Minority Health and Health Disparities,USA,Health,1
1486,Conselleria do Medio Rural Ourense,ESP,Government,1
1487,Brookhaven National Laboratory *,USA,Government,1
1488,VA Salt Lake City Health Care System,USA,Health,1
1488,BGC Trust University Bangladesh,BGD,Universities,1
1490,Queensland Institute of Medical Research,AUS,Health,1
1490,"Changchun Institute of Optics Fine Mechanics and Physics, Chinese Academy of Sciences",CHN,Government,1
1490,Science and Technology Facilities Council,GBR,Government,1
1493,"Abbott Laboratories, United States",USA,Companies,1
1493,Toronto Western Hospital,CAN,Health,1
1495,Instituto de Ciencia de Materiales de Madrid,ESP,Government,1
1496,University of Virginia Health System,USA,Health,2
1496,NASA Langley Research Center,USA,Government,1
1498,University of South Alabama Health System,USA,Health,1
1499,Christian-Albrechts-Universitat zu Kiel,DEU,Universities,1
1499,NHS Tayside,GBR,Health,1
1499,Rutgers Cancer Institute of New Jersey,USA,Health,1
1502,Ecole Nationale Superieure de Chimie de Paris,FRA,Universities,1
1503,Miami VA Healthcare System,USA,Health,1
1504,Ikerbasque-Basque Foundation for Science *,ESP,Non-Profit,1
1505,Concordia University,CAN,Universities,1
1506,CIC biomaGUNE,ESP,Government,1
1506,Rush University *,USA,Universities,2
1506,Max Planck Institut fur Chemische Okologie,DEU,Government,1
1509,"Institute of Process Engineering, Chinese Academy of Sciences",CHN,Government,1
1509,City University of New York Graduate Center,USA,Universities,1
1511,Hainan University,CHN,Universities,1
1512,Reseau sur le Stockage Electrochimique de l’Energie,FRA,Government,1
1512,"World Health Organization, Congo",COG,Health,1
1512,Beijing Technology and Business University,CHN,Universities,1
1515,Stevens Institute of Technology,USA,Universities,1
1516,Institut de Psychiatrie et Neurosciences de Paris,FRA,Government,1
1517,Sichuan Agricultural University,CHN,Universities,1
1518,Ajou University,KOR,Universities,1
1518,Clemson University,USA,Universities,2
1520,University of Victoria,CAN,Universities,1
1521,VA Richmond Health Care,USA,Health,1
1522,Humanitas University *,ITA,Universities,1
1522,"University of Illinois, College of Medicine at Chicago",USA,Health,2
1524,Universitat Regensburg *,DEU,Universities,2
1525,Max Planck Institut fur Struktur und Dynamik der Materie,DEU,Government,1
1526,Singapore Eye Research Institute,SGP,Health,1
1526,Istituto di Nanotecnologia,ITA,Government,1
1528,Centenary Institute of Cancer Medicine and Cell Biology,AUS,Health,1
1529,Junta de Castilla y Leon *,ESP,Government,1
1530,"Dr Margarete Fischer-Bosch Institut fur Klinische Pharmakologie, Germany",DEU,Health,1
1530,Ludwig Boltzmann Institute for Traumatology,AUT,Health,1
1532,Unity Health Toronto *,CAN,Health,1
1532,Taiyuan University of Technology,CHN,Universities,1
1532,Centre for Eye Research Australia,AUS,Health,1
1532,VA Puget Sound Health Care System,USA,Health,1
1536,Centro de Investigacion Biomedica en Red sobre Enfermedades Neurodegenerativas,ESP,Health,1
1536,"Institute of Acoustics, Chinese Academy of Sciences",CHN,Government,1
1538,Institut de Recerca Hospital Universitari Vall d'Hebron,ESP,Health,1
1539,Universitat fur Bodenkultur Wien *,AUT,Universities,1
1540,"New York University, Abu Dhabi",ARE,Universities,1
1541,Conselleria de Sanitat Universal i Salut Publica Valencia,ESP,Health,1
1542,Universidade de Aveiro,PRT,Universities,1
1543,University Hospital Southampton NHS Foundation Trust,GBR,Health,1
1543,"Services Repartis, Architectures, Modelisation, Validation, Administration des Reseaux",FRA,Government,1
1545,Cardiovascular Research Foundation,USA,Health,1
1546,Consorzio Nazionale Interuniversitario per le Telecomunicazioni,ITA,Government,1
1547,Renji Hospital,CHN,Health,1
1547,Institut des Biomolecules Max Mousseron,FRA,Government,1
1549,Centrale Supelec,FRA,Universities,1
1549,Royal Free London NHS Foundation Trust,GBR,Health,1
1551,Los Alamos National Laboratory *,USA,Government,1
1551,Perron Institute for Neurological and Translational Science,AUS,Health,1
1551,National Heart Centre Singapore,SGP,Health,2
1551,Charite Campus Virchow Klinikum,DEU,Health,2
1555,Vitalant *,USA,Health,1
1555,"Institute of Geographic Sciences and Natural Resources Research, Chinese Academy of Sciences",CHN,Government,1
1557,Universitatsklinikum Wurzburg,DEU,Health,2
1557,Hospital Universitario Santa Cristina *,ESP,Health,1
1557,Medizinische Universitat Graz *,AUT,Universities,1
1557,Museum National d'Histoire Naturelle *,FRA,Government,1
1557,USF Health,USA,Universities,1
1557,Universidade Federal de Santa Catarina *,BRA,Universities,1
1563,Birmingham VA Health Care System,USA,Health,1
1563,Max Planck Institut fur Festkorperforschung,DEU,Government,1
1563,Institut fur Quantenoptik und Quanteninformation Osterreichische Akademie der Wissenschaften,AUT,Government,1
1566,Centre Interuniversitaire de Recherche et d'Ingenierie des Materiaux,FRA,Government,1
1566,"Procter & Gamble,  United States",USA,Companies,1
1566,Catholic University of Korea *,KOR,Universities,1
1569,Sheba Medical Center,ISR,Health,1
1569,Rush University Medical Center,USA,Health,2
1571,Eusko Jaurlaritza *,ESP,Government,1
1571,Servizo Galego de Saude A Coruna,ESP,Health,1
1573,Netherlands Institute for Neuroscience,NLD,Government,1
1573,Max Planck Institut fur Evolutionare Anthropologie,DEU,Government,1
1575,Wadsworth Center,USA,Health,1
1575,Istituto Europeo di Oncologia,ITA,Health,1
1577,Istituto di Farmacologia Traslazionale,ITA,Government,1
1577,Maurice Wilkins Centre,NZL,Government,1
1579,VA Nebraska-Western Iowa Health Care System,USA,Health,1
1580,Hospital Universitario HM Sanchinarro,ESP,Health,1
1580,National University Health System *,SGP,Health,1
1582,Abbott Laboratories *,MUL,Companies,2
1583,National University Cancer Institute,SGP,Health,2
1583,Joint Institute for Laboratory Astrophysics,USA,Government,2
1583,Hospital Infantil Universitario Nino Jesus *,ESP,Health,1
1586,Tokyo Medical and Dental University,JPN,Universities,1
1586,Handong Global University,KOR,Universities,1
1588,Meteo-France *,FRA,Government,1
1589,Conselleria de Sanidad A Coruna,ESP,Health,1
1590,Max Planck Institut fur Biogeochemie,DEU,Government,1
1590,"Xinjiang Technical Institute of Physics and Chemistry, Chinese Academy of Sciences",CHN,Government,1
1592,Universitatsklinikum Schleswig-Holstein,DEU,Health,1
1593,St Michael's Hospital Toronto,CAN,Health,1
1594,Hospital das Clinicas da Faculdade de Medicina da Universidade de Sao Paulo,BRA,Health,1
1595,Henry Ford Health System,USA,Health,2
1596,Moorfields Eye Hospital NHS Trust,GBR,Health,1
1597,Qilu University of Technology,CHN,Universities,1
1598,Texas A&M Health,USA,Universities,2
1598,Osterreichische Akademie der Wissenschaften *,AUT,Government,1
1598,VA Pittsburgh Healthcare System,USA,Health,1
1601,"Tata Group, India",IND,Companies,1
1602,State Grid Shandong Electric Power Co,CHN,Government,1
1603,VA Greater Los Angeles Healthcare System,USA,Health,1
1603,Universite du Luxembourg,LUX,Universities,1
1605,Generalitat de Catalunya Girona,ESP,Government,1
1605,Dongguk University *,KOR,Universities,1
1607,Universitat des Saarlandes *,DEU,Universities,2
1608,Institut de Biologie Paris-Seine,FRA,Government,1
1608,King Fahd Medical Research Center,SAU,Health,1
1610,Universita degli Studi di Perugia,ITA,Universities,1
1611,Jiangsu Provincial Government *,CHN,Government,1
1612,Fundacao Champalimaud,PRT,Health,1
1612,Centre de Recherche Translationnelle en Medecine Moleculaire,FRA,Government,1
1614,Gachon University,KOR,Universities,1
1615,Nanjing Normal University,CHN,Universities,1
1615,National Institute of Genetics,JPN,Health,1
1615,Inova Fairfax Medical Campus,USA,Health,2
1615,"Immunologie Conceptuelle, Experimentale et Translationnelle",FRA,Government,1
1619,Hiroshima University *,JPN,Universities,1
1619,Barcelona Supercomputing Center,ESP,Government,1
1621,Tianjin University of Science and Technology,CHN,Universities,1
1621,Universitat Rovira i Virgili *,ESP,Universities,1
1621,Environment Canada,CAN,Government,1
1624,"Centro de Investigacion Biomedica en Red en Bioingenieria, Biomateriales y Nanomedicina, Barcelona",ESP,Health,1
1625,Chungnam National University,KOR,Universities,1
1626,Cranfield University,GBR,Universities,1
1627,"Kaiser Permanente Southern California, Pasadena",USA,Health,1
1627,Institut de Science et d'Ingenierie Supramoleculaires,FRA,Government,1
1629,"ExxonMobil, USA",USA,Companies,1
1630,Anhui Agricultural University,CHN,Universities,1
1630,Helmholtz Institute Ulm,DEU,Government,1
1632,University of Aberdeen,GBR,Universities,1
1632,Daegu Gyeongbuk Institute of Science and Technology,KOR,Universities,1
1632,Instituto IMDEA Energia,ESP,Government,1
1632,National Health Research Institutes,TWN,Health,1
1636,Oxford Health NHS Foundation Trust,GBR,Health,1
1637,Singapore National Eye Centre *,SGP,Health,1
1637,Medizinische Universitat Innsbruck *,AUT,Universities,1
1639,Hamad Bin Khalifa University *,QAT,Universities,1
1640,"Guangdong Institute of Microbiology, GDAS",CHN,Government,1
1640,Procter & Gamble Co *,MUL,Companies,2
1642,Institute of Molecular Biology and Biotechnology,GRC,Government,1
1642,Universita Vita-Salute San Raffaele,ITA,Universities,1
1644,Victor Chang Cardiac Research Institute,AUS,Health,1
1645,"Sandia National Laboratories, California",USA,Government,1
1646,Parc de Salut Mar de Barcelona *,ESP,Health,1
1647,Gadjah Mada University,IDN,Universities,1
1647,Istituto di Tecnologie Biomediche,ITA,Government,1
1649,"University of Texas, San Antonio",USA,Universities,2
1650,Fondazione IRCCS Istituto Nazionale Tumori di Milano,ITA,Health,1
1650,Irish Agriculture and Food Development Authority,IRL,Government,1
1652,Universitat Potsdam *,DEU,Universities,1
1652,Shahid Beheshti University of Medical Sciences and Health Services *,IRN,Universities,1
1652,West China Hospital of Stomatology,CHN,Health,1
1655,Harbin Medical University *,CHN,Universities,1
1656,"China University of Petroleum, Beijing",CHN,Universities,1
1657,China Electric Power Research Institute,CHN,Government,1
1658,"Kinderspital Zurich, Universitats-Kinderklinik",CHE,Health,2
1659,National Physical Laboratory,GBR,Government,1
1659,Kavli Institute for Cosmological Physics,USA,Government,1
1661,Gwangju Institute of Science and Technology,KOR,Universities,1
1661,Basque Research and Technology Alliance *,ESP,Government,1
1663,Michael E DeBakey VA Medical Center,USA,Health,1
1664,Aichi Cancer Center Research,JPN,Health,1
1664,University of Johannesburg,ZAF,Universities,1
1666,Second Military Medical University *,CHN,Universities,1
1667,Sinai Health *,CAN,Health,1
1667,Rutherford Appleton Laboratory,GBR,Government,2
1669,"Prince of Wales Hospital, Australia",AUS,Health,1
1670,Istituto di Biologia e Patologia Molecolari,ITA,Government,1
1670,Indian Institute of Science,IND,Universities,1
1670,Universitatsklinikum Bonn,DEU,Health,2
1670,Universidad de Oviedo *,ESP,Universities,1
1674,Centre Hospitalier de l'Universite de Montreal,CAN,Health,1
1675,First Hospital of Jilin University,CHN,Health,1
1676,Instituto de Recursos Naturales y Agrobiologia de Sevilla,ESP,Government,1
1676,University of Tartu,EST,Universities,1
1678,Universitat Innsbruck *,AUT,Universities,1
1679,"Fujian Institute of Research On the Structure of Matter, Chinese Academy of Sciences",CHN,Government,1
1680,Instituto de Salud Global de Barcelona,ESP,Health,1
1680,NHS Lothian,GBR,Health,2
1682,Chevron Corp,USA,Companies,1
1683,Institut de Chimie de la Matiere Condensee de Bordeaux,FRA,Government,1
1684,Ecole Nationale Superieure de Chimie de Montpellier *,FRA,Universities,1
1685,Hospital Universitario Ramon y Cajal *,ESP,Health,1
1685,Universite Paris-Est Creteil *,FRA,Universities,1
1687,Chonnam National University,KOR,Universities,1
1688,Barts and the London NHS Trust,GBR,Health,1
1689,Martin-Luther-Universitat Halle-Wittenberg *,DEU,Universities,1
1689,Max Planck Institut fur die Physik des Lichts,DEU,Government,2
1691,Tsinghua-Berkeley Shenzhen Institute,CHN,Government,1
1691,"Hefei Institutes of Physical Sciences, Chinese Academy of Sciences",CHN,Government,1
1693,Shanghai Institute of Microsystem and Information Technology,CHN,Government,1
1693,Centro de Edafologia y Biologia Aplicada del Segura,ESP,Government,2
1695,Max Planck Institut fur Evolutionsbiologie,DEU,Government,1
1696,Sherbrooke University,CAN,Universities,1
1697,Universite de Toulouse *,FRA,Universities,1
1698,Fraunhofer Institut fur Translationale Medizin und Pharmakologie,DEU,Government,2
1699,Hospital Universitario Fundacion Jimenez Diaz,ESP,Health,1
1700,University of Kentucky HealthCare,USA,Health,2
1701,Diamond Light Source,GBR,Government,1
1701,Melanoma Institute Australia,AUS,Government,1
1703,University Hospitals of Cleveland *,USA,Health,2
1704,King Fahd University of Petroleum and Minerals,SAU,Universities,1
1705,State Grid Jiangsu Electric Power Co,CHN,Government,1
1706,Army Medical University *,CHN,Universities,1
1706,Synopsys Inc *,MUL,Companies,2
1706,Gobierno de Navarra *,ESP,Government,1
1709,Universita degli Studi di Messina,ITA,Universities,1
1710,Coordenacao de Aperfeicoamento de Pessoal de Nivel Superior,BRA,Government,1
1710,Centre de Recherche de l'Institut du Cerveau et de la Moelle Epiniere,FRA,Government,1
1710,University Hospital Antwerp,BEL,Health,2
1713,Laboratorio Nacional de Astrofisica *,BRA,Government,1
1714,SFI Research Centre for Advanced Materials and BioEngineering Research - Amber,IRL,Government,1
1715,Unilever *,MUL,Companies,2
1716,AgriBio Centre for AgriBioscience,AUS,Government,1
1717,University of Tasmania,AUS,Universities,2
1717,Generalitat Valenciana *,ESP,Government,1
1719,"Manipal Academy of Higher Education, India",IND,Universities,1
1719,Parque Tecnologico de Euskadi *,ESP,Non-Profit,1
1721,Kansas State University,USA,Universities,2
1721,Public Health Wales,GBR,Health,2
1723,"National Institutes of Biomedical Innovation, Health and Nutrition",JPN,Health,1
1723,Ghent University Hospital,BEL,Health,2
1723,University Hospitals Birmingham NHS Foundation Trust,GBR,Health,2
1723,"Johnson & Johnson, United States",USA,Companies,1
1727,National Institute of Oncology,HUN,Government,1
1727,"Kaiser Permanente, Oakland",USA,Health,1
1729,Generalitat Valenciana Valencia,ESP,Government,1
1730,Texas Children's Hospital,USA,Health,2
1731,"Institut Catala d'Oncologia, Girona",ESP,Health,1
1732,South Central University for Nationalities,CHN,Universities,1
1733,Kavli Institute for Theoretical Physics,USA,Government,1
1734,Guizhou University,CHN,Universities,1
1735,Universita degli Studi di Salerno,ITA,Universities,1
1735,Mount Sinai Hospital,CAN,Health,1
1735,Kobe University *,JPN,Universities,1
1735,Royal Melbourne Hospital,AUS,Health,1
1735,Chiang Mai University,THA,Universities,1
1740,Taipei Veterans General Hospital,TWN,Health,1
1740,Hospital General Universitario Gregorio Maranon *,ESP,Health,1
1740,Dalian Maritime University,CHN,Universities,1
1740,Institut Catala d'Energia,ESP,Government,1
1740,Cross Cancer Institute,CAN,Health,1
1745,Boehringer Ingelheim Stiftung *,DEU,Non-Profit,1
1746,"Institute of Physics, Chinese Academy of Sciences",CHN,Government,1
1746,Hubei University,CHN,Universities,1
1746,"University of Technology, Malaysia",MYS,Universities,1
1749,Hong Kong Baptist University,HKG,Universities,2
1749,Instituto Tecnologico y de Estudios Superiores de Monterrey *,MEX,Universities,1
1751,VA NY Harbor Healthcare System,USA,Health,1
1752,Mossakowski Medical Research Centre Polish Academy of Sciences,POL,Government,1
1752,State Key Laboratory of Cryptology,CHN,Government,1
1752,University of Jinan,CHN,Universities,1
1752,Universidade Federal do Parana,BRA,Universities,1
1752,Shaanxi University of Science and Technology,CHN,Universities,1
1757,Korea Brain Research Institute,KOR,Government,1
1757,Purple Mountain Laboratory,CHN,Government,1
1759,Linkou Chang Gung Memorial Hospital,TWN,Health,1
1759,National Institute for Materials Science,JPN,Government,1
1761,"Departament d'Accio Climatica, Alimentacio i Agenda Rural Barcelona",ESP,Government,1
1762,"Centro de Investigacion Biomedica en Red en Bioingenieria, Biomateriales y Nanomedicina, Madrid",ESP,Health,1
1763,Translational Research Institute,AUS,Companies,1
1763,University of Eastern Finland,FIN,Universities,1
1765,University of South Australia,AUS,Universities,2
1765,General Motors Company *,MUL,Companies,1
1767,Princess Margaret Hospital Hong Kong,HKG,Health,2
1768,Mount Sinai Hospital,USA,Health,1
1769,Ningbo University,CHN,Universities,1
1769,Instituto Goncalo Moniz,BRA,Health,1
1771,Infineon Technologies Germany,DEU,Companies,1
1772,Mario Negri Istituto di Ricerche Farmacologiche,ITA,Health,1
1773,Royal Netherlands Meteorological Institute,NLD,Government,2
1774,Gobierno de Aragon *,ESP,Government,2
1774,Diputacion Foral de Guipuzcoa *,ESP,Government,1
1776,University of Louisville *,USA,Universities,2
1776,Fimlab Laboratories,FIN,Health,1
1778,National Bureau of Economic Research,USA,Non-Profit,1
1778,"University of California, Merced",USA,Universities,2
1780,Changsha University of Science and Technology,CHN,Universities,1
1780,"Toyota Motor Corp, Japan",JPN,Companies,1
1782,National Institute for Health and Welfare,FIN,Health,1
1782,Harry Perkins Institute of Medical Research,AUS,Health,1
1782,Lankenau Institute for Medical Research,USA,Health,1
1785,Utah State University *,USA,Universities,2
1785,"Unilever, United Kingdom",GBR,Companies,1
1787,"Indian Institute of Technology, Kharagpur",IND,Universities,1
1787,Max Planck UCL Centre for Computational Psychiatry and Ageing Research,DEU,Government,1
1789,Max Planck Institut fur Biologische Kybernetik,DEU,Government,2
1790,"Pfizer Inc, United Kingdom",GBR,Companies,1
1791,Public Health Scotland,GBR,Health,1
1791,"Institute of Zoology, Chinese Academy of Sciences",CHN,Government,1
1793,Chonbuk National University *,KOR,Universities,1
1794,University of Mississippi *,USA,Universities,2
1794,Chang Gung University,TWN,Universities,1
1796,National Center of Neurology and Psychiatry,JPN,Health,1
1797,Secretaria de Salud de Mexico *,MEX,Health,1
1798,The Nottingham Trent University,GBR,Universities,2
1799,Eurecat Centre Tecnologic de Catalunya *,ESP,Non-Profit,1
1800,James A Haley Veterans Hospital,USA,Health,1
1800,Ludwig Boltzmann Gesellschaft *,AUT,Government,1
1802,"Aerospace Information Research Institute, Chinese Academy of Sciences",CHN,Government,1
1802,Institut du Thorax,FRA,Government,1
1802,Max Planck Institut fur Softwaresysteme,DEU,Government,2
1805,"Northwest University, Xi'an",CHN,Universities,1
1806,NASA Johnson Space Center,USA,Government,1
1807,People's Government of Zhejiang Province *,CHN,Government,1
1807,Royal Children's Hospital Melbourne,AUS,Health,2
1809,Sylhet Agricultural University,BGD,Universities,1
1809,Wuhan National Laboratory for Optoelectronics,CHN,Government,1
1809,National Center for Global Health and Medicine,JPN,Health,1
1812,Inova Health System *,USA,Health,2
1812,ExxonMobil *,MUL,Companies,2
1814,Durham VA Medical Center,USA,Health,1
1815,"Institute of Software, Chinese Academy of Science",CHN,Government,1
1815,Centre de Recherche sur l'Inflammation,FRA,Government,1
1817,Brigham Young University,USA,Universities,2
1817,Centro de Investigaciones sobre Desertificacion,ESP,Government,1
1817,"City University of New York, City College",USA,Universities,2
1820,Institut de Diagnosi Ambiental i Estudis de l'Aigua,ESP,Government,1
1820,New Jersey Institute of Technology,USA,Universities,1
1820,Peking Union Medical College Hospital Beijing,CHN,Health,1
1823,Africa Health Research Institute,ZAF,Health,1
1824,Hopp-Kindertumorzentrum Heidelberg,DEU,Health,1
1825,Leibniz Institut fur Naturstoff-Forschung und Infektionsbiologie e.V. Hans-Knoll-Institut,DEU,Government,1
1826,Taipei Medical University,TWN,Universities,1
1827,NASA Marshall Space Flight Center,USA,Government,1
1827,State Key Joint Laboratory of Integrated Optoelectronics,CHN,Government,1
1829,Hospital Universitario Puerta de Hierro Majadahonda *,ESP,Health,1
1829,Eusko Jaurlaritza Guipuzcoa,ESP,Government,1
1829,Instituto de la Grasa de Sevilla,ESP,Government,2
1829,Hebei University of Technology,CHN,Universities,1
1833,Universita degli Studi di Trieste,ITA,Universities,1
1833,Aston University,GBR,Universities,2
1833,Complejo Universitario de San Carlos *,ESP,Health,1
1836,Auburn University,USA,Universities,2
1837,Kaiser Permanente *,USA,Health,1
1837,Ecole Nationale Superieure des Mines de Paris,FRA,Universities,1
1839,Telecom ParisTech,FRA,Universities,1
1840,The Manchester Metropolitan University,GBR,Universities,2
1840,"Indian Institute of Technology, Delhi",IND,Universities,1
1842,Ruijin Hospital,CHN,Health,1
1842,Paul Scherrer Institute,CHE,Government,2
1844,Sunnybrook Health Sciences Centre,CAN,Health,1
1845,Universite de Lyon,FRA,Universities,1
1846,"University of Texas, Arlington",USA,Universities,2
1847,The Leeds Teaching Hospitals NHS Trust,GBR,Health,2
1848,Texas Tech University,USA,Universities,2
1849,Finnish Meteorological Institute,FIN,Government,1
1849,Air Force Medical University *,CHN,Universities,1
1851,"Kunming Institute of Botany, Chinese Academy of Science",CHN,Government,1
1851,University of Western Sydney,AUS,Universities,2
1853,Repsol *,MUL,Companies,2
1853,Instituto Nacional de Pesquisas Espaciais,BRA,Government,1
1853,Philipps-Universitat Marburg *,DEU,Universities,1
1856,Royal Brisbane and Women's Hospital *,AUS,Health,2
1857,Florey Neuroscience Institutes,AUS,Health,1
1857,Universitatsklinikums Aachen,DEU,Health,2
1859,Massachusetts Eye and Ear Infirmary,USA,Health,1
1859,Universidad de Cordoba *,ESP,Universities,1
1861,Dublin City University,IRL,Universities,1
1861,Centre Hospitalier Universitaire de Quebec,CAN,Health,1
1863,Centre Hospitalier Universitaire de Montpellier *,FRA,Health,1
1864,Concord Hospital,AUS,Health,1
1865,Centre Tecnologic de Telecomunicacions de Catalunya,ESP,Government,1
1866,Max Planck Institut fur Chemische Physik Fester Stoffe,DEU,Government,2
1867,Max Planck Institut fur Dynamik Komplexer Technischer Systeme,DEU,Government,2
1867,Hospital Universitari de Bellvitge,ESP,Health,2
1869,Rabin Medical Center,ISR,Health,1
1870,Saint Petersburg State University,RUS,Universities,1
1870,Istituto Nanoscienze,ITA,Government,1
1872,Charite Campus Benjamin Franklin,DEU,Health,2
1872,VCU Medical Center,USA,Health,2
1874,"General Motors Company, United States",USA,Companies,1
1874,Helios Kliniken Berlin-Buch,DEU,Health,1
1876,Nanjing Drum Tower Hospital,CHN,Health,1
1876,Technische Universitat Braunschweig,DEU,Universities,2
1878,Instituto de Optica Daza de Valdes,ESP,Government,1
1879,Ewha Womans University *,KOR,Universities,1
1880,Kangwon National University *,KOR,Universities,1
1881,Renmin Hospital of Wuhan University,CHN,Health,1
1882,Bernhard Nocht Institut fur Tropenmedizin,DEU,Health,2
1883,Providence VA Medical Center,USA,Health,1
1884,University of Kansas Medical Center,USA,Health,2
1884,Syngenta *,MUL,Companies,3
1884,Instituto de Investigacion Sanitaria de Navarra,ESP,Health,1
1884,Centre Hospitalier Universitaire de Toulouse *,FRA,Health,1
1884,CIC energiGUNE,ESP,Government,1
1889,Simons Foundation,USA,Non-Profit,1
1889,Universita degli Studi di Brescia,ITA,Universities,1
1891,NIHR Nottingham Biomedical Research Centre,GBR,Health,2
1892,"International Institute of Information Technology, Hyderabad",IND,Universities,1
1893,"World Health Organization, Egypt",EGY,Health,1
1894,Minneapolis VA Health Care System,USA,Health,1
1894,Assistance Publique Hopitaux de Marseille *,FRA,Health,1
1894,Newcastle upon Tyne Hospitals NHS Foundation Trust,GBR,Health,2
1897,Institut de Biologie de l'Ecole Normale Superieure,FRA,Government,1
1898,University of Ulster,GBR,Universities,2
1899,Yonsei University Severance Hospital,KOR,Health,1
1900,Henan Academy of Agricultural Sciences,CHN,Government,1
1900,"United Nations Educational, Scientific and Cultural Organization",MUL,Non-Profit,1
1902,Mitsubishi Chemical Group Corp,MUL,Companies,2
1902,Chinese Academy of Surveying and Mapping,CHN,Government,1
1902,"University of California, Irvine Healthcare",USA,Health,2
1905,Hospital Universitario de La Princesa *,ESP,Health,1
1905,"Computer Network Information Center, Chinese Academy of Sciences",CHN,Government,1
1905,Yeungnam University,KOR,Universities,1
1908,University of Delhi *,IND,Universities,1
1909,SFI Research Centre for Medical Devices - Curam,IRL,Health,1
1910,Institut de Genomique Fonctionnelle,FRA,Government,1
1911,Centro de Investigacion Biomedica en Red de Enfermedades Raras,ESP,Health,1
1912,University of Essex,GBR,Universities,2
1913,IrsiCaixa AIDS Research Institute,ESP,Health,1
1913,Karl Franzens Universitat Graz *,AUT,Universities,1
1915,University of New Mexico Health Sciences Center,USA,Universities,2
1916,Ecole Pratique des Hautes Etudes,FRA,Universities,1
1916,University of Vermont,USA,Universities,2
1916,"St George Hospital, Australia",AUS,Health,1
1919,Carleton University,CAN,Universities,1
1919,Generalitat de Catalunya Lleida,ESP,Government,1
1921,Netherlands Organisation for Applied Scientific Research,NLD,Government,2
1921,Universidad de Valladolid *,ESP,Universities,1
1923,Seoul National University Bundang Hospital,KOR,Health,1
1923,Universite de Bourgogne,FRA,Universities,1
1925,"Shriners Hospitals for Children, USA",USA,Health,1
1926,Shriners Hospitals for Children *,MUL,Health,3
1927,University of Tromso - The Arctic University of Norway,NOR,Universities,1
1927,Gottfried Wilhelm Leibniz Universitat Hannover,DEU,Universities,2
1929,San Diego State University,USA,Universities,2
1929,"University of Arkansas, Fayetteville",USA,Universities,2
1929,Universidad Europea de Madrid *,ESP,Universities,1
1932,Ministerio da Defesa *,BRA,Government,1
1933,Public Health Agency of Canada,CAN,Health,1
1934,Edward Hines Jr VA Hospital,USA,Health,1
1935,"STMicroelectronics, Italy",ITA,Companies,1
1935,Shanghai Cancer Center Fudan University,CHN,Health,1
1937,Tokyo Metropolitan Institute of Medical Science,JPN,Health,1
1938,"Cardiovasculaire, Metabolisme, Diabetologie & Nutrition",FRA,Government,1
1938,Shandong Agricultural University,CHN,Universities,1
1940,Dow Chemical Co USA,USA,Companies,1
1941,"Ministerio de Ciencia, Innovacion y Universidades Madrid",ESP,Government,1
1941,National Health Laboratory Services,ZAF,Government,1
1943,Nottingham University Hospitals NHS Trust,GBR,Health,2
1943,Institute for Stem Cell and Regeneration,CHN,Government,1
1943,Xi'an University of Technology,CHN,Universities,1
1943,Juntendo University *,JPN,Universities,1
1947,Murdoch Children's Research Institute,AUS,Health,1
1947,"Heriot-Watt University, United Kingdom *",GBR,Universities,1
1949,"Sydney Children's Hospital, Randwick",AUS,Health,1
1949,Deutsches Rheuma Forschungszentrum Berlin,DEU,Government,1
1951,Haukeland University Hospital,NOR,Health,1
1951,Norwegian Institute of Public Health,NOR,Health,1
1953,Peking University Cancer Hospital,CHN,Health,1
1953,Agencia Catalana de l'Aigua,ESP,Government,1
1955,Toronto General Hospital,CAN,Health,2
1956,Universitatsklinikum Munster,DEU,Health,2
1956,Universita degli Studi di Cagliari,ITA,Universities,1
1956,Instituto Oswaldo Cruz,BRA,Health,1
1959,Grenoble Institut des Neurosciences,FRA,Government,1
1959,Sciences Chimiques de Rennes,FRA,Government,1
1959,Infrared Processing and Analysis Center,USA,Government,1
1959,Kennedy Krieger Institute,USA,Health,2
1963,Zhejiang Sci-Tech University,CHN,Universities,1
1964,Natural Environment Research Council,GBR,Government,1
1965,Biological Research Center Hungarian Academy of Sciences,HUN,Government,1
1965,Instituto de Investigacion en Ciencias de la Alimentacion,ESP,Government,1
1965,Kings College Hospital NHS Foundation Trust,GBR,Health,2
1968,"National University of Ireland, Galway",IRL,Universities,1
1968,Institute of Macromolecular Chemistry of the ASCR,CZE,Government,1
1970,National Taiwan University of Science and Technology,TWN,Universities,1
1971,Centre de Recherche Saint Antoine,FRA,Government,1
1971,"GE Global Research, USA",USA,Companies,1
1971,Universita della Svizzera Italiana *,CHE,Universities,1
1974,University of Iowa Health Care,USA,Health,2
1974,Science et Technologie du Lait et de l'Oeuf,FRA,Government,1
1976,"Innovation Academy for Precision Measurement Science and Technology, Chinese Academy of Sciences",CHN,Government,1
1976,Wellstar Health System *,USA,Health,1
1978,Shenzhen Bay Laboratory,CHN,Government,1
1978,Laboratoire Traitement et Communication de l'Information,FRA,Government,1
1980,National Engineering Research Center for Information Technology in Agriculture,CHN,Non-Profit,1
1981,"Centro de Investigacion Biomedica en Red de Enfermedades Raras, Madrid",ESP,Health,1
1982,Universidad de Alcala *,ESP,Universities,2
1982,Olivia Newton-John Cancer Research Institute *,AUS,Health,1
1984,Instituto D'Or Pesquisa e Ensino,BRA,Health,1
1984,State University - Higher School of Economics,RUS,Universities,1
1984,Hacettepe University,TUR,Universities,1
1987,Instituto Mexicano del Seguro Social *,MEX,Health,1
1988,International Maize and Wheat Improvement Center Mexico,MEX,Non-Profit,1
1988,Istituto per la Ricerca e l’Innovazione Biomedica,ITA,Health,1
1990,"Xi'an Institute of Optics and Precision Mechanics, Chinese Academy of Sciences",CHN,Government,1
1990,NIHR Leicester Biomedical Research Centre,GBR,Health,2
1990,St Josef-Hospital,DEU,Health,2
1990,Flinders University,AUS,Universities,2
1994,University of Hawai'i Cancer Center,USA,Health,1
1994,National Institute of Health Sciences,JPN,Health,1
1994,Budapest University of Technology and Economics,HUN,Universities,1
1994,Inha University,KOR,Universities,1
1998,Chiba University *,JPN,Universities,1
1998,Fraunhofer-Institut fur Offene Kommunikationssysteme,DEU,Government,1
1998,Virginia-Maryland Regional College of Veterinary Medicine,USA,Universities,2
1998,Universita degli Studi di Ferrara,ITA,Universities,1
2002,STMicroelectronics *,MUL,Companies,2
2002,Shanghai University of Traditional Chinese Medicine *,CHN,Universities,1
2004,U.S. Air Force,USA,Government,2
2005,Helmholtz Zentrum fur Umweltforschung,DEU,Government,1
2006,"Institute of Science and Technology, Austria",AUT,Government,1
2007,Brunel University,GBR,Universities,2
2007,"GE Healthcare, United States",USA,Companies,1
2009,Abo Academy University,FIN,Universities,1
2010,Ain Shams University *,EGY,Universities,1
2010,"Shell, Netherlands",NLD,Companies,1
2010,Universidade de Brasilia,BRA,Universities,1
2013,Guangzhou University of Traditional Chinese Medicine *,CHN,Universities,1
2013,State University of New York at Binghamton,USA,Universities,1
2013,AGH University of Science and Technology,POL,Universities,1
2013,Centre Henri Becquerel,FRA,Health,1
2017,AO Research Institute,CHE,Health,2
2018,University of Nevada-Reno,USA,Universities,2
2018,SFI Research Centre for Data Analytics - Insight,IRL,Government,1
2020,Dow Chemical Co *,MUL,Companies,2
2021,North Florida-South Georgia Veterans Health System,USA,Health,1
2022,Nathan S. Kline Institute for Psychiatric Research,USA,Health,1
2023,Translational Health Science and Technology Institute,IND,Health,1
2024,NASA Stennis Space Center,USA,Government,1
2025,"Institute of Microelectronics, Chinese Academy of Sciences",CHN,Government,1
2025,Azienda Ospedaliero Universitaria di Bologna - Policlinico di Sant'Orsola Malpighi,ITA,Health,1
2027,Hudson Institute of Medical Research,AUS,Non-Profit,1
2027,Guangdong Power Grid Co Ltd,CHN,Government,1
2029,Bar-Ilan University,ISR,Universities,1
2030,Universita Politecnica delle Marche,ITA,Universities,1
2031,Osaka University Hospital,JPN,Health,1
2031,Beijing Forestry University,CHN,Universities,1
2033,University of Oregon,USA,Universities,2
2033,Charles River Laboratories,USA,Health,1
2035,Rural Development Administration *,KOR,Government,1
2036,University of Szeged,HUN,Universities,1
2037,Max Planck Institut fur Dynamik und Selbstorganisation,DEU,Government,2
2038,Guangdong Academy of Agricultural Sciences,CHN,Government,1
2039,National Center for Atmospheric Research,USA,Government,1
2039,Instituto Nacional de Neurologia y Neurocirugia Manuel Velasco Suarez,MEX,Health,1
2039,Ernst-Moritz-Arndt-Universitat Greifswald *,DEU,Universities,2
2042,Medical University of Warsaw,POL,Universities,1
2042,Qingdao National Laboratory for Marine Science and Technology,CHN,Government,1
2042,RISE Research Institutes of Sweden *,SWE,Government,1
2045,Donostia Ospitalea,ESP,Health,1
2046,Liverpool John Moores University,GBR,Universities,2
2046,Max Planck Institute fur Gravitationsphysik,DEU,Government,1
2048,Heuristique et Diagnostic des Systemes Complexes,FRA,Government,1
2049,Mississippi State University,USA,Universities,2
2049,Centro de Fisica Miguel Antonio Catalan CS,ESP,Government,2
2049,Institut Neel,FRA,Government,1
2052,Alberta Health Services *,CAN,Health,1
2053,Mohamed bin Zayed University of Artificial Intelligence,ARE,Universities,1
2054,International Iberian Nanotechnology Laboratory,PRT,Government,1
2055,Centro di Riferimento Oncologico Aviano IRCCS,ITA,Health,1
2055,Universitatsklinikum Frankfurt,DEU,Health,2
2057,Observatorio Nacional,BRA,Government,1
2057,Istituto Ortopedico Galeazzi,ITA,Health,1
2057,Sir Run Run Shaw Hospital,CHN,Health,1
2060,Instituto de Tecnologia Quimica,ESP,Government,1
2060,Max Planck Institut fur Physik Komplexer Systeme,DEU,Government,2
2062,Shell *,MUL,Companies,1
2062,"Shenyang Institute of Automation, Chinese Academy of Sciences",CHN,Government,1
2064,Hospital das Clinicas da Universidade Federal de Minas Gerais,BRA,Health,1
2065,Fujian Agriculture and Forestry University,CHN,Universities,1
2065,State Grid Jiangxi Electric Power Co,CHN,Government,1
2067,Rochester Institute of Technology *,USA,Universities,2
2068,UCSF Benioff Children's Hospital,USA,Health,2
2068,Universitatsklinikum Greifswald,DEU,Health,2
2068,Universita degli Studi del Piemonte Orientale Amedeo Avogadro,ITA,Universities,1
2071,Ministry of Health,ISR,Health,1
2072,"Saint Louis University, Saint Louis *",USA,Universities,2
2073,Hyundai Motor Group *,MUL,Companies,2
2074,Institut d'Investigacio Biomedica de Bellvitge,ESP,Health,1
2074,Guilin University of Electronic Technology,CHN,Universities,1
2074,Istituto di Biostrutture e Bioimmagini,ITA,Government,1
2074,Amity University *,IND,Universities,1
2078,Nencki Institute of Experimental Biology Polish Academy of Sciences,POL,Government,1
2078,Istituto di Scienza e Tecnologie dell'Informazione Alessandro Faedo,ITA,Government,1
2078,Max Planck Institut fur Kognitions und Neurowissenschaften,DEU,Government,1
2081,National Academy of Sciences of Ukraine *,UKR,Government,1
2081,Centre de Recherche en Acquisition et Traitement de l'Image pour la Sante,FRA,Government,1
2083,Institut Bergonie *,FRA,Government,1
2083,Scuola Superiore S. Anna di Studi Universitari e di Perfezionamento *,ITA,Universities,1
2085,Penn State Milton S. Hershey Medical Center,USA,Health,2
2085,Institut Guttmann *,ESP,Health,1
2087,University of Portsmouth,GBR,Universities,2
2087,Centre de Cooperation Internationale en Recherche Agronomique pour le Developpement *,FRA,Government,1
2087,McLean Hospital,USA,Health,2
2090,Instituto de Estructura de la Materia,ESP,Government,2
2091,George Institute for Global Health *,AUS,Health,1
2092,Universitatsklinikum Leipzig,DEU,Health,2
2092,Akershus University Hospital,NOR,Health,1
2092,Khalifa University *,ARE,Universities,1
2092,Danish Cancer Society,DNK,Health,2
2096,Academy of Athens,GRC,Government,1
2096,University of Shanghai for Science and Technology,CHN,Universities,1
2098,Westlake University,CHN,Universities,1
2098,Institut de Chimie Moleculaire de l'Universite de Bourgogne,FRA,Government,1
2098,"United Nations International Children's Emergency Fund, Switzerland",CHE,Non-Profit,1
2101,"Research Center for Eco-Environmental Sciences, Chinese Academy of Sciences",CHN,Government,1
2101,Korea Food Research Institute,KOR,Government,1
2103,National Institute of Chemistry Slovenia,SVN,Government,1
2104,Institut Catala d'Investigacio Quimica,ESP,Government,1
2104,Imagerie et Cerveau,FRA,Government,1
2106,Swedish Health Services,USA,Health,2
2106,Estacion Experimental del Zaidin,ESP,Government,2
2106,Sun Yat-sen University First Hospital,CHN,Health,1
2109,"Laboratoire des Sciences de l'Ingenieur, de l'Informatique et de l'Imagerie",FRA,Government,1
2109,Fundacion Ramon Areces *,ESP,Non-Profit,1
2111,Centre Hospitalier Universitaire de Bordeaux,FRA,Health,1
2112,"Indian Institute of Technology, Bombay *",IND,Universities,1
2113,Universita degli Studi di Siena,ITA,Universities,1
2114,Max Planck Institut fur Meteorologie,DEU,Government,1
2115,North University of China,CHN,Universities,1
2115,Kaiser Permanente Washington Health Research Institute,USA,Health,1
2115,Instituto de Ceramica y Vidrio,ESP,Government,2
2118,Henan Agricultural University,CHN,Universities,1
2118,Ministry of Health,SAU,Health,1
2120,Institut de Sciences des Materiaux de Mulhouse,FRA,Government,1
2121,European Space Agency *,MUL,Government,1
2122,The Ottawa Hospital *,CAN,Health,1
2122,Texas A&M University at Qatar,QAT,Universities,1
2124,Institute of Chemical Biology and Fundamental Medicine Russian Academy of Sciences,RUS,Government,1
2125,Institut Hospital del Mar d’Investigacions Mediques,ESP,Health,1
2126,European Centre for Disease Prevention and Control,SWE,Health,2
2126,National Institutes for Food and Drug Control *,CHN,Government,1
2128,Princess Alexandra Hospital,AUS,Health,2
2128,"Instituto Smithsonian de Investigaciones Tropicales, Panama",PAN,Government,1
2128,Deutsches Herzzentrum der Charite,DEU,Health,2
2131,National Cheng Kung University Hospital,TWN,Health,1
2132,Airlangga university,IDN,Universities,1
2132,Nanjing University of Chinese Medicine *,CHN,Universities,1
2134,Research Centre for Natural Sciences,HUN,Government,1
2134,Minnesota Department of Health,USA,Health,2
2136,The Open University,GBR,Universities,1
2137,First Affiliated Hospital of Xi'an Jiaotong University,CHN,Health,1
2138,Shanghai Artificial Intelligence Laboratory,CHN,Non-Profit,1
2138,"Indian Institute of Technology, Madras",IND,Universities,1
2140,South London and Maudsley NHS Foundation Trust,GBR,Health,1
2141,George Washington The School of Medicine & Health Sciences,USA,Health,2
2142,Institut de Chimie de Strasbourg,FRA,Government,1
2142,China State Shipbuilding Corp *,CHN,Government,1
2142,Coventry University,GBR,Universities,1
2145,Istituto di Informatica e Telematica,ITA,Government,1
2146,Smithsonian Conservation Biology Institute,USA,Government,1
2146,Japanese Foundation for Cancer Research,JPN,Health,1
2148,Agriculture Victoria *,AUS,Government,1
2149,Anhui Medical University *,CHN,Universities,1
2149,Sir Mortimer B. Davis Jewish General Hospital,CAN,Health,1
2151,Macau University of Science and Technology,MAC,Universities,2
2152,Fraunhofer Institut fur Angewandte Informationstechnik,DEU,Government,2
2153,Universidad de Castilla-La Mancha *,ESP,Universities,1
2153,National Kyushu Cancer Center,JPN,Health,1
2153,"Instituto Nacional de Investigaciones Forestales, Agricolas y Pecuarias",MEX,Government,1
2156,Saitama Cancer Center,JPN,Health,1
2156,Toulouse Biotechnology Institute,FRA,Government,1
2158,Smithsonian National Museum of Natural History,USA,Government,1
2158,Ecole Normale Superieure de Paris *,FRA,Universities,1
2160,Mount Sinai Beth Israel,USA,Health,1
2160,Carnegie Institution for Science *,USA,Non-Profit,1
2162,Graduate School of Public Health and Health Policy,USA,Universities,2
2163,Universiti Teknologi MARA,MYS,Universities,1
2164,Toronto Metropolitan University,CAN,Universities,2
2165,Changzhou University,CHN,Universities,1
2165,"Chang Gung Memorial Hospital, Kaohsiung",TWN,Health,1
2165,Tabriz University of Medical Sciences,IRN,Universities,1
2168,National Defense Medical Center,TWN,Health,1
2168,"University of Michigan, Dearborn",USA,Universities,1
2170,Central Arkansas Veterans Healthcare System,USA,Health,1
2171,Universidade Federal de Sao Paulo *,BRA,Universities,1
2171,Centrum Wiskunde & Informatica,NLD,Government,1
2173,Augusta University *,USA,Universities,2
2174,St Georges University of London,GBR,Universities,2
2174,Smithsonian Environmental Research Center,USA,Government,1
2176,Duy Tan University,VNM,Universities,1
2176,International Maize and Wheat Improvement Center,MUL,Non-Profit,1
2176,University of Tennessee Health Science Center,USA,Universities,2
2179,Fundacion Agencia Aragonesa para la Investigacion y Desarrollo,ESP,Government,1
2179,University of Akron,USA,Universities,1
2179,"Novartis Pharmaceuticals, United States",USA,Companies,1
2182,Wenzhou University,CHN,Universities,1
2183,University of Rhode Island,USA,Universities,2
2183,Illinois Institute of Technology,USA,Universities,1
2183,Rede D’Or Sao Luiz *,BRA,Health,1
2186,James Cook University *,AUS,Universities,2
2186,Hitachi Energy,MUL,Companies,2
2188,"Agence Nationale de la Securite Sanitaire de l'Alimentation, de l'Environnement et du Travail *",FRA,Health,1
2188,"IQVIA, United States",USA,Companies,2
2190,"Shaanxi Normal University, Xi'an",CHN,Universities,1
2191,Certara *,MUL,Companies,1
2191,Herzzentrum Leipzig,DEU,Health,1
2193,Deutsche Forschungszentrum fur Kunstliche Intelligenz,DEU,Government,1
2193,Hospital Israelita Albert Einstein,BRA,Health,1
2195,Saint Luke’s Mid America Heart Institute,USA,Health,1
2195,"Oklahoma State University, Stillwater *",USA,Universities,2
2197,Chongqing University of Education,CHN,Universities,1
2197,"Centro de Investigaciones Energeticas, Medioambientales y Tecnologicas",ESP,Government,1
2197,Zhongnan Hospital of Wuhan University,CHN,Health,1
2197,"Institute of Semiconductors, Chinese Academy of Sciences",CHN,Government,1
2201,Instituto de Agricultura Sostenible,ESP,Government,1
2201,Deutsche Sammlung von Mikroorganismen und Zellkulturen GmbH,DEU,Non-Profit,1
2203,John Hunter Hospital,AUS,Health,1
2204,BYD Co *,MUL,Companies,2
2205,Tsinghua Shenzhen International Graduate School,CHN,Universities,1
2205,Odense University Hospital,DNK,Health,2
2205,Instituto de Investigacion Sanitaria Fundacion para la Investigacion del Hospital Clinico de Valencia - INCLIVA,ESP,Health,1
2208,National Energy Technology Laboratory,USA,Government,1
2209,"Hitachi Ltd, Japan",JPN,Companies,1
2210,Cha University *,KOR,Universities,1
2210,Instituto Nacional de Infectologia Evandro Chagas,BRA,Health,1
2212,"Montana State University, Bozeman",USA,Universities,2
2212,Sociedade Beneficente Israelita Brasileira Albert Einstein *,BRA,Non-Profit,1
2214,Instituto Politecnico Nacional,MEX,Universities,1
2214,Institute of Molecular Biology,DEU,Non-Profit,1
2214,"City University of New York, Hunter College",USA,Universities,2
2214,Istituto Scientifico Romagnolo per lo Studio e la Cura dei Tumori,ITA,Health,1
2218,Maccabi Health Care Services,ISR,Health,1
2219,University of North Texas,USA,Universities,2
2219,Instituto Gulbenkian de Medicina Molecular,PRT,Non-Profit,1
2221,University Hospitals Leicester NHS Trust,GBR,Health,2
2221,University of Crete,GRC,Universities,1
2223,Institut des Sciences Moleculaires,FRA,Government,1
2223,"World Bank, United States",USA,Non-Profit,1
2225,Northeast Forestry University,CHN,Universities,1
2226,Kwangwoon University,KOR,Universities,1
2226,Instituto Nacional de Tecnologia Agropecuaria *,ARG,Government,1
2228,Affiliated Jiangsu Cancer Hospital,CHN,Health,1
2229,Institut de Chimie et des Materiaux Paris-Est,FRA,Government,1
2230,Institute of High Performance Computing,SGP,Government,2
2230,Heidelberger Institut fur Theoretische Studien,DEU,Non-Profit,1
2232,"National University of Science and Technology, Islamabad",PAK,Universities,1
2232,Bundang Cha Medical Center,KOR,Health,1
2234,Ton Duc Thang University,VNM,Universities,1
2235,Institut de Recerca i Tecnologia Agroalimentaries Barcelona,ESP,Government,1
2236,National Computer Network Emergency Response Technical Team,CHN,Non-Profit,1
2236,Airbus SAS *,MUL,Companies,2
2238,Nicolaus Copernicus University,POL,Universities,1
2238,Empresa Brasileira de Pesquisa Agropecuaria *,BRA,Government,1
2240,"Endesa SA, Spain",ESP,Companies,2
2240,"University of Alabama, Tuscaloosa",USA,Universities,2
2240,Fraunhofer Institut fur Angewandte Optik und Feinmechanik,DEU,Government,1
2240,Deutsches Diabetes-Zentrum - Leibniz-Zentrum fur Diabetes-Forschung an der Heinrich-Heine-Universitat Dusseldorf,DEU,Government,2
2240,Hospital de Sant Joan de Deu de Esplugues de Llobregat,ESP,Health,2
2240,Institut Polytechnique de Grenoble *,FRA,Universities,1
2240,"Ministerio da Ciencia, Tecnologia e Inovacao, Brasil *",BRA,Government,1
2247,ESA Centre for Earth Observation,ITA,Government,1
2248,Chiba Cancer Center,JPN,Health,1
2248,Institut des Systemes Intelligents et de Robotique,FRA,Government,1
2250,Second Xiangya Hospital Affiliated to Central South University,CHN,Health,1
2251,Ministerio de Salud *,PER,Health,1
2252,Federal Reserve System *,USA,Government,1
2253,"Institut Charles Gerhardt, Institut de Chimie Moleculaire et des Materiaux de Montpellier",FRA,Government,1
2254,Information Technology University,PAK,Universities,1
2255,Institut National des Sciences Appliquees de Rennes *,FRA,Universities,1
2256,Boeing Co *,MUL,Companies,2
2257,Max Planck Institut fur biologische Intelligenz,DEU,Government,1
2258,Daegu Haany University,KOR,Universities,1
2259,Hallym University *,KOR,Universities,1
2260,Secretaria de Agricultura y Desarrollo Rural *,MEX,Government,1
2260,Institut de Recherche sur le Cancer de Lille *,FRA,Health,1
2262,Ministry of Public Health,THA,Health,1
2262,Animal and Plant Quarantine Agency,KOR,Government,1
2262,Shanghai Ninth People's Hospital,CHN,Health,1
2262,Laboratoire d'Informatique de Paris 6,FRA,Government,1
2262,Universitat Bremen *,DEU,Universities,1
2262,"Yantai Institute of Coastal Zone Research, Chinese Academy of Sciences",CHN,Government,1
2268,Libin Cardiovascular Institute,CAN,Health,2
2268,Laboratoire Interdisciplinaire de Physique,FRA,Government,1
2268,Washington Permanente Medical Group,USA,Health,1
2271,University of Greenwich,GBR,Universities,2
2272,Chung-Ho Memorial Hospital,TWN,Health,1
2272,Max Planck Institut fur Extraterrestrische Physik,DEU,Government,1
2274,Ankara University,TUR,Universities,1
2274,Instituto Nacional de Perinatologia Isidro Espinosa de los Reyes,MEX,Health,1
2274,Universidad Rey Juan Carlos *,ESP,Universities,2
2277,Universitatsklinikum Dusseldorf,DEU,Health,2
2277,Taipei City Hospital,TWN,Health,1
2279,Ospedale Policlinico San Martino,ITA,Health,2
2279,Sidra Medicine,QAT,Health,2
2279,Eusko Jaurlaritza Bizkaia,ESP,Government,1
2282,National Cancer Center,KOR,Health,1
2283,Simula Research Laboratory,NOR,Government,1
2284,National Institute of Information and Communications Technology,JPN,Government,1
2284,Hospital for Special Surgery,USA,Health,2
2286,Complejo Asistencial Universitario de Salamanca,ESP,Health,1
2286,Ministry of Science and Higher Education *,RUS,Government,1
2286,Iran University of Medical Sciences *,IRN,Universities,1
2289,Universite Clermont-Auvergne,FRA,Universities,1
2289,Public Health Ontario,CAN,Health,1
2291,Leibniz Institut fur Pflanzengenetik und Kulturpflanzenforchung,DEU,Government,1
2291,Istituto Oncologico Veneto,ITA,Health,1
2291,Institut National de Physique Nucleaire et de Physique des Particules,FRA,Government,1
2291,Food and Agriculture Organization of the United Nations,MUL,Non-Profit,1
2291,University of Oklahoma Health Sciences Center,USA,Universities,2
2296,New South Wales Department of Primary Industries *,AUS,Government,1
2296,"State University of New York, Albany",USA,Universities,2
2296,Seguro Social de Salud *,PER,Health,1
2299,University of Patras,GRC,Universities,1
2300,American Heart Association,USA,Non-Profit,2
2300,Universite du Quebec en Montreal,CAN,Universities,1
2302,Tashkent Institute of Irrigation and Agricultural Mechanization Engineers,UZB,Universities,1
2303,International Rice Research Institute Filipinas,PHL,Non-Profit,1
2304,Ministry of Ecology and Environment *,CHN,Government,1
2304,Bureau of Meteorology *,AUS,Government,1
2304,The University of Hull *,GBR,Universities,2
2304,Children's Healthcare of Atlanta,USA,Health,2
2308,Institute of Physiology of the ASCR,CZE,Government,1
2308,Korea Institute of Toxicology,KOR,Health,1
2308,Universite Sorbonne-Paris-Nord *,FRA,Universities,1
2308,Universitat Rostock *,DEU,Universities,2
2312,Istituto Auxologico Italiano IRCCS,ITA,Health,1
2312,Leibniz-Institut fur Analytische Wissenschaften,DEU,Government,1
2312,Instituto IMDEA Materiales,ESP,Government,1
2315,Fondazione IRCCS Policlinico San Matteo,ITA,Health,2
2315,Universitat Bielefeld,DEU,Universities,2
2315,Instituto Nacional de Pesquisas da Amazonia,BRA,Government,1
2315,Deutsches Institut fur Ernahrungsforschung Potsdam-Rehbrucke,DEU,Government,2
2319,Montreal Heart Institute,CAN,Health,2
2319,"University of Maryland, Baltimore County",USA,Universities,2
2321,Universidade de Vigo *,ESP,Universities,2
2321,Doheny Eye Institute,USA,Health,1
2323,Poznan University of Medical Sciences,POL,Universities,1
2323,Kumamoto University *,JPN,Universities,1
2323,Okayama University *,JPN,Universities,1
2323,Korea University Medical Center,KOR,Health,1
2327,Jordan University Hospital,JOR,Health,1
2327,"Programa Institutos Nacionais de Ciencia, Tecnologia e Inovacao",BRA,Government,1
2329,Alexandria University *,EGY,Universities,1
2330,Donald and Barbara Zucker School of Medicine at Hofstra/Northwell,USA,Universities,2
2331,Oak Ridge Institute for Science and Education,USA,Government,2
2331,University of Debrecen,HUN,Universities,1
2331,Charite Campus Mitte,DEU,Health,2
2334,Michigan Technological University,USA,Universities,2
2335,Universite Francois Rabelais de Tours *,FRA,Universities,1
2335,"Institute of High Energy Physics, Chinese Academy of Science",CHN,Government,1
2335,GGD Amsterdam,NLD,Health,2
2338,Max Planck Institut fur Astrophysik,DEU,Government,1
2338,European Organization for Nuclear Research,CHE,Government,2
2338,I.M. Sechenov First Moscow State Medical University,RUS,Universities,1
2341,Siriraj Hospital,THA,Health,1
2342,Centre Hospitalier Regional et Universitaire de Tours,FRA,Health,2
2342,Baker IDI Heart and Diabetes Institute,AUS,Health,1
2342,Helios Kliniken GmbH,DEU,Health,1
2342,Centro de Investigacion Principe Felipe,ESP,Health,1
2346,Delegacion Territorial de Salud y Consumo Cadiz,ESP,Health,1
2347,Sri Ramaswamy Memorial University,IND,Universities,1
2347,Max Planck Institut fur Geoanthropologie,DEU,Government,1
2347,Korea Institute of Oriental Medicine,KOR,Government,1
2350,Ecole Polytechnique,FRA,Universities,1
2350,Universita della Calabria,ITA,Universities,2
2350,Memorial University of Newfoundland,CAN,Universities,2
2353,Helmholtz Zentrum Berlin fur Materialien und Energie,DEU,Government,2
2354,Instituto Carlos Chagas,BRA,Health,1
2354,St Olavs University Hospital,NOR,Health,1
2356,Universitatsklinikum Jena,DEU,Health,2
2357,State Key Joint Laboratory of Environmental Simulation and Pollution Control,CHN,Government,1
2357,"Food and Agriculture Organisation of the United Nations, Italy",ITA,Non-Profit,1
2357,Hospital Universitari Germans Trias i Pujol,ESP,Health,2
2360,Guangdong Laboratory for Lingnan Modern Agriculture,CHN,Government,1
2361,Institut de Ciencies del Mar,ESP,Government,1
2361,Eotvos Lorand University,HUN,Universities,1
2361,China Academy of Space Technology,CHN,Government,1
2361,University of Alberta Hospital,CAN,Health,1
2361,Hospital de la Santa Creu i Sant Pau *,ESP,Health,2
2366,Institut Parisien de Chimie Moleculaire,FRA,Government,1
2366,Centre Mediterrani d'Investigacions Marines i Ambientals CS,ESP,Government,1
2366,Instituto de Investigaciones Marinas,ESP,Government,2
2369,US Naval Research Laboratory,USA,Government,1
2369,Indian Council of Medical Research *,IND,Health,1
2369,Edinburgh Napier University,GBR,Universities,2
2372,Industrial Technology Research Institute of Taiwan,TWN,Government,1
2373,Huaqiao University,CHN,Universities,1
2373,Institut de Ciencies Fotoniques,ESP,Government,1
2375,Instituto Regional de Investigacion y Desarrollo Agroalimentario y Forestal de Castilla La Mancha *,ESP,Government,2
2375,"World Health Organization, India",IND,Health,1
2377,De Montfort University,GBR,Universities,2
2378,Bilbao Bizkaia Kutxa Banku Fundazioa *,ESP,Non-Profit,2
2379,Junta de Andalucia Cadiz,ESP,Government,1
2379,Shanghai Municipal People's Government *,CHN,Government,1
2379,SINTEF Group *,NOR,Companies,1
2382,Mansoura University *,EGY,Universities,1
2383,Warsaw University of Technology,POL,Universities,1
2383,Liverpool Hospital,AUS,Health,1
2385,Centre Interdisciplinaire de Nanoscience de Marseille,FRA,Government,1
2386,Peking University Hospital of Stomatology,CHN,Health,1
2387,Instituto de Productos Naturales y Agrobiologia,ESP,Government,1
2387,Nanfang Hospital,CHN,Health,1
2387,Jose de Mello Saude,PRT,Health,1
2390,International Atomic Energy Agency *,MUL,Government,1
2391,Bogazici University,TUR,Universities,1
2391,"Pan American Health Organization, United States",USA,Health,2
2393,Queensland Government *,AUS,Government,2
2393,University of Huddersfield,GBR,Universities,2
2395,Mashhad University of Medical Sciences,IRN,Universities,1
2396,Ospedale Papa Giovanni XXIII,ITA,Health,1
2397,Istituto di Chimica Biomolecolare,ITA,Government,1
2397,Japan Meteorological Agency,JPN,Government,1
2399,London Metropolitan University,GBR,Universities,1
2400,University of Lodz,POL,Universities,1
2400,Hospital de Viladecans,ESP,Health,1
2402,Hospital Universitario Doctor Peset,ESP,Health,1
2402,Guangxi Medical University *,CHN,Universities,1
2404,Hunter New England Local Health District,AUS,Health,1
2404,Universidad de Antioquia *,COL,Universities,1
2404,Children's Hospital Colorado,USA,Health,2
2404,Indiana University Health,USA,Health,2
2408,Lille Neuroscience et Cognition Research Centre,FRA,Health,1
2408,Chungbuk National University,KOR,Universities,2
2410,Dalian Medical University *,CHN,Universities,1
2410,Adam Mickiewicz University,POL,Universities,1
2412,Centro de Investigacion Biomedica en Red de Enfermedades Respiratorias,ESP,Health,1
2413,Worcester Polytechnic Institute,USA,Universities,1
2414,BC Children's Hospital and Sunny Hill Health Centre for Children Vancouver,CAN,Health,2
2414,Hospital Universitario Infanta Leonor,ESP,Health,1
2414,Hofstra University *,USA,Universities,2
2417,Cliniques Universitaires Saint-Luc,BEL,Health,2
2418,Flemish Institute for Technological Research,BEL,Government,2
2419,Istituto di Fotonica e Nanotecnologie,ITA,Government,1
2419,Academy of Scientific and Innovative Research,IND,Universities,1
2419,Koc University,TUR,Universities,1
2422,HM Hospitales *,ESP,Health,1
2422,Isala Clinics,NLD,Health,2
2424,University of South Florida-Saint Petersburg,USA,Universities,2
2424,"National Innovation Institute of Defense Technology, Academy of Military Sciences of PLA",CHN,Government,1
2426,National Agri-Food Biotechnology Institute,IND,Government,1
2427,Ecole Polytechnique de Montreal,CAN,Universities,1
2427,Fraunhofer Institut fur Werkstoff- und Strahltechnik,DEU,Government,2
2427,Instituto Israelita de Ensino e Pesquisa Albert Einstein,BRA,Health,1
2427,Instituto Chico Mendes de Conservacao da Biodiversidade *,BRA,Government,1
2431,The Prince Charles Hospital,AUS,Health,2
2432,Plymouth University,GBR,Universities,2
2433,European Space Research and Technology Centre,NLD,Government,2
2433,Centro de Investigacion Biomedica en Red Fisiopatologia de la Obesidad y Nutricion,ESP,Health,1
2433,"Institute of Metal Research, Chinese Academy of Sciences",CHN,Government,1
2433,Universite de Versailles Saint Quentin en Yvelines *,FRA,Universities,1
2437,University of Louisville Health Sciences Center,USA,Health,2
2437,Shandong Normal University,CHN,Universities,1
2437,Otto-von-Guericke-Universitat Magdeburg *,DEU,Universities,2
2437,United Arab Emirates University,ARE,Universities,1
2437,"Centro de Investigacion Biomedica en Red de Enfermedades Hepaticas y Digestivas, Madrid",ESP,Health,1
2437,Istituto per la Microelettronica e Microsistemi,ITA,Government,1
2437,China Electronics Technology Group Corp No 54 Research Institute,CHN,Government,1
2444,Universita degli Studi Gabriele d'Annunzio di Chieti e Pescara,ITA,Universities,1
2444,"Institute of Botany, Chinese Academy of Science",CHN,Government,1
2444,Leibniz Institut fur Katalyse,DEU,Government,1
2447,Netherlands Heart Institute,NLD,Government,2
2447,"National Park Service, United States",USA,Government,1
2449,Pan American Health Organization,MUL,Health,1
2450,"Institute of Coal Chemistry, Chinese Academy of Sciences",CHN,Government,1
2450,National Hospital Organization Kyoto Medical Center,JPN,Health,1
2450,Hopitaux Universitaires de Strasbourg,FRA,Health,1
2453,Cyprus Institute of Neurology and Genetics,CYP,Government,1
2453,Intermountain Healthcare,USA,Health,2
2455,University of Lincoln,GBR,Universities,2
2455,Hospital Universitario Infanta Cristina *,ESP,Health,1
2457,Consorzio Interuniversitario Nazionale per la Scienza e la Tecnologia dei Materiali,ITA,Government,1
2457,Gyeongsang National University *,KOR,Universities,1
2459,Universitatsklinikum Regensburg,DEU,Health,2
2459,Universitat Hohenheim,DEU,Universities,2
2461,"AgroParisTech, Institut des Sciences et Industries du Vivant et de l'Environnement",FRA,Universities,1
2461,National Research Centre *,EGY,Government,1
2463,Johannes Kepler Universitat Linz,AUT,Universities,1
2463,College de France,FRA,Universities,2
2463,Instituto de Fisica Fundamental,ESP,Government,1
2466,UNM Health System,USA,Health,2
2467,National Technical University of Athens,GRC,Universities,1
2468,Wroclaw Medical University,POL,Universities,1
2468,Marine Biological Laboratory,USA,Non-Profit,1
2470,University of Dhaka,BGD,Universities,1
2470,Istituto per lo Studio dei Materiali Nanostrutturati,ITA,Government,1
2472,Leibniz Institut fur Polymerforschung Dresden,DEU,Government,1
2472,Perimeter Institute for Theoretical Physics,CAN,Non-Profit,1
2474,Institut de Ciencies de l'Espai,ESP,Government,1
2474,NHS Greater Glasgow and Clyde,GBR,Health,2
2474,Comision Nacional de Energia Atomica Argentina *,ARG,Government,1
2474,University of Arkansas for Medical Sciences,USA,Universities,2
2478,Hospital de Ninos Ricardo Gutierrez,ARG,Health,1
2478,American Museum of Natural History,USA,Government,2
2478,Instituto de Investigacion en Ciencias de la Salud Germans Trias i Pujol,ESP,Health,1
2478,Chinese National Engineering Research Center for Control and Treatment of Heavy Metal Pollution,CHN,Government,1
2478,"Northrop Grumman Corp, USA",USA,Companies,1
2478,Edith Cowan University,AUS,Universities,2
2478,Northern Arizona University,USA,Universities,2
2485,Istituto Dermopatico Dell'Immacolata IRCCS,ITA,Health,1
2486,Technische Universitat Dortmund *,DEU,Universities,2
2486,National Chung Hsing University,TWN,Universities,1
2488,National Institute for Basic Biology,JPN,Non-Profit,1
2489,Institut de Recherche en Informatique et Systemes Aleatoires,FRA,Government,1
2489,National Institute of Virology,IND,Health,1
2489,Netherlands Institute of Ecology,NLD,Government,2
2489,Medical University of Lodz,POL,Universities,1
2489,Kookmin University,KOR,Universities,1
2494,Meander Medical Centre,NLD,Health,2
2495,Universidad de La Rioja *,ESP,Universities,1
2496,Sun Yat-sen University Third Hospital,CHN,Health,1
2496,Ecole Nationale Superieure de Chimie de Rennes *,FRA,Universities,1
2498,Tokyo University of Pharmacy and Life Science,JPN,Universities,1
2499,University of Jyvaskyla,FIN,Universities,2
2499,Taif University,SAU,Universities,1
2501,Complejo Hospitalario Dr Negrin,ESP,Health,1
2501,US National Science Foundation *,USA,Government,2
2503,Okinawa Institute of Science and Technology Graduate University,JPN,Universities,1
2503,International Rice Research Institute,MUL,Non-Profit,2
2505,Max Planck Institut fur Verhaltensbiologie,DEU,Government,1
2505,Universitat Ramon Llull *,ESP,Universities,2
2507,Population Health Research Institute,CAN,Health,1
2507,Universidad de las Palmas de Gran Canaria *,ESP,Universities,1
2507,Hospital de Clinicas da Universidade Federal do Parana,BRA,Health,1
2510,Universitat Jaume I *,ESP,Universities,1
2511,Institut Pascal,FRA,Government,1
2511,National Agriculture and Food Research Organization,JPN,Government,1
2511,Cancer Council *,MUL,Non-Profit,1
2514,Stavanger University Hospital,NOR,Health,1
2514,Dignity Health *,USA,Health,2
2514,Hopital Foch,FRA,Health,1
2517,Delegacion Territorial de Salud y Consumo Granada,ESP,Health,1
2517,Hadassah University Medical Center *,ISR,Health,1
2517,Istituto di Matematica Applicata e Tecnologie Informatiche,ITA,Government,1
2520,Centro Atomico Bariloche,ARG,Government,1
2520,Hamilton Health Sciences *,CAN,Health,1
2522,Murdoch University,AUS,Universities,2
2522,Universidad de La Laguna,ESP,Universities,1
2522,Istituto Nazionale di Astrofisica *,ITA,Government,1
2525,Yanshan University,CHN,Universities,1
2526,Instituto de Investigacion Sanitaria de Santiago de Compostela,ESP,Health,1
2526,Cardiff and Vale University Health Board,GBR,Health,1
2528,"University of North Carolina, Charlotte",USA,Universities,2
2529,Swedish Meteorological and Hydrological Institute,SWE,Government,1
2530,Laboratoire de Reactions et Genie des Procedes,FRA,Government,1
2531,Instituto de Fisica Corpuscular,ESP,Government,1
2531,Guangzhou Laboratory,CHN,Government,1
2531,Princess Nourah bint Abdul Rahman University *,SAU,Universities,1
2534,Yokohama City University *,JPN,Universities,1
2534,Gobierno de Aragon Zaragoza,ESP,Government,2
2536,Centre des Sciences du Gout et de l'Alimentation,FRA,Government,2
2537,Ecole Nationale du Genie de l'Eau et de l'Environnement de Strasbourg *,FRA,Universities,1
2537,Hopital Erasme,BEL,Health,2
2539,Qingdao Agricultural University,CHN,Universities,1
2540,"National Time Service Center, Chinese Academy of Sciences",CHN,Government,1
2540,Fujian Medical University *,CHN,Universities,1
2542,Alfred Health,AUS,Health,2
2542,Istituto per la Protezione Sostenibile delle Piante,ITA,Government,2
2542,Soon Chun Hyang University *,KOR,Universities,1
2545,Battelle Memorial Institute *,USA,Non-Profit,1
2545,University of Mississippi Medical Center,USA,Universities,2
2545,Seidman Cancer Center,USA,Health,1
2545,Shandong University Qilu Hospital,CHN,Health,1
2549,Yunnan University *,CHN,Universities,1
2550,Florida Atlantic University,USA,Universities,2
2550,Walter Reed Army Institute of Research *,USA,Non-Profit,1
2550,Ottawa Hospital Research Institute,CAN,Health,1
2550,"Kaiser Permanente Medical Center, San Francisco",USA,Health,1
2554,Osaka National Hospital,JPN,Health,1
2554,National Enterprise for Nanoscience and Nanotechnology,ITA,Government,1
2556,Shanxi University,CHN,Universities,1
2557,Norwegian University of Life Sciences,NOR,Universities,1
2557,Albert Schweitzer Ziekenhuis,NLD,Health,2
2559,Fraunhofer Institut fur Produktionstechnik und Automatisierung,DEU,Government,2
2560,Canadian Blood Services,CAN,Non-Profit,1
2560,Anhui University of Science and Technology *,CHN,Universities,1
2562,"Islamic University, Bangladesh",BGD,Universities,1
2563,International Crops Research Institute for the Semi-Arid Tropics India,IND,Non-Profit,1
2563,"Wuhan Botanical Garden, Chinese Academy of Sciences",CHN,Government,1
2563,Kasetsart University,THA,Universities,1
2566,North Texas VA Health Care System,USA,Health,1
2566,Istituto per la Tecnologia delle Membrane,ITA,Government,1
2566,Henry M Jackson Foundation for the Advancement of Military Medicine,USA,Health,2
2566,Geisinger Health System *,USA,Health,2
2570,Austin Health *,AUS,Health,2
2570,Umm Al-Qura University,SAU,Universities,1
2570,International Centre for Genetic Engineering and Biotechnology *,MUL,Government,2
2573,Kanazawa University *,JPN,Universities,1
2573,Rede de Quimica e Tecnologia,PRT,Non-Profit,1
2573,Vilnius University,LTU,Universities,1
2573,Shanghai Tenth People's Hospital,CHN,Health,1
2577,Universitat Konstanz,DEU,Universities,2
2578,Sogang University,KOR,Universities,1
2578,Centro de Fisica Teorica y Matematicas CS,ESP,Government,1
2580,Singapore General Hospital,SGP,Health,1
2580,Universidad Nacional de La Plata *,ARG,Universities,1
2582,Institut Pluridisciplinaire Hubert Curien,FRA,Government,1
2582,University Hospitals Bristol NHS Foundation Trust,GBR,Health,2
2582,Max Planck Institut fur Physik,DEU,Government,1
2585,"Chengdu Institute of Biology, Chinese Academy of Sciences",CHN,Government,1
2585,Centre National d'Etudes Spatiales *,FRA,Government,1
2585,Royal Victorian Eye and Ear Hospital,AUS,Health,1
2588,Foundation for Research and Technology Hellas *,GRC,Government,1
2589,Renmin University of China,CHN,Universities,1
2590,Institut Clement Ader,FRA,Government,1
2590,University of the West of England *,GBR,Universities,2
2590,Hospital de Cruces,ESP,Health,1
2593,"University of Massachusetts, Lowell",USA,Universities,2
2593,Swiss Federal Institute of Aquatic Science and Technology,CHE,Government,2
2595,Bogor Agricultural University,IDN,Universities,1
2595,Sun Yat-sen University Second Hospital,CHN,Health,1
2595,"University of Missouri, Kansas City",USA,Universities,2
2598,Instituto Aggeu Magalhaes,BRA,Health,1
2599,National Astronomical Observatory of Japan *,JPN,Government,1
2599,Centre de Nanosciences et de Nanotechnologies,FRA,Government,1
2601,Sookmyung Womens University,KOR,Universities,1
2601,North-West University,ZAF,Universities,1
2601,Comissao Nacional de Energia Nuclear,BRA,Government,1
2601,Centro de Investigacion Biomedica en Red de Epidemiologia y Salud Publica,ESP,Health,1
2605,Massey University,NZL,Universities,1
2605,UK Astronomy Technology Centre,GBR,Government,1
2607,National Sun Yat-sen University,TWN,Universities,1
2608,GE Healthcare,MUL,Companies,3
2608,King Faisal University,SAU,Universities,1
2610,University of Stirling,GBR,Universities,2
2610,Zagazig University *,EGY,Universities,1
2610,"Shenzhen Peoples Hospital, 2nd Clinical Medical College of Jinan University",CHN,Health,1
2613,Khon Kaen University,THA,Universities,1
2613,Colorado School of Mines,USA,Universities,2
2615,City University London,GBR,Universities,2
2616,Kindai University *,JPN,Universities,1
2617,"The Nature Conservancy, USA",USA,Non-Profit,2
2617,Universitat zu Lubeck,DEU,Universities,2
2619,Latvian Institute of Organic Synthesis,LVA,Government,1
2619,Seoul St. Mary's Hospital,KOR,Health,1
2619,Australian Synchrotron,AUS,Companies,1
2619,Ministerio del Ambiente *,PER,Government,1
2619,State Grid Zhejiang Electric Power Co,CHN,Government,1
2624,Shantou University *,CHN,Universities,1
2624,"Cancer Institute and Hospital, Chinese Academy of Medical Sciences",CHN,Health,1
2624,Laboratoire Evolution et Diversite Biologique,FRA,Government,1
2627,American University of Beirut *,LBN,Universities,1
2627,Universidad de Cantabria *,ESP,Universities,2
2629,Guangdong Provincial People’s Hospital,CHN,Health,1
2629,Forschungszentrum Borstel – Leibniz-Zentrum fur Medizin und Biowissenschaften,DEU,Government,2
2631,Instituto de Telecomunicacoes,PRT,Non-Profit,1
2632,Rothamsted Research,GBR,Government,2
2632,IRCCS SYNLAB SDN,ITA,Health,1
2634,Hospital Nuestra Senora de Candelaria,ESP,Health,1
2635,European Space Astronomy Centre,ESP,Government,1
2636,The Nature Conservancy *,MUL,Non-Profit,1
2636,National Institute for Physiological Science,JPN,Government,1
2636,Bournemouth University,GBR,Universities,2
2639,Instituto Portugues de Oncologia de Lisboa Francisco Gentil,PRT,Health,1
2639,Laboratoire de Chimie,FRA,Government,1
2641,Scripps Health,USA,Health,2
2642,Fiona Stanley Hospital,AUS,Health,2
2642,Istituto per la BioEconomia,ITA,Government,2
2642,Wroclaw University of Science and Technology,POL,Universities,1
2645,Universidad Miguel Hernandez *,ESP,Universities,2
2646,Fiona Stanley Fremantle Hospitals Group *,AUS,Health,2
2647,Main Line Health *,USA,Health,2
2647,Natural History Museum London,GBR,Government,1
2649,Center for Integrated Nanotechnologies,USA,Government,2
2649,University of Tokyo Hospital,JPN,Health,1
2651,Max Planck Institut fur Demografische Forschung,DEU,Government,1
2652,Conselleria de Sanitat Universal i Salut Publica Alacant,ESP,Health,1
2653,St Antonius Hospital,NLD,Health,2
2654,Universidad Publica de Navarra *,ESP,Universities,2
2655,Istanbul Technical University,TUR,Universities,1
2656,Gdansk University of Technology,POL,Universities,1
2657,Institut d'Electronique et des Technologies du Numerique,FRA,Government,1
2657,East and North Hertfordshire NHS Trust,GBR,Health,2
2657,Kaohsiung Medical University,TWN,Universities,1
2660,Hochschule fur Wirtschaft und Recht Berlin,DEU,Universities,1
2661,Universite de Fribourg,CHE,Universities,2
2661,Universita degli Studi dell Aquila,ITA,Universities,2
2661,Uniformed Services University of the Health Sciences,USA,Universities,2
2661,HealthPartners *,USA,Health,2
2665,Dasman Diabetes Institute,KWT,Health,1
2665,Ames Laboratory,USA,Government,2
2665,Children's Medical Center Dallas,USA,Health,2
2668,University of Bradford,GBR,Universities,2
2668,Ann & Robert H Lurie Children's Hospital,USA,Health,2
2668,Missouri University of Science & Technology,USA,Universities,2
2671,Shanghai Sixth People's Hospital,CHN,Health,1
2672,Loyola University of Chicago *,USA,Universities,2
2672,Azienda Ospedale-Universita Padova,ITA,Health,2
2672,Universitatsklinikum Mannheim,DEU,Health,3
2675,Tri-Service General Hospital,TWN,Health,1
2675,"Instituto Nacional de Metrologia, Calidad y Tecnologia",BRA,Government,1
2675,Universita del Salento,ITA,Universities,2
2678,"Shanghai Institute of Applied Physics, Chinese Academy of Sciences",CHN,Government,1
2678,Liverpool School of Tropical Medicine,GBR,Universities,2
2680,Laboratoire de Genie Chimique de Toulouse,FRA,Government,1
2681,Shanghai Academy of Agricultural Sciences,CHN,Government,1
2681,Rady Children's Hospital-San Diego,USA,Health,2
2681,Wuhan University of Science and Technology,CHN,Universities,1
2684,Museu Paraense Emilio Goeldi,BRA,Government,1
2685,Azienda Ospedaliero-Universitaria Citta della Salute e della Scienza di Torino,ITA,Health,1
2685,"STMicroelectronics, France",FRA,Companies,1
2685,San Jose State University,USA,Universities,2
2688,Medical University of Lublin,POL,Universities,1
2689,Kyoto University Hospital,JPN,Health,1
2689,"Washington State University, Spokane Campus",USA,Universities,2
2691,"Chang Gung Memorial Hospital, Taipei *",TWN,Health,1
2691,"IRCCS Istituti Clinici Scientifici Maugeri, Milano",ITA,Health,2
2691,"Optum Inc, USA",USA,Companies,2
2694,Universite de Franche-Comte *,FRA,Universities,1
2695,Beijing University of Chinese Medicine *,CHN,Universities,1
2695,Pharmaceutical Product Development LLC,USA,Companies,2
2697,Osaka Metropolitan University *,JPN,Universities,1
2697,West Virginia University Health Sciences Center,USA,Health,2
2699,Royal College of Surgeons in Ireland *,IRL,Universities,2
2699,Azienda Ospedaliera Careggi,ITA,Health,1
2699,Hunan Agricultural University,CHN,Universities,1
2702,Monash Health *,AUS,Health,2
2703,Kantonsspital St. Gallen,CHE,Health,2
2703,Taipei Medical University Hospital,TWN,Health,1
2705,Ministero della Salute,ITA,Health,1
2705,Hasso Plattner Institute,DEU,Universities,1
2707,Ecole de Technologie Superieure,CAN,Universities,1
2708,Children's Hospital Los Angeles,USA,Health,2
2708,Orebro Universitet,SWE,Universities,2
2710,"Fraunhofer-Institut fur Optronik, Systemtechnik und Bildauswertung",DEU,Government,1
2710,Generalitat Valenciana Alicante,ESP,Government,1
2710,UCSF Medical Center,USA,Health,2
2710,Zhejiang Chinese Medical University *,CHN,Universities,1
2710,Medical University of Gdansk,POL,Universities,1
2715,Institut Francais de Recherche pour l'Exploitation de la Mer *,FRA,Government,1
2715,Diponegoro University,IDN,Universities,1
2715,Robert Bosch Stiftung,DEU,Non-Profit,2
2718,Nepean Hospital,AUS,Health,1
2718,Hospital Universitario Clementino Fraga Filho,BRA,Health,1
2720,MM Shemyakin and Y Ovchinnikov Institute of Bioorganic Chemistry Russian Academy of Sciences,RUS,Government,1
2720,Istituti Clinici Scientifici Maugeri *,ITA,Health,2
2720,South Dakota State University,USA,Universities,2
2723,Harbin University of Science and Technology,CHN,Universities,1
2723,Shanghai East Hospital,CHN,Health,1
2723,Gyeongsang National University Hospital,KOR,Health,1
2726,Sun Yat-sen University Fifth Hospital,CHN,Health,1
2727,Instituto Nacional de Investigacion y Tecnologia Agraria y Alimentaria,ESP,Government,1
2728,Los Angeles Biomedical Research Institute,USA,Health,2
2728,Hubei University of Technology,CHN,Universities,1
2728,Austrian Institute of Technology,AUT,Government,1
2731,Birla Institute of Technology and Science *,IND,Universities,1
2731,Universitat Oberta de Catalunya *,ESP,Universities,2
2733,"Indraprastha Institute of Information Technology, Delhi",IND,Universities,1
2734,Skolkovo Institute of Science and Technology,RUS,Universities,1
2734,St Vincent's Hospital Melbourne,AUS,Health,2
2734,HealthPartners Institute,USA,Government,2
2737,Junta de Comunidades de Castilla-La Mancha *,ESP,Government,2
2738,University of Jordan,JOR,Universities,1
2739,Institute for Computer Science and Control Hungarian Academy of Sciences,HUN,Government,1
2739,Women's Hospital School of Medicine Zhejiang University,CHN,Health,1
2739,Laboratoire d'Analyse et d'Architecture des Systemes,FRA,Government,2
2742,Donostia International Physics Center,ESP,Government,2
2743,Centro Cientifico Tecnologico La Plata,ARG,Government,1
2743,Chittagong University of Engineering and Technology,BGD,Universities,1
2743,Zhejiang Gongshang University,CHN,Universities,2
2743,Dutch Scientific Research Institutes *,NLD,Non-Profit,2
2747,Instituto IMDEA Nanociencia,ESP,Government,1
2747,Dartmouth-Hitchcock Health Care System,USA,Health,2
2749,Laboratoire Hubert Curien,FRA,Government,1
2750,Ospedale Luigi Sacco,ITA,Health,2
2751,Florida Museum of Natural History,USA,Government,2
2752,Centre Hospitalier Universitaire de Grenoble,FRA,Health,1
2752,Tuen Mun Hospital,HKG,Health,2
2752,Tarbiat Modares University,IRN,Universities,1
2755,Shanghai University of Engineering Science,CHN,Universities,1
2755,"Guangzhou Institute of Energy Conversion, Chinese Academy of Sciences",CHN,Government,1
2755,Deutsche Elektronen-Synchrotron Desy,DEU,Government,1
2755,"Universidad de los Andes, Colombia *",COL,Universities,1
2759,Spedali Civili di Brescia,ITA,Health,2
2759,"Institut Jean Lamour - Materiaux, Metallurgie, Nanosciences, Plasmas, Surfaces",FRA,Government,2
2761,Keio University Hospital,JPN,Health,1
2762,Gobierno de La Rioja *,ESP,Government,2
2762,University Corporation for Atmospheric Research,USA,Non-Profit,2
2762,Instituto IMDEA Alimentacion,ESP,Government,2
2765,"Departamento de Agricultura, Ganaderia y Medio Ambiente Zaragoza",ESP,Government,2
2766,Florida Agricultural & Mechanical University *,USA,Universities,2
2766,Zhejiang Academy of Agricultural Sciences *,CHN,Government,1
2766,Universities Space Research Association,USA,Non-Profit,2
2769,Keele University,GBR,Universities,2
2769,Istanbul University *,TUR,Universities,1
2769,Royal Perth Hospital,AUS,Health,2
2769,Palacky University *,CZE,Universities,1
2773,IRCCS Istituto Centro San Giovanni di Dio Fatebenefratelli,ITA,Health,1
2773,Luxembourg Institute of Science and Technology,LUX,Government,2
2775,Third Hospital Affiliated to Central South University,CHN,Health,1
2775,Children's National Health System,USA,Health,2
2775,Istituto di Elettronica e di Ingegneria dell'Informazione e delle Telecomunicazioni,ITA,Government,1
2775,Fondazione IRCCS Istituto Neurologico Carlo Besta,ITA,Health,1
2775,Technische Universitat Kaiserslautern,DEU,Universities,2
2780,University of Thessaly,GRC,Universities,1
2781,Departamento de Salud Navarra,ESP,Health,1
2781,Tel Aviv Sourasky Medical Center,ISR,Health,1
2781,The Second Affiliated Hospital of Zhejiang University,CHN,Health,1
2781,China National Tobacco Corp *,CHN,Government,1
2781,Syracuse University,USA,Universities,2
2786,Slovak Academy of Sciences *,SVK,Government,1
2786,"Research Center for Applied Sciences, Academia Sinica",TWN,Government,1
2788,Romanian Academy *,ROU,Government,1
2788,Agricultural Research Organization,ISR,Government,1
2790,Baylor University,USA,Universities,2
2790,"Naturgy Energy Group SA, Spain",ESP,Companies,2
2790,Silesian University of Technology,POL,Universities,1
2793,Zhejiang Lab,CHN,Government,1
2793,National Oceanography Centre Southampton,GBR,Government,2
2793,China Academy of Engineering Physics *,CHN,Government,2
2793,Cork University Hospital,IRL,Health,1
2793,"Institute of Urban Environment, Chinese Academy of Sciences",CHN,Government,1
2798,Catharina Hospital,NLD,Health,2
2798,Centre d'Epidemiologie et de Recherche en Sante des POPulations de Toulouse,FRA,Government,1
2798,University of Limerick,IRL,Universities,1
2798,Cancer Council Victoria,AUS,Non-Profit,2
2798,King Khalid University,SAU,Universities,1
2798,Brandeis University,USA,Universities,2
2798,First Affiliated Jiangsu Province Hospital with Nanjing Medical University,CHN,Health,1
2805,Folkhalsan,FIN,Health,2
2806,Laboratoire d'Informatique Gaspard-Monge,FRA,Government,1
2806,First Affiliated Southwest Hospital to Third Military Medical University,CHN,Health,1
2808,Singapore Institute for Clinical Sciences,SGP,Government,2
2808,Shandong Computer Science Center,CHN,Non-Profit,1
2810,Qian Xuesen Laboratory of Space Technology,CHN,Government,1
2810,University of Novi Sad,SRB,Universities,1
2810,Hospital General Universitario de Alicante *,ESP,Health,1
2813,Universidade Federal de Goias,BRA,Universities,1
2814,Centro Nacional de Epidemiologia,ESP,Health,1
2814,Kent State University,USA,Universities,2
2816,Universita degli Studi Magna Graecia di Catanzaro,ITA,Universities,2
2816,Boston College,USA,Universities,2
2816,Centre de Recherche en Automatique de Nancy,FRA,Government,2
2816,Universita degli Studi di Camerino,ITA,Universities,1
2820,Optum Inc,MUL,Companies,1
2820,Foothills Medical Centre,CAN,Health,1
2820,"Mawlana Bhashani University of Science and Technology, Tangail",BGD,Universities,1
2823,"Royal Veterinary College, University of London",GBR,Universities,2
2823,Institut Universitaire de Cardiologie et de Pneumologie de Quebec,CAN,Health,1
2823,Universidad de Concepcion *,CHL,Universities,1
2823,"Institute of Subtropical Agriculture, Chinese Academy of Sciences",CHN,Government,1
2827,State Grid Sichuan Electric Power Co,CHN,Government,1
2827,State University of New York Upstate Medical University *,USA,Universities,2
2827,South-Southwest Hospital Group *,IRL,Health,1
2827,National Research and Innovation Agency *,IDN,Government,1
2831,Mackay Memorial Hospital,TWN,Health,1
2832,National Center for Geriatrics and Gerontology *,JPN,Health,1
2833,Max Planck Institut fur Bildungsforschung,DEU,Government,1
2833,First People's Hospital Affiliated to Shanghai Jiao Tong University,CHN,Health,1
2833,Rolls-Royce Holdings plc *,MUL,Companies,2
2836,Institut Catala de la Salut Metropolitana Nord,ESP,Health,2
2837,Ospedale Niguarda,ITA,Health,1
2838,Centre Hospitalier de Luxembourg,LUX,Health,2
2838,Centro Hospitalar de Sao Joao,PRT,Health,1
2840,Alfred Wegener Institut fur Polar und Meeresforschung,DEU,Government,1
2841,Universite de Technologie de Compiegne *,FRA,Universities,1
2841,St. James's Hospital,IRL,Health,2
2841,National Taiwan Normal University,TWN,Universities,1
2841,Centre d'Ecologie Fonctionnelle et Evolutive Montpellier,FRA,Government,1
2841,Tartu University Hospital,EST,Health,1
2846,Hospital Universitario de Getafe,ESP,Health,1
2846,Junta de Castilla y Leon Valladolid,ESP,Government,2
2848,Hennepin Healthcare,USA,Health,2
2849,Kaiser Permanente Bernard J Tyson School of Medicine,USA,Universities,1
2850,Instituto de Nanociencia y Materiales de Aragon,ESP,Government,1
2851,Centro de Investigaciones Cientificas Isla de la Cartuja CS,ESP,Government,1
2852,Shihezi University,CHN,Universities,2
2853,Sangmyung University,KOR,Universities,1
2853,Institute for Advanced Study,USA,Non-Profit,1
2853,University of Nevada-Las Vegas,USA,Universities,2
2856,Gangnam Severance Hospital,KOR,Health,1
2856,"Maladies infectieuses et vecteurs. Ecologie, Genetique, Evolution et Controle",FRA,Government,1
2856,Max Planck Institut fur Radioastronomie,DEU,Government,1
2856,Universidade da Coruna,ESP,Universities,2
2860,Trento Institute for Fundamental Physics and Applications,ITA,Government,1
2860,Medical University of Bialystok,POL,Universities,1
2860,Agence Nationale de Sante Publique,FRA,Health,1
2863,State Grid Liaoning Electric Power Co Ltd,CHN,Government,1
2863,Beijing Academy of Agriculture and Forestry Sciences *,CHN,Government,1
2865,University of South Africa,ZAF,Universities,1
2865,Space Telescope Science Institute,USA,Government,1
2865,Hangzhou Normal University *,CHN,Universities,1
2868,Universitat Bayreuth,DEU,Universities,2
2868,Instituto Rene Rachou,BRA,Health,1
2870,Institute of Organic Chemistry and Biochemistry of the ASCR,CZE,Government,1
2871,University of Toledo *,USA,Universities,2
2871,Shiraz University of Medical Sciences *,IRN,Universities,1
2871,Max Planck Institut fur Kernphysik,DEU,Government,2
2874,"Instituto de Investigaciones FisicoQuimicas, Teoricas y Aplicadas",ARG,Government,1
2874,Universidade Federal do Ceara,BRA,Universities,1
2874,Monash University Malaysia,MYS,Universities,1
2874,Beihang Hangzhou Innovation Institute Yuhang,CHN,Government,1
2878,Manipal Global Education Group *,MUL,Companies,1
2878,"Centro de Investigacion Biomedica en Red Fisiopatologia de la Obesidad y Nutricion, Madrid",ESP,Health,1
2878,Max Planck Institut fur Plasmaphysik,DEU,Government,1
2878,"RTI International, United States",USA,Companies,2
2878,Basque Center for Applied Mathematics,ESP,Government,1
2883,"Kaiser Permanente Medical Center, Los Angeles",USA,Health,1
2883,Veterinarmedizinische Universitat Wien *,AUT,Universities,2
2883,International Institute for Applied Systems Analysis,AUT,Government,1
2883,Bilkent University,TUR,Universities,1
2887,Wuhan Institute of Technology,CHN,Universities,1
2887,Chapman University,USA,Universities,2
2887,Nara Institute of Science and Technology,JPN,Universities,1
2887,"International Atomic Energy Agency, Austria",AUT,Government,1
2891,Kaunas University of Technology,LTU,Universities,1
2891,Xinxiang Medical University *,CHN,Universities,2
2891,Institut de Mineralogie et de Physique des Milieux Condenses,FRA,Government,2
2891,Osaka International Cancer Institute,JPN,Health,1
2891,Jilin Agricultural University,CHN,Universities,2
2896,Deutscher Wetterdienst,DEU,Government,1
2896,Norfolk and Norwich University Hospitals NHS Foundation Trust,GBR,Health,2
2896,University of Sharjah,ARE,Universities,1
2899,Xuzhou Medical University,CHN,Universities,1
2899,Complejo Hospitalario Materno - Insular,ESP,Health,1
2899,"Instituto Nacional de Cancerologia, Mexico",MEX,Health,1
2899,Brawijaya University,IDN,Universities,1
2899,Istituto di Calcolo e Reti ad Alte Prestazioni,ITA,Government,1
2904,"University of Illinois, College of Medicine at Peoria",USA,Universities,2
2904,Senckenberg Forschungsinstitut und Naturmuseum *,DEU,Government,1
2906,Universidad Nacional de Educacion a Distancia *,ESP,Universities,2
2907,Istituto per i Processi Chimico Fisici,ITA,Government,1
2907,"State University of New York, New Paltz",USA,Universities,1
2907,Edge Hill University,GBR,Universities,3
2910,Instituto de Astrofisica de Andalucia,ESP,Government,1
2910,Unidade Local de Saude de Santa Maria,PRT,Health,1
2910,"Enel Iberia SL, Spain",ESP,Companies,2
2910,Wuyi University,CHN,Universities,1
2910,Hospital do Coracao,BRA,Health,1
2915,National Chung Cheng University,TWN,Universities,1
2915,Centro Nacional de Microelectronica CS,ESP,Government,1
2915,University of Idaho *,USA,Universities,2
2915,"Northeast Institute of Geography and Agroecology, Chinese Academy of Sciences",CHN,Government,1
2915,Sir Charles Gairdner Hospital,AUS,Health,2
2920,Hochschule Darmstadt,DEU,Universities,1
2921,Zhujiang Hospital,CHN,Health,1
2921,Northern Care Alliance NHS Foundation Trust,GBR,Health,2
2923,Centre for Ecology and Hydrology,GBR,Government,2
2923,University of the Philippines Diliman *,PHL,Universities,1
2925,Hong Kong Center for Neurodegenerative Diseases,HKG,Health,1
2925,University of Ontario Institute of Technology,CAN,Universities,1
2925,Tan Tock Seng Hospital,SGP,Health,2
2925,"Instituto Andaluz de Investigacion y Formacion Agraria, Pesquera, Alimentaria y de la Proteccion Eco",ESP,Government,1
2925,Universidade Federal da Bahia,BRA,Universities,1
2930,Universitat Augsburg,DEU,Universities,2
2930,Southwest University of Science and Technology,CHN,Universities,1
2930,Complejo Hospitalario Universitario de Santiago,ESP,Health,2
2930,TotalEnergies *,MUL,Companies,2
2934,Instituto Fernandes Figueira,BRA,Health,1
2935,Institute of Immunology and Experimental Therapy Polish Academy of Sciences,POL,Government,1
2935,Institute of Bioorganic Chemistry Polish Academy of Sciences,POL,Government,1
2935,Universidad Nacional de Cordoba *,ARG,Universities,1
2938,Robert Gordon University,GBR,Universities,2
2938,"Thales Alenia Space, France",FRA,Companies,1
2940,IRCCS Istituto delle Scienze Neurologiche di Bologna,ITA,Health,2
2941,BJC HealthCare,USA,Health,2
2942,Centro Hospitalar e Universitario de Coimbra,PRT,Health,1
2942,Boston Medical Center,USA,Health,2
2944,Lulea University of Technology,SWE,Universities,2
2944,Affiliated People's Hospital of Jiangsu University,CHN,Health,1
2946,Universite de Bretagne Occidentale *,FRA,Universities,1
2947,Instituto de Investigacion Hospital 12 de Octubre,ESP,Health,2
2947,Fujian Normal University,CHN,Universities,2
2947,Istituto Dalle Molle di Studi sull'Intelligenza Artificiale,CHE,Government,2
2947,Victoria University,AUS,Universities,2
2951,Keimyung University,KOR,Universities,1
2952,King Saud University Medical City,SAU,Health,1
2952,Chengdu University of Technology,CHN,Universities,1
2954,"Chang Gung Memorial Hospital, Keelung",TWN,Health,1
2954,Geoforschungszentrum Potsdam,DEU,Government,2
2954,Universitat de Girona *,ESP,Universities,2
2954,Warsaw University of Life Sciences,POL,Universities,1
2958,"Indian Institute of Technology, Roorkee",IND,Universities,1
2958,South Australian Health and Medical Research Institute,AUS,Health,2
2958,Universitatsklinikum Rostock,DEU,Health,3
2961,University of New Brunswick,CAN,Universities,1
2961,Dongguan University of Technology,CHN,Universities,1
2961,Guangxi Academy of Agricultural Sciences,CHN,Government,1
2964,Alder Hey Children's NHS Foundation Trust,GBR,Health,2
2965,Tokyo University of Science,JPN,Universities,1
2965,Universidade Federal de Santa Maria,BRA,Universities,1
2967,IRCCS Centro Neurolesi Bonino Pulejo,ITA,Health,1
2967,First Affiliated Hospital of Jinan University,CHN,Health,1
2967,"Family Health International, United States",USA,Non-Profit,2
2970,Complejo Hospitalario Torrecardenas,ESP,Health,1
2970,Istituto di Chimica dei Composti Organo Metallici,ITA,Government,1
2970,Soroka University Medical Center,ISR,Health,1
2970,Bandung Institute of Technology,IDN,Universities,1
2970,Universidad de Guadalajara,MEX,Universities,1
2970,Universidade Federal Fluminense,BRA,Universities,1
2976,Institut de Ciencia de Materials de Barcelona,ESP,Government,1
2977,Observatoire de Paris,FRA,Government,1
2977,Amman Arab University,JOR,Universities,1
2977,"Government College University, Faisalabad",PAK,Universities,1
2980,Changchun University of Technology,CHN,Universities,1
2980,"Consejeria de Agricultura, Pesca, Agua y Desarrollo Rural Sevilla",ESP,Government,1
2982,National Cerebral and Cardiovascular Center,JPN,Health,1
2982,IQVIA Inc *,MUL,Companies,2
2982,Shinshu University *,JPN,Universities,1
2985,Instituto Portugues do Mar e da Atmosfera,PRT,Government,1
2986,National Radio Astronomy Observatory Charlottesville,USA,Government,1
2986,Sheffield Teaching Hospitals NHS Trust,GBR,Health,2
2986,Taichung Veterans General Hospital,TWN,Health,1
2986,International Clinical Research Center,CZE,Health,1
2990,Magee-Womens Research Institute,USA,Health,2
2991,Orden Hospitalaria de San Juan de Dios *,ESP,Health,2
2991,Victoria University of Wellington,NZL,Universities,1
2993,Universite Jean Monnet *,FRA,Universities,2
2993,Azienda Ospedaliera di Verona,ITA,Health,2
2995,Lappeenranta University of Technology,FIN,Universities,2
2995,Fraunhofer Institut fur Keramische Technologien und Systeme,DEU,Government,2
2995,International Crops Research Institute for the Semi-Arid Tropics,MUL,Non-Profit,2
2998,Institut National de la Recherche Scientifique,CAN,Universities,1
2998,Centro de Investigacion Biomedica en Red de Diabetes y Enfermedades Metabolicas Asociadas,ESP,Health,1
2998,"Institute of Oceanology, Chinese Academy of Sciences",CHN,Government,1
2998,"Northwest Institute of Eco-Environment and Resources, Chinese Academy of Sciences",CHN,Government,1
2998,Guangxi Normal University,CHN,Universities,1
3003,Czech Technical University in Prague,CZE,Universities,1
3004,Hamad Medical Corp *,QAT,Health,2
3004,"TotalEnergies, France",FRA,Companies,1
3006,Centro Cochrane Iberoamericano,ESP,Health,2
3006,First Affiliated Hospital of Guangzhou Medical University,CHN,Health,1
3008,Tufts Medical Center,USA,Health,2
3008,Analysis Group Inc,USA,Companies,2
3008,European Southern Observatory *,DEU,Government,1
3008,St. Anne's University Hospital Brno *,CZE,Health,1
3012,Cancercare Manitoba,CAN,Health,2
3012,St Georges Healthcare NHS Trust,GBR,Health,2
3014,"Laboratoire d'Informatique, de Robotique et de Microelectronique de Montpellier",FRA,Government,2
3014,"Siemens AG, China",CHN,Companies,1
3016,"Airbus, France",FRA,Companies,1
3016,"University of the Punjab, Lahore",PAK,Universities,1
3018,Istituto di Fisiologia Clinica,ITA,Government,1
3018,"Shanghai Institute of Technical Physics, Chinese Academy of Sciences",CHN,Government,1
3020,Nihon University *,JPN,Universities,1
3020,Woods Hole Oceanographic Institution,USA,Non-Profit,2
3020,Pontificia Universidad Javeriana *,COL,Universities,1
3023,Tilburg University,NLD,Universities,2
3023,Plymouth Marine Laboratory,GBR,Government,1
3023,Pennington Biomedical Research Center,USA,Health,1
3026,"Institute of Hydrobiology, Chinese Academy of Sciences",CHN,Government,1
3027,Navarrabiomed-Fundacion Miguel Servet,ESP,Government,1
3027,University of Chittagong,BGD,Universities,1
3027,Oslo Metropolitan University,NOR,Universities,1
3030,Nagasaki University *,JPN,Universities,1
3031,Chengdu University of Traditional Chinese Medicine *,CHN,Universities,1
3032,CIC NanoGUNE,ESP,Government,1
3032,Embrapa Agroindustria Tropical,BRA,Government,1
3032,Agencia Nacional de Investigacion y Desarrollo de Chile *,CHL,Government,1
3032,Potsdam Institut fur Klimafolgenforschung,DEU,Government,1
3032,Universite de Technologie de Belfort-Montbeliard *,FRA,Universities,2
3032,Centre Oscar Lambret *,FRA,Health,1
3038,Natural Resources Institute Finland,FIN,Government,2
3038,Slovenian NMR Centre *,SVN,Government,1
3038,Laboratoire de Recherche Vasculaire Translationnelle,FRA,Government,1
3041,"KBR Inc, USA",USA,Companies,2
3041,National Taipei University of Technology,TWN,Universities,1
3043,Huazhong Normal University,CHN,Universities,1
3043,Tongji Hospital,CHN,Health,1
3045,"Oxford University Clinical Research Unit Viet Nam, Ho Chi Minh City",VNM,Health,1
3045,"Halliburton, United States",USA,Companies,1
3045,Max Planck Institut fur Psycholinguistik,NLD,Government,2
3048,Institut Pierre Simon Laplace,FRA,Government,1
3048,Istituto Officina dei Materiali,ITA,Government,2
3050,Yantai University,CHN,Universities,2
3051,Southern Methodist University,USA,Universities,2
3051,Pontificia Universidade Catolica do Rio Grande do Sul,BRA,Universities,1
3053,Vancouver Coastal Health *,CAN,Health,2
3053,Institut National des Sciences Appliquees de Lyon *,FRA,Universities,2
3053,Region Stockholm,SWE,Government,2
3056,Tokyo Medical University *,JPN,Universities,1
3056,Max Planck Institut fur Mathematik in den Naturwissenschaften,DEU,Government,2
3058,Istituto di Tecnologie Avanzate per l'Energia Nicola Giordano,ITA,Government,2
3059,Korea Basic Science Institute,KOR,Government,1
3060,Guangdong Medical University,CHN,Universities,2
3060,Universita degli Studi di Udine,ITA,Universities,2
3062,Kuwait Foundation for the Advancement of Sciences *,KWT,Non-Profit,1
3062,Institut des Materiaux Jean Rouxel,FRA,Government,1
3064,Kaplan Medical Center,ISR,Health,1
3064,Xunta de Galicia Ourense,ESP,Government,1
3064,Belfast Health and Social Care Trust,GBR,Health,2
3067,Jiangsu Normal University,CHN,Universities,2
3068,Chung Yuan Christian University,TWN,Universities,1
3068,Centre Hospitalier Universitaire Dijon,FRA,Health,2
3070,China Three Gorges University,CHN,Universities,2
3070,Hospital de Especialidades Jerez de la Frontera,ESP,Health,1
3072,Rhode Island Hospital,USA,Health,2
3072,Padjadjaran University,IDN,Universities,1
3072,University of Hertfordshire,GBR,Universities,2
3075,Instituto Ramon y Cajal de Investigacion Sanitaria,ESP,Health,2
3076,Royal Holloway - University of London,GBR,Universities,2
3076,Xavier University of Louisiana,USA,Universities,1
3076,Tianjin Medical University Cancer Institute and Hospital,CHN,Health,1
3076,Ecole Nationale Superieure de Chimie de Lille *,FRA,Universities,1
3080,University of the West of Scotland,GBR,Universities,2
3080,Instituto de Investigacion Biomedica de Salamanca,ESP,Government,1
3080,City University of New York Lehman College,USA,Universities,2
3080,Junta de Comunidades de Castilla-La Mancha Ciudad Real,ESP,Government,2
3084,Texas Tech University Health Sciences Center,USA,Universities,2
3085,Second Affiliated Xinqiao Hospital to Third Military Medical University,CHN,Health,1
3085,IMT Atlantique *,FRA,Universities,2
3085,Hunan University of Technology,CHN,Universities,1
3088,Centre Hospitalier Universitaire de Nancy,FRA,Health,2
3089,Universite de Rouen Normandie *,FRA,Universities,2
3089,Tashkent State Transport University,UZB,Universities,1
3091,Institut Nacional d'Educacio Fisica de Catalunya,ESP,Government,1
3091,Leibniz-Institut fur innovative Mikroelektronik,DEU,Government,1
3093,"Airbus, Germany",DEU,Companies,1
3093,Wonkwang University *,KOR,Universities,2
3093,International Livestock Research Institute Kenya,KEN,Non-Profit,1
3096,VA Milwaukee Healthcare System,USA,Health,1
3097,Sabanci University,TUR,Universities,1
3097,Tohoku University Hospital,JPN,Health,1
3097,Tokushima University *,JPN,Universities,1
3100,Conservatoire National des Arts et Metiers *,FRA,Universities,2
3100,Fraunhofer-Institut fur Hochfrequenzphysik und Radartechnik,DEU,Government,2
3102,Chelsea and Westminster Hospital NHS Foundation Trust,GBR,Health,2
3102,Zhejiang Normal University,CHN,Universities,1
3102,"National University of Ireland, Maynooth",IRL,Universities,2
3105,Rainbow Babies and Children's Hospital,USA,Health,2
3105,KBR Inc *,MUL,Companies,3
3107,Centre Hospitalier Universitaire de Nice *,FRA,Health,2
3107,Abbott Northwestern Hospital,USA,Health,2
3107,UnitedHealth Group *,MUL,Companies,2
3107,Shanghai Chest Hospital,CHN,Health,1
3111,Instituto Maimonides de Investigacion Biomedica de Cordoba,ESP,Health,2
3112,E-DA Cancer Hospital,TWN,Health,2
3112,Seoul National University of Science & Technology,KOR,Universities,2
3112,Istituto Giannina Gaslini Ospedale Pediatrico IRCCS,ITA,Health,2
3115,Shanghai Pulmonary Hospital,CHN,Health,1
3116,Northeast Normal University,CHN,Universities,1
3116,Universitat Paderborn,DEU,Universities,2
3116,"Centro de Investigacion Biomedica en Red de Epidemiologia y Salud Publica, Madrid",ESP,Health,1
3119,Shanghai Institute of Technology,CHN,Non-Profit,1
3119,Complejo Hospitalario Virgen del Rocio,ESP,Health,2
3121,Sheffield Hallam University,GBR,Universities,2
3121,Instituto para la Diversificacion y Ahorro de Energia *,ESP,Government,2
3121,University of Westminster,GBR,Universities,2
3124,Chengdu Medical College,CHN,Universities,1
3124,Educational Testing Service,USA,Non-Profit,2
3124,Imam Abdulrahman Bin Faisal University *,SAU,Universities,1
3127,Estacion Biologica de Donana,ESP,Government,2
3128,Laboratoire Lorrain de Recherche en Informatique et ses Applications,FRA,Government,1
3128,Eusko Jaurlaritza Alaba,ESP,Government,1
3130,Osakidetza Servicio Vasco de Salud Alaba,ESP,Health,1
3131,Carol Davila University of Medicine and Pharmacy,ROU,Universities,1
3131,Centre Antoine Lacassagne *,FRA,Health,1
3133,"Technical Institute of Physics and Chemistry, Chinese Academy of Sciences",CHN,Government,1
3134,University of Ottawa Heart Institute,CAN,Health,2
3134,Rajshahi University,BGD,Universities,1
3134,Khulna University of Engineering and Technology,BGD,Universities,1
3137,British Geological Survey,GBR,Government,2
3138,Santa Fe Institute,USA,Non-Profit,1
3138,Kitasato University *,JPN,Universities,1
3140,National Defense Medical College *,JPN,Universities,1
3141,University of Toledo Medical Center,USA,Health,2
3141,Shanghai Normal University,CHN,Universities,1
3141,Affiliated Cancer Hospital of Zhengzhou University,CHN,Health,1
3144,College of William and Mary,USA,Universities,2
3144,Chosun University *,KOR,Universities,2
3144,Royal Botanic Gardens Kew,GBR,Government,1
3144,BRAC University,BGD,Universities,1
3148,Laboratoire des Sciences du Climat et l'Environnement,FRA,Government,1
3148,British Columbia Centre for Disease Control,CAN,Health,1
3148,Petronas University of Technology,MYS,Universities,1
3151,Institut Lumiere Matiere,FRA,Government,2
3152,Guangdong Academy of Sciences *,CHN,Government,1
3153,Univerzitet Singidunum,SRB,Universities,1
3153,Universidad Pablo de Olavide *,ESP,Universities,2
3155,Chinese Academy of Fishery Sciences *,CHN,Non-Profit,2
3155,Centro de Automatica y Robotica,ESP,Government,1
3155,Harvard Pilgrim Health Care,USA,Health,1
3155,Institut de Chimie Moleculaire et des Materiaux d'Orsay,FRA,Government,1
3155,Swiss Tropical and Public Health Institute,CHE,Government,2
3160,"Swiss Federal Institute for Forest, Snow and Landscape Research",CHE,Government,2
3160,VICOMTech,ESP,Government,1
3160,Xiangtan University,CHN,Universities,1
3163,Center for Food Safety and Applied Nutrition,USA,Government,2
3163,Gunma University *,JPN,Universities,2
3163,University of Health Sciences,TUR,Universities,1
3166,Centro Cardiologico Monzino IRCCS,ITA,Health,2
3166,Prince Sattam Bin Abdulaziz University,SAU,Universities,1
3168,Ritsumeikan University,JPN,Universities,1
3168,Universita degli Studi dell'Insubria,ITA,Universities,2
3168,"University of Texas, El Paso",USA,Universities,2
3168,"Centro de Investigacion Biomedica en Red de Enfermedades Respiratorias, Barcelona",ESP,Health,1
3168,Pomeranian Medical University,POL,Universities,1
3168,Soongsil University,KOR,Universities,2
3174,Hospital Sirio-Libanes,BRA,Health,1
3174,Istituto Nazionale Tumori Regina Elena,ITA,Health,2
3176,University of Iceland,ISL,Universities,1
3176,Pamela Youde Nethersole Eastern Hospital,HKG,Health,2
3176,Mayo Clinic Health System,USA,Health,2
3179,IWK Health Centre *,CAN,Health,2
3179,Hallym University Medical Center,KOR,Health,1
3179,Chinese Academy of Tropical Agricultural Sciences,CHN,Universities,1
3179,Perth Children's Hospital,AUS,Health,2
3179,Vidyasirimedhi Institute of Science and Technology,THA,Universities,1
3179,Howard University Health Sciences,USA,Health,2
3185,"Electricite de France, S.A. *",FRA,Companies,1
3185,Institut de Physique et Chimie des Materiaux de Strasbourg,FRA,Government,1
3185,Carl von Ossietzky Universitat Oldenburg,DEU,Universities,2
3188,Centre for Research and Technology Hellas,GRC,Government,1
3189,Physikalisch-Technische Bundesanstalt,DEU,Government,3
3189,"SLB, United States",USA,Companies,1
3191,Enel Group *,MUL,Companies,2
3192,Instituto Butantan,BRA,Health,1
3192,"Institute of Rock and Soil Mechanics, Chinese Academy of Sciences",CHN,Government,1
3192,Nagoya City University *,JPN,Universities,2
3192,Hunan University of Science and Technology,CHN,Universities,1
3196,Tiangong University,CHN,Universities,2
3196,Catholic Kwandong University *,KOR,Universities,2
3198,Nippon Medical School *,JPN,Universities,1
3199,Forschungszentrum L3S,DEU,Government,2
3200,Centro Hospitalar de Lisboa Central,PRT,Health,1
3200,Institut National Polytechnique de Toulouse *,FRA,Universities,2
3200,Shanghai Ocean University,CHN,Universities,1
3203,Universidad de Extremadura *,ESP,Universities,2
3204,State Key Laboratory of Remote Sensing Science,CHN,Government,1
3204,Universidad de Almeria *,ESP,Universities,2
3206,Howard University *,USA,Universities,2
3207,University of North Dakota,USA,Universities,2
3207,Banaras Hindu University,IND,Universities,1
3207,General Hospital of Tianjin Medical University,CHN,Health,1
3210,Al-Azhar University *,EGY,Universities,1
3210,Secretaria General de l'Esport *,ESP,Government,1
3210,Blood Diseases Hospital,CHN,Health,1
3210,Jiangsu Academy of Agricultural Sciences *,CHN,Government,2
3214,Jeju National University *,KOR,Universities,2
3215,Hunan Normal University,CHN,Universities,1
3216,"Institute of Mechanics, Chinese Academy of Sciences",CHN,Government,1
3217,Hospital Universitari Dexeus,ESP,Health,1
3218,Helmholtz Zentrum Dresden Rossendorf,DEU,Government,2
3218,State Grid Sichuan Electric Power Research Institute,CHN,Government,1
3220,National High Magnetic Field Laboratory,USA,Government,2
3220,State Grid Tianjin Electric Power Co,CHN,Government,1
3220,Universite de Haute-Alsace Mulhouse-Colmar *,FRA,Universities,2
3223,University of Warmia and Mazury,POL,Universities,1
3223,Hospital General Universitario de Valencia,ESP,Health,1
3223,University of North Texas Health Science Center,USA,Health,2
3223,Yangtze University,CHN,Universities,2
3227,Xi'an University of Architecture and Technology,CHN,Universities,1
3227,Flanders Make,BEL,Non-Profit,2
3227,International Livestock Research Institute,MUL,Non-Profit,1
3230,Jozef Stefan Institute,SVN,Government,1
3231,Deutsche Herzzentrum Munchen,DEU,Health,2
3232,Histoire Naturelle de l'Homme Prehistorique,FRA,Government,1
3232,"Research Institute of Industrial Science & Technology, Pohang",KOR,Government,1
3232,Marquette University,USA,Universities,2
3235,Max Planck Institut fur Eisenforschung GmbH,DEU,Government,2
3235,Istituti Fisioterapici Ospitalieri IRCCS *,ITA,Health,2
3235,Institut National des Sciences Appliquees de Toulouse *,FRA,Universities,2
3238,"United Nations International Children's Emergency Fund, United States",USA,Non-Profit,1
3238,IRCCS San Raffaele Pisana,ITA,Health,2
3240,Technische Universitat Hamburg-Harburg,DEU,Universities,2
3240,Landspitali National University Hospital,ISL,Health,1
3240,Scuola Normale Superiore Pisa *,ITA,Universities,2
3243,Technological University Dublin,IRL,Universities,2
3243,"Shell, United States",USA,Companies,1
3243,Fondazione Santa Lucia IRCCS,ITA,Health,2
3246,"Norwegian Institute of Food, Fisheries and Aquaculture Research",NOR,Government,1
3246,Auckland University of Technology,NZL,Universities,1
3248,Universidad de Cadiz *,ESP,Universities,2
3248,China Academy of Information and Communications Technology,CHN,Government,1
3250,King Faisal Specialist Hospital and Research Centre,SAU,Health,2
3251,Laboratoire Interdisciplinaire Carnot de Bourgogne,FRA,Government,2
3251,United States Agency for International Development United States,USA,Government,2
3251,United States Agency for International Development *,MUL,Government,2
3251,Ramathibodi Hospital,THA,Health,1
3255,Prince of Songkla University,THA,Universities,1
3255,Instituto de Investigacion Sanitaria IdIPAZ,ESP,Health,2
3257,Leibniz-Institut fur Photonische Technologien,DEU,Government,1
3258,International Islamic University Chittagong,BGD,Universities,1
3258,Hospital General Dr Manuel Gea Gonzalez,MEX,Health,1
3258,Emek Medical Center,ISR,Health,1
3261,"Chang Gung Memorial Hospital, Chiayi",TWN,Health,1
3261,"Indian Institute of Technology, Kanpur",IND,Universities,1
3261,Instituto Pirenaico de Ecologia,ESP,Government,2
3264,Middle East Technical University,TUR,Universities,1
3264,King Abdulaziz City for Science and Technology,SAU,Government,1
3264,Instituto de Investigacion Biosanitaria,ESP,Health,2
3267,Hospital Universitario Fundacion Alcorcon,ESP,Health,1
3267,Embrapa Instrumentacao,BRA,Government,1
3267,Institut Pierre Louis d'Epidemiologie et de Sante Publique,FRA,Government,1
3267,Universidad Autonoma de Nuevo Leon *,MEX,Universities,1
3267,Robarts Research Institute,CAN,Health,1
3272,University Hospitals Coventry and Warwickshire NHS Trust,GBR,Health,3
3272,Bundesanstalt fur Geowissenschaften und Rohstoffe,DEU,Government,1
3274,Hospital Universitario Severo Ochoa *,ESP,Health,1
3274,University of Missouri Health Care,USA,Health,2
3276,Tamkang University,TWN,Universities,1
3276,University of Teesside,GBR,Universities,3
3276,Hospital Arnau de Vilanova,ESP,Health,1
3279,Universite Paris Dauphine,FRA,Universities,1
3279,Universidade Federal de Sao Carlos,BRA,Universities,1
3279,Nova Scotia Health Authority *,CAN,Health,2
3282,"Rolls-Royce plc, United Kingdom",GBR,Companies,2
3282,Centro Cientifico Tecnologico NOA Sur,ARG,Government,1
3284,Hospital Universitario Araba,ESP,Health,1
3285,Tianjin University of Technology,CHN,Universities,2
3285,Canisius Wilhelmina Ziekenhuis,NLD,Health,2
3285,Ecole Nationale Superieure de Techniques Avancees,FRA,Universities,1
3285,Azienda Ospedaliera Universitaria Pisana,ITA,Health,2
3289,Institute of Computer Science,GRC,Government,1
3289,Zhejiang A & F University *,CHN,Universities,2
3291,Allina Health *,USA,Health,2
3292,Toho University *,JPN,Universities,1
3292,"Institute of Atomic and Molecular Sciences, Academia Sinica",TWN,Government,1
3292,Institut Amelioration Genetique et Adaptation des Plantes mediterraneennes et Tropicales,FRA,Government,2
3295,University of Stavanger,NOR,Universities,1
3295,University of Central Lancashire,GBR,Universities,2
3297,Gazi University,TUR,Universities,1
3297,British Antarctic Survey,GBR,Government,2
3297,Piedmont Heart Institute,USA,Health,2
3297,Royal Women's Hospital,AUS,Health,2
3301,Comision de Investigaciones Cientificas *,ARG,Government,1
3302,Centre de Physique des Particules de Marseille,FRA,Government,1
3302,Ege University,TUR,Universities,1
3302,Instituto de Fisica de Cantabria,ESP,Government,1
3302,"Penn State Erie, The Behrend College",USA,Universities,2
3306,Fraunhofer Institut fur Produktionstechnologie,DEU,Government,2
3306,Aberystwyth University,GBR,Universities,3
3308,Gobierno del Principado de Asturias Oviedo,ESP,Government,2
3309,Pontificia Universidade Catolica do Rio de Janeiro,BRA,Universities,1
3309,NARI Group Corp,CHN,Government,1
3311,Centre Hospitalier Universitaire de Rouen,FRA,Health,2
3312,Korea Institute of Radiological and Medical Sciences,KOR,Health,1
3312,Babes-Bolyai University,ROU,Universities,1
3314,University of Aizu,JPN,Universities,1
3314,Korea Electronics Technology Institute,KOR,Government,1
3314,Huashan Hospital,CHN,Health,1
3317,University of Canterbury,NZL,Universities,1
3318,Turku University Hospital,FIN,Health,2
3319,University Hospital of Northern Norway,NOR,Health,2
3319,Istituto Nazionale di Geofisica e Vulcanologia,ITA,Government,1
3319,China-Japan Friendship Hospital,CHN,Health,1
3319,Universita degli Studi Roma Tre,ITA,Universities,1
3319,Universidade Federal do Rio Grande do Norte,BRA,Universities,1
3319,European XFEL GmbH,DEU,Companies,2
3325,Loyola Medicine,USA,Health,2
3325,Mondragon Unibertsitatea,ESP,Universities,2
3327,Pabna University of Science and Technology,BGD,Universities,1
3327,Comenius University in Bratislava,SVK,Universities,1
3327,LCMC Health System *,USA,Health,2
3330,Max Planck Institut fur Astronomie,DEU,Government,1
3330,Syiah Kuala University,IDN,Universities,1
3330,The Affiliated Hospital of Qingdao University Medical College,CHN,Health,1
3330,Zhongkai University of Agriculture and Engineering,CHN,Universities,2
3334,Jordan University of Science and Technology,JOR,Universities,1
3334,Glasgow Caledonian University,GBR,Universities,3
3334,Hospital General de Elche,ESP,Health,1
3337,Laboratoire Kastler Brossel,FRA,Government,2
3337,Instituto de Investigacion Sanitaria La Fe,ESP,Health,2
3337,Gobierno del Principado de Asturias *,ESP,Government,2
3340,University of Gdansk,POL,Universities,1
3340,Maria Sklodowska-Curie Memorial Institute of Oncology,POL,Health,1
3342,"New York University, Shanghai",CHN,Universities,1
3342,Universitat de les Illes Balears *,ESP,Universities,2
3342,Instituto de Ciencia de Materiales de Sevilla,ESP,Government,1
3345,National Institute of Biology,SVN,Government,1
3345,Kenya Medical Research Institute,KEN,Health,1
3347,Institut Universitaire de France,FRA,Government,1
3348,Foshan University,CHN,Universities,1
3349,Postgraduate Institute of Medical Education and Research,IND,Universities,1
3350,Bernstein Center for Computational Neuroscience Berlin,DEU,Government,2
3350,Family Health International *,MUL,Non-Profit,2
3350,Universita Campus Bio-Medico di Roma *,ITA,Universities,2
3350,European Central Bank,DEU,Government,1
3350,Tokai University *,JPN,Universities,2
3355,Ministry of Health *,TUR,Health,1
3355,Instituto de Investigacion Sanitaria Aragon,ESP,Health,2
3355,Anglia Ruskin University,GBR,Universities,2
3358,"National Astronomical Observatories, Chinese Academy of Science",CHN,Government,1
3359,Centre Hospitalier Universitaire Sainte-Justine,CAN,Health,2
3359,Cancer Hospital of Shantou University Medical College,CHN,Health,2
3361,First Affilated Hospital of Wenzhou Medical University,CHN,Health,1
3362,"City University of New York, College of Staten Island",USA,Universities,2
3362,Seoul National University Boramae Hospital,KOR,Health,2
3364,Chi Mei Medical Center,TWN,Health,1
3364,Institute of Animal Physiology and Genetics of the ASCR,CZE,Government,1
3366,Instituto de Biomedicina de Sevilla,ESP,Government,2
3367,The University of Salford,GBR,Universities,2
3368,New York City College of Technology,USA,Universities,2
3368,Hubei Hongshan Laboratory,CHN,Government,1
3368,University of Wyoming,USA,Universities,2
3371,Kumoh National Institute of Technology,KOR,Universities,1
3372,Istituto Neurologico Mediterraneo Neuromed IRCCS,ITA,Health,2
3373,Instituto Nacional de Ciencias Medicas y Nutricion Salvador Zubiran,MEX,Health,1
3373,Peking University Third Hospital,CHN,Health,1
3373,Lehigh University,USA,Universities,2
3376,CRRC Group Corp *,MUL,Government,2
3377,Children's Hospital of Eastern Ontario,CAN,Health,2
3377,Centre for Economic Policy Research,GBR,Non-Profit,2
3377,Kavli Institute for Astronomy and Astrophysics,CHN,Government,1
3380,Chengdu University of Information Technology,CHN,Universities,1
3380,Organisation for Economic Co-operation and Development France,FRA,Non-Profit,1
3380,State Grid Shanghai Electric Power Co,CHN,Government,1
3380,IVIRMA Global *,MUL,Health,2
3384,Kavli Institute for Theoretical Sciences,CHN,Government,1
3384,Centre Hospitalier Universitaire de Poitiers,FRA,Health,2
3384,National Veterinary Institute,NOR,Government,1
3387,Rambam Health Care Campus,ISR,Health,1
3387,Federation de Recherche Matiere et Interactions,FRA,Government,2
3387,Lodz University of Technology,POL,Universities,1
3387,Observatorio Astronomico Nacional,ESP,Government,1
3387,Centro de Fisica de Materiales,ESP,Government,2
3392,University of Pecs,HUN,Universities,1
3392,Observatoire Astronomique de Strasbourg,FRA,Government,1
3392,Universitat Salzburg,AUT,Universities,2
3395,National Institutes for Quantum Science and Technology *,JPN,Government,1
3395,Laboratoire d'Acoustique de l'Universite du Mans,FRA,Government,2
3395,Daresbury Laboratory,GBR,Government,2
3395,Ecole Normale Superieure de Lyon *,FRA,Universities,1
3399,Beijing Chest Hospital,CHN,Health,1
3399,Ministry of Health,MYS,Health,1
3399,Fondazione Istituto Neurologico Casimiro Mondino IRCCS,ITA,Health,2
3399,Grenoble Images Parole Signal Automatique,FRA,Government,2
3399,Institute of Animal Reproduction and Food Research Polish Academy of Sciences,POL,Government,1
3404,Lawson Health Research Institute,CAN,Health,1
3404,Hospital Universitario Principe de Asturias,ESP,Health,1
3406,Ministere de la Culture et de la Communication *,FRA,Government,1
3406,Royal United Hospital Bath NHS Trust,GBR,Health,2
3408,University of Cyprus,CYP,Universities,1
3409,University of Seoul,KOR,Universities,2
3409,Institut de Recerca de l'Hospital de la Santa Creu i Sant Pau,ESP,Health,2
3411,Universitat Mannheim,DEU,Universities,2
3411,Institut de Recherches sur la Catalyse et l'Environnement de Lyon,FRA,Government,2
3413,Hospital do Cancer AC Camargo,BRA,Health,1
3413,Bangor University,GBR,Universities,2
3415,Dalian Polytechnic University,CHN,Universities,1
3415,Manchester Academic Health Science Centre,GBR,Health,1
3415,Centre Hospitalier Universitaire de Limoges *,FRA,Health,2
3415,Universite d'Orleans *,FRA,Universities,2
3415,International Islamic University Malaysia,MYS,Universities,1
3420,Universite de Caen Basse-Normandie *,FRA,Universities,1
3421,Centro Cientifico Tecnologico de Cordoba,ARG,Government,1
3422,North Bristol NHS Trust,GBR,Health,2
3422,Chonnam National University Hwasun Hospital,KOR,Health,2
3422,Institut National des Sciences de l'Univers,FRA,Government,1
3422,Instituto Nacional de Salud Publica *,MEX,Health,1
3426,Shirley Ryan AbilityLab,USA,Health,2
3426,"Institute for Systems and Computer Engineering, Technology and Science",PRT,Non-Profit,1
3428,New York State Psychiatric Institute,USA,Health,2
3428,Universidade Federal de Pernambuco,BRA,Universities,1
3428,Turku PET Centre,FIN,Health,2
3431,NHS Grampian,GBR,Health,2
3431,Steno Diabetes Center,DNK,Health,2
3431,Tokyo Womens Medical University *,JPN,Universities,1
3434,Fraunhofer Institut fur Werkzeugmaschinen und Umformtechnik,DEU,Government,2
3434,Ataturk University,TUR,Universities,1
3436,Santa Clara University,USA,Universities,2
3437,Far Eastern Memorial Hospital,TWN,Health,1
3438,"Louisiana State University, Health Sciences Center *",USA,Universities,2
3438,Dankook University,KOR,Universities,2
3438,"The Permanente Medical Group, Oakland",USA,Health,2
3438,Japanese Red Cross Medical Center,JPN,Health,1
3442,Kagoshima University *,JPN,Universities,1
3442,Tecnologico Nacional de Mexico *,MEX,Government,1
3444,Khulna University,BGD,Universities,1
3444,Jiangsu University of Science and Technology,CHN,Universities,2
3446,Motol University Hospital,CZE,Health,1
3446,Instituto Geografico Nacional *,ESP,Government,1
3448,Institut National des Sciences Appliquees de Strasbourg *,FRA,Universities,2
3448,Osservatorio Astronomico di Padova,ITA,Government,1
3450,EDP Espana *,ESP,Companies,2
3450,"Bosch Health Campus, Germany",DEU,Health,2
3452,"Guangzhou Institute of Geography, GDAS",CHN,Government,1
3452,Institut des Sciences Moleculaires d'Orsay,FRA,Government,2
3452,"Boeing Co, USA",USA,Companies,2
3452,Tashkent State Technical University,UZB,Universities,1
3456,Xi'an University of Science and Technology,CHN,Universities,2
3456,Stony Brook University Medicine,USA,Health,2
3458,Centre Hospitalier Regional et Universitaire de Besancon,FRA,Health,2
3458,Universita degli Studi di Sassari,ITA,Universities,2
3458,Johns Hopkins Aramco Healthcare,SAU,Health,1
3461,"Materiaux, Ingenierie et Sciences",FRA,Government,2
3461,Biologie des Organismes et Ecosystemes Aquatiques,FRA,Government,1
3461,Niigata University *,JPN,Universities,1
3464,Hebei Medical University *,CHN,Universities,1
3464,"Agenzia Nazionale per le nuove Tecnologie, l'Energia e lo Sviluppo Economico Sostenibile",ITA,Government,1
3464,University of Ghana,GHA,Universities,1
3467,Medisch Spectrum Twente,NLD,Health,3
3467,St Vincent's Hospital Sydney,AUS,Health,2
3469,Saitama Medical University *,JPN,Universities,1
3469,Bristol Robotics Laboratory,GBR,Government,1
3471,Norwegian Research Centre,NOR,Non-Profit,2
3471,University Hospital Brussels,BEL,Health,2
3471,Istituto per le Applicazioni del Calcolo Mauro Picone,ITA,Government,2
3471,Leibniz Institut fur Pflanzenbiochemie,DEU,Government,1
3475,Clinica Las Condes,CHL,Health,1
3475,Bangladesh University of Engineering and Technology,BGD,Universities,1
3477,"Centro de Investigacion Biomedica en Red de Diabetes y Enfermedades Metabolicas Asociadas, Madrid",ESP,Health,2
3477,Centro de Investigacao em Biodiversidade e Recursos Geneticos,PRT,Non-Profit,1
3477,Flinders Medical Centre,AUS,Health,2
3477,Sebelas Maret University,IDN,Universities,1
3481,Hospital das Clinicas da Faculdade de Medicina de Ribeirao Preto da Universidade de Sao Paulo,BRA,Health,1
3481,Organisation for Economic Co-operation and Development *,MUL,Non-Profit,1
3481,Franche-Comte Electronique Mecanique Thermique et Optique - Sciences et Technologies,FRA,Government,1
3481,European Synchrotron Radiation Facility,FRA,Government,2
3485,Russian Quantum Center,RUS,Government,1
3486,Inje University *,KOR,Universities,1
3487,Huaiyin Institute of Technology,CHN,Universities,1
3488,German Centre for Integrative Biodiversity Research iDiv Halle-Jena-Leipzig,DEU,Government,1
3489,Providence Health Care *,CAN,Health,2
3490,Centre Hospitalier Universitaire de Rennes,FRA,Health,2
3490,Xijing Hospital,CHN,Health,1
3490,International Centre for Diarrhoeal Disease Research,BGD,Health,1
3490,Hokkaido University Hospital,JPN,Health,1
3494,Ministry of Health,OMN,Health,1
3495,Birmingham City University,GBR,Universities,2
3495,Bundesanstalt fur Materialforschung und -Prufung,DEU,Government,2
3495,Laboratoire Charles Coulomb,FRA,Government,2
3498,"Department for Environment, Food and Rural  Affairs *",GBR,Government,2
3498,University of Ioannina,GRC,Universities,1
3500,Korea Electrotechnology Research Institute,KOR,Government,1
3500,Institut Polytechnique de Bordeaux *,FRA,Universities,2
3502,Biodiversitat und Klima Forschungszentrum,DEU,Government,1
3502,Institut de Recerca Sant Joan de Deu,ESP,Health,2
3502,North Dakota State University,USA,Universities,2
3505,"Universidad Internacional de La Rioja, Logroño *",ESP,Universities,1
3506,Istituto dei Sistemi Complessi,ITA,Government,2
3506,Barrow Neurological Institute,USA,Health,2
3506,Korea University of Technology and Education,KOR,Universities,1
3509,Biology Centre of the ASCR,CZE,Government,1
3509,Zhengzhou University of Light Industry,CHN,Universities,2
3511,Centre Hospitalier Universitaire de Liege,BEL,Health,3
3511,Australian Catholic University,AUS,Universities,2
3511,South African Medical Research Council,ZAF,Health,1
3514,Hospital Universitario Miguel Servet,ESP,Health,2
3515,IFP Energies nouvelles,FRA,Government,2
3516,State Grid Hunan Electric Power Corp,CHN,Government,1
3516,Old Dominion University,USA,Universities,2
3516,Technische Hochschule Ingolstadt,DEU,Universities,1
3516,Marshfield Clinic,USA,Health,2
3520,Universite d'Avignon *,FRA,Universities,2
3520,Future University in Egypt,EGY,Universities,1
3520,Wroclaw University of Environmental and Life Sciences,POL,Universities,1
3520,Ministry of Health of the Russian Federation,RUS,Health,1
3520,University of Maribor,SVN,Universities,1
3525,Colorado School of Public Health,USA,Universities,2
3525,Bjerknes Centre for Climate Research,NOR,Government,1
3525,Kyoto Prefectural University of Medicine,JPN,Universities,1
3525,Hospital Universitario Virgen de La Arrixaca,ESP,Health,2
3525,Iuliu Hatieganu University of Medicine and Pharmacy Cluj Napoca,ROU,Universities,1
3530,National Research Institute for Child Health and Development,JPN,Health,1
3530,Complejo Hospitalario Universitario de Canarias,ESP,Health,1
3530,Universita degli Studi Ca Foscari di Venezia,ITA,Universities,1
3530,Instituto Mexicano del Petroleo,MEX,Government,1
3534,Istituto di Struttura della Materia,ITA,Government,2
3534,Oxford Brookes University,GBR,Universities,2
3536,Lockheed Martin Corp,USA,Companies,2
3536,Poznan University of Technology,POL,Universities,2
3536,Istituto di Ricerca per la Protezione Idrogeologica,ITA,Government,2
3536,Fundacao Getulio Vargas *,BRA,Universities,1
3540,Gifu University *,JPN,Universities,2
3540,"CRRC Corp Ltd, China",CHN,Government,1
3540,University of Maryland Medical Center,USA,Health,2
3540,Fundacion IVI,ESP,Non-Profit,2
3544,Patuakhali University of Science and Technology,BGD,Universities,1
3544,Hospital Universitari Sant Joan d'Alacant,ESP,Health,1
3544,North Carolina A&T State University,USA,Universities,2
3544,Tampere University Hospital,FIN,Health,2
3548,Piedmont Healthcare *,USA,Health,2
3548,Chung Shan Medical University Hospital,TWN,Health,1
3548,Shanghai University of Medicine and Health Sciences,CHN,Universities,2
3551,St Francis Hospital and Heart Center,USA,Health,2
3551,Instituto Nacional de Investigacao Agraria e Veterinaria,PRT,Government,1
3551,Centre d'Estudis Avancats de Blanes,ESP,Government,2
3554,"Alliance of Bioversity International and CIAT, Colombia",COL,Non-Profit,1
3555,Middlesex University *,GBR,Universities,2
3556,Hospital Universitario Infanta Sofia,ESP,Health,1
3556,Procedes et Ingenierie en Mecanique et Materiaux,FRA,Government,2
3556,Slovenian Academy of Sciences and Arts *,SVN,Government,1
3556,International Food Policy Research Institute United States,USA,Non-Profit,1
3556,ARUP Laboratories,USA,Companies,2
3561,IT University of Copenhagen,DNK,Universities,2
3562,Amrita University,IND,Universities,1
3563,OLV Hospital,BEL,Health,2
3563,Max Planck Institut fur Sonnensystemforschung,DEU,Government,2
3563,Shanghai Maritime University,CHN,Universities,2
3566,Indian Institute of Technology Guwahati,IND,Universities,1
3566,Advanced Telecommunications Research Institute International,JPN,Government,1
3568,Lovely Professional University,IND,Universities,1
3568,Istituto di Scienze delle Produzioni Alimentari,ITA,Government,2
3568,University of Baghdad,IRQ,Universities,1
3568,"City University of New York, Brooklyn College",USA,Universities,2
3572,Torrens University Australia,AUS,Universities,2
3572,University of Windsor,CAN,Universities,2
3572,Hyogo College of Medicine *,JPN,Universities,1
3572,Kaohsiung Veterans General Hospital,TWN,Health,2
3576,Feng Chia University,TWN,Universities,1
3576,China Jiliang University,CHN,Universities,2
3576,State Grid Chongqing Electric Power Co,CHN,Government,1
3576,Second Affiliated Hospital of Nanjing Medical University,CHN,Health,1
3580,Royal Devon and Exeter NHS Foundation Trust,GBR,Health,2
3580,Prince Sultan University,SAU,Universities,1
3580,Ochsner Healthcare *,USA,Health,2
3580,Free University of Bozen,ITA,Universities,2
3584,Halliburton *,MUL,Companies,3
3584,Sojo University,JPN,Universities,1
3584,National Central University,TWN,Universities,2
3584,Biodonostia Institute,ESP,Health,2
3584,China National Offshore Oil Corp *,CHN,Government,1
3589,Beijing Ditan Hospital,CHN,Health,2
3590,Agricultural University of Hebei,CHN,Universities,2
3590,Clinica Alemana de Santiago,CHL,Health,1
3590,Stiftung Tierarztliche Hochschule Hannover,DEU,Universities,3
3590,"University of Louisiana, Lafayette",USA,Universities,2
3594,"California Polytechnic State University, San Luis Obispo",USA,Universities,2
3594,"IRCCS Istituti Clinici Scientifici Maugeri, Pavia",ITA,Health,1
3594,Incheon National University,KOR,Universities,2
3594,Universitats Kinderspital beider Basel,CHE,Health,2
3598,Indian Institute of Chemical Biology,IND,Government,1
3598,Museo Nacional de Ciencias Naturales,ESP,Government,2
3598,National Institute for Environmental Studies,JPN,Government,1
3601,Institut MitoVasc,FRA,Government,2
3601,Chinese Academy of Forestry *,CHN,Government,1
3601,Tennessee Technological University,USA,Universities,2
3601,Kobe University Hospital,JPN,Health,1
3601,Northeast Electric Power University,CHN,Universities,2
3606,Aalborg University Hospital,DNK,Health,2
3607,Universite Gustave Eiffel *,FRA,Universities,1
3607,Centre Hospitalier Universitaire d'Angers,FRA,Health,2
3607,Empresa Nacional del Gas SA *,ESP,Companies,2
3610,Zhejiang Cancer Hospital,CHN,Health,1
3610,"Biodiversity Research Center, Academia Sinica",TWN,Government,2
3612,Universidad de Jaen *,ESP,Universities,2
3612,"University of Agriculture, Faisalabad",PAK,Universities,1
3614,Institut des Molecules et Materiaux du Mans,FRA,Government,1
3614,Shantou University Medical College,CHN,Universities,1
3614,Sharif University of Technology,IRN,Universities,1
3617,"Institut de Systematique, Evolution, Biodiversite",FRA,Government,1
3617,St. Vincent's University Hospital,IRL,Health,2
3617,Wildlife Conservation Society USA,USA,Non-Profit,2
3617,Teikyo University *,JPN,Universities,2
3617,University of Brighton *,GBR,Universities,2
3617,"Asia University, Taiwan",TWN,Universities,2
3617,Tokyo University of Agriculture and Technology,JPN,Universities,1
3624,"SFI Research Centre for Energy, Climate and Marine Research and Innovation - MaRei",IRL,Government,1
3624,"Goldsmiths, University of London",GBR,Universities,3
3624,Aga Khan University *,PAK,Universities,1
3624,"Shanghai Institute of Optics and Fine Mechanics, Chinese Academy of Sciences",CHN,Government,1
3628,Cancer Registry of Norway Institute of Population-Based Cancer Research,NOR,Government,2
3628,Jiangxi Normal University,CHN,Universities,2
3628,Polish Mothers Memorial Hospital Research Institute,POL,Health,1
3631,Laboratoire d'Astrophysique de Bordeaux - Observatoire de Bordeaux,FRA,Government,1
3632,"Laboratoire de Geologie de Lyon: Terre, Planetes et Environnement",FRA,Government,1
3632,Instituto de Pesquisas Jardim Botanico do Rio de Janeiro,BRA,Government,1
3632,University of New Hampshire,USA,Universities,2
3635,J. Heyrovsky Institute of Physical Chemistry of the ASCR,CZE,Government,1
3635,Poznan University of Life Sciences,POL,Universities,1
3635,St. Francis Xavier University,CAN,Universities,1
3635,Istituto dei Materiali per l'Elettronica ed il Magnetismo,ITA,Government,2
3635,ITMO University,RUS,Universities,1
3640,North China University of Technology,CHN,Universities,1
3640,St Josephs Hospital and Medical Center,USA,Health,2
3642,Laboratoire Informatique Signaux Systemes de Sophia Antipolis,FRA,Government,2
3643,ISCTE Instituto Universitario de Lisboa,PRT,Universities,1
3644,Charles Darwin University *,AUS,Universities,2
3645,Universite du Mans *,FRA,Universities,2
3645,Chiba University Hospital,JPN,Health,2
3645,Politehnica University of Bucharest,ROU,Universities,1
3648,State Grid Hubei Electric Power Co,CHN,Government,1
3649,University of Boras,SWE,Universities,2
3649,Centro Hospitalar de Lisboa Ocidental,PRT,Health,1
3649,Pontificia Universidad Catolica de Valparaiso *,CHL,Universities,1
3649,Tokyo University of Agriculture,JPN,Universities,1
3653,Universite de Toulouse-Jean Jaures *,FRA,Universities,2
3653,Gobierno de Cantabria *,ESP,Government,3
3653,Hasselt University,BEL,Universities,2
3653,Portland State University,USA,Universities,2
3657,Station Biologique de Roscoff,FRA,Government,1
3657,"Population Council, USA",USA,Non-Profit,2
3659,The Fifth Medical Center of the PLA General Hospital,CHN,Health,1
3659,Yildiz Technical University,TUR,Universities,1
3659,Laboratoire de Physique des Solides,FRA,Government,2
3662,Kingston University,GBR,Universities,2
3663,"University of Montana, Missoula",USA,Universities,2
3663,Universitat de Vic-Universitat Central de Catalunya *,ESP,Universities,3
3663,East Carolina University,USA,Universities,2
3666,State Grid Anhui Electric Power Co,CHN,Government,1
3666,International Food Policy Research Institute,MUL,Non-Profit,1
3668,Providence University,TWN,Universities,1
3668,"Institute of Chemistry, Academia Sinica",TWN,Government,1
3670,Toronto Rehab,CAN,Health,2
3671,King Abdullah International Medical Research Center,SAU,Health,1
3672,Yale New Haven Health System,USA,Health,3
3672,Ural Federal University,RUS,Universities,1
3672,Loma Linda University *,USA,Universities,3
3675,Meir Medical Center,ISR,Health,1
3675,Centre Hospitalier Universitaire de Clermont-Ferrand,FRA,Health,2
3677,Lithuanian University of Health Sciences,LTU,Universities,1
3677,Fujita Health University *,JPN,Universities,2
3677,Minia University *,EGY,Universities,1
3677,Fermi National Accelerator Laboratory,USA,Government,1
3681,Laboratoire Traitement du Signal et de l'Image,FRA,Government,2
3681,China National Nuclear Corporation *,CHN,Government,1
3681,Universite d'Angers *,FRA,Universities,1
3681,Rajshahi University of Engineering and Technology,BGD,Universities,1
3685,RAND Corp *,USA,Non-Profit,2
3685,Ochsner Clinical School,USA,Universities,2
3685,Institute of Microbial Technology,IND,Government,1
3688,"Istituto Superconduttori, Materiali Innovativi e Dispositivi",ITA,Government,2
3688,Fundacion Clinica Medica Sur AC *,MEX,Health,1
3688,Ljubljana University Medical Centre,SVN,Health,1
3691,Marmara University *,TUR,Universities,1
3691,Universidade Federal do Para,BRA,Universities,1
3693,Marmara Research Center,TUR,Government,1
3693,Oulu University Hospital,FIN,Health,2
3693,"Institute of Soil Science, Chinese Academy of Sciences",CHN,Government,1
3696,Embry-Riddle Aeronautical University *,USA,Universities,2
3696,Guangdong Ocean University,CHN,Universities,2
3698,Brno University of Technology,CZE,Universities,2
3698,SYNLAB Group *,MUL,Health,2
3700,Instituto de Investigacion Biomedica de Malaga,ESP,Health,2
3700,Instituto de Investigaciones Agropecuarias,CHL,Government,1
3700,Centro de Investigacion y de Estudios Avanzados del IPN *,MEX,Universities,1
3700,Pukyong National University,KOR,Universities,2
3700,Chulabhorn Research Institute,THA,Government,1
3705,Shandong University of Technology,CHN,Universities,2
3705,Institut des Sciences Analytiques et de Physico-Chimie pour l'Environnement et les Materiaux,FRA,Government,2
3707,Scuola Internazionale Superiore di Studi Avanzati *,ITA,Universities,1
3708,Universita degli Studi di Foggia,ITA,Universities,2
3708,Health Service Executive,IRL,Health,1
3710,"Birkbeck, University of London",GBR,Universities,3
3710,Institute of Physical Chemistry Polish Academy of Sciences,POL,Government,1
3710,First Affiliated Hospital of Chongqing Medical University,CHN,Health,1
3713,Guilin Medical University *,CHN,Health,2
3713,Universidad de Costa Rica,CRI,Universities,1
3713,Tecnalia Research & Innovation,ESP,Government,1
3713,National Synchrotron Radiation Research Center Taiwan,TWN,Government,1
3713,Ochsner Medical Center-New Orleans,USA,Health,2
3713,Burnet Institute,AUS,Health,2
3713,Uppsala University Hospital,SWE,Health,2
3720,"Institute of Electrical Engineering, Chinese Academy of Sciences",CHN,Government,1
3721,Bulgarian Academy of Sciences *,BGR,Government,1
3721,University of West London,GBR,Universities,2
3721,Escola Nacional de Saude Publica Sergio Arouca,BRA,Universities,1
3724,Arid Lands Cultivation Research Institute,EGY,Government,1
3724,SRON Netherlands Institute for Space Research,NLD,Government,2
3726,Danderyd University Hospital,SWE,Health,2
3726,Osservatorio Astronomico di Roma,ITA,Government,1
3726,Max Planck Institut fur Chemie,DEU,Government,2
3726,Guangdong Provincial Laboratory of Southern Marine Science and Engineering Zhanjiang,CHN,Government,2
3726,"Indian Institute of Science Education and Research, Pune",IND,Government,1
3731,Prairie View A&M University,USA,Universities,2
3731,State University of Yogyakarta,IDN,Universities,1
3733,National Institute of Cholera and Enteric Diseases,IND,Health,1
3733,Institut Jean le Rond d'Alembert,FRA,Government,2
3733,Sun Yat-sen University Hospital of Stomatology,CHN,Health,2
3736,Peoples'Friendship University of Russia,RUS,Universities,1
3736,Musashino Red Cross Hospital,JPN,Health,1
3736,Second Affiliated Hospital of China Medical University-Sheng Jing Hospital,CHN,Health,1
3736,Institut de Recherches sur les lois Fondamentales de l'Univers,FRA,Government,1
3740,"South China Sea Institute of Oceanology, Chinese Academy of Sciences",CHN,Government,1
3741,Osservatorio Astronomico di Capodimonte,ITA,Government,1
3741,Ministry of Natural Resources *,CHN,Government,1
3741,Albany Medical College,USA,Universities,2
3744,Hongik University,KOR,Universities,2
3744,"ISIS Neutron and Muon Source, RAL",GBR,Government,2
3744,Naturgy Energy Group *,MUL,Companies,2
3744,National Center for Genetic Engineering and Biotechnology,THA,Government,1
3748,Rijnstate Ziekenhuis,NLD,Health,2
3749,Masaryk Memorial Cancer Institute,CZE,Health,1
3749,Vilnius Gediminas Technical University,LTU,Universities,1
3749,Alliance of Bioversity International and CIAT,MUL,Non-Profit,1
3752,Childrens Mercy Hospital,USA,Health,3
3753,"University of Connecticut, Avery Point",USA,Universities,2
3754,Japan Society for the Promotion of Science,JPN,Government,2
3754,Universite de Bretagne-Sud *,FRA,Universities,2
3754,Hangzhou Medical College *,CHN,Universities,1
3754,Natural Resources Canada,CAN,Government,2
3758,Universidade Federal da Paraiba,BRA,Universities,1
3758,Jamia Millia Islamia Central University,IND,Universities,1
3758,Institute of Marine Research,NOR,Government,2
3761,Central European Institute of Technology,CZE,Government,1
3761,Helmholtz-Zentrum fur Ozeanforschung Kiel Umgewandelt,DEU,Government,2
3763,Fundacion para la Lucha contra las Enfermedades Neurologicas de la Infancia,ARG,Non-Profit,1
3763,Japan International Research Center for Agricultural Sciences,JPN,Government,1
3763,Universidade Federal do Espirito Santo,BRA,Universities,1
3763,I-Shou University,TWN,Universities,2
3767,Universidad de Burgos,ESP,Universities,2
3768,GlobalFoundries Inc *,MUL,Companies,2
3768,Dong-A University,KOR,Universities,2
3770,Medical University of Silesia,POL,Universities,1
3770,Democritus University Of Thrace,GRC,Universities,1
3770,Karl Landsteiner University for Health Sciences,AUT,Universities,2
3773,"Universidad de Leon, Spain *",ESP,Universities,2
3773,"University of Wisconsin, Milwaukee",USA,Universities,2
3775,Osservatorio di Astrofisica e Scienza dello Spazio di Bologna ,ITA,Government,1
3775,Complejo Hospitalario Virgen de La Victoria,ESP,Health,2
3775,Xi'an University of Post and Telecommunications,CHN,Universities,1
3775,Universidade Federal de Vicosa,BRA,Universities,1
3775,Hunter Medical Research Institute,AUS,Health,2
3780,"University of Maine, Orono",USA,Universities,2
3780,Hunan University of Science and Engineering,CHN,Universities,1
3780,Instituto Militar de Engenharia,BRA,Universities,1
3783,Edith Wolfson Medical Center,ISR,Health,1
3783,"University of Minnesota, Duluth",USA,Universities,2
3785,Regional Centre for Biotechnology,IND,Government,1
3785,University of Southern Queensland,AUS,Universities,3
3787,Leibniz Institut fur Festkorper und Werkstoffforschung Dresden,DEU,Government,2
3787,Graduate University for Advanced Studies,JPN,Universities,1
3787,Kennesaw State University,USA,Universities,2
3790,Qatar Environment and Energy Research Institute,QAT,Government,2
3790,Hull York Medical School,GBR,Universities,3
3790,Ministry of National Guard - Health Affairs,SAU,Health,2
3790,Eastern Virginia Medical School,USA,Universities,2
3794,University of Wolverhampton,GBR,Universities,3
3794,Complejo Asistencial Universitario de Burgos,ESP,Health,2
3796,Anna University,IND,Universities,1
3796,Allgemeines Krankenhaus Wien,AUT,Health,3
3796,Henan Normal University,CHN,Universities,2
3796,National Institute for Subatatomic Physics,NLD,Government,2
3800,National Ilan University,TWN,Universities,1
3801,Institute of Chemical Engineering and High Temperature Chemical Processes,GRC,Government,1
3801,Panjab University,IND,Universities,1
3801,Kyushu University Hospital,JPN,Health,1
3804,Liaocheng University *,CHN,Universities,2
3805,Fu Jen Catholic University,TWN,Universities,2
3805,"Universite Capitole, Toulouse I *",FRA,Universities,2
3807,Hochschule Niederrhein,DEU,Universities,2
3807,Institute of Microbiology of the ASCR,CZE,Government,1
3809,Shandong Provincial Hospital,CHN,Health,1
3810,Universidade do Estado do Rio de Janeiro *,BRA,Universities,1
3810,Army Engineering University of PLA,CHN,Universities,1
3810,Osaka Red Cross Hospital,JPN,Health,1
3813,Second Affiliated Hospital & Yuying Children's Hospital of Wenzhou Medical University,CHN,Health,1
3813,Munich Center for Quantum Science and Technology,DEU,Government,1
3813,Fraunhofer Institut fur Techno- und Wirtschaftsmathematik,DEU,Government,2
3816,Aligarh Muslim University,IND,Universities,1
3816,Cambridgeshire and Peterborough NHS Foundation Trust,GBR,Health,2
3816,World Agroforestry,MUL,Non-Profit,1
3816,Binus University,IDN,Universities,1
3816,University of Agder,NOR,Universities,2
3816,University of South China,CHN,Universities,1
3816,Sun Yat-sen University Seventh Hospital,CHN,Health,1
3823,"BCMaterials-Basque Center for Materials, Applicatons and Nanostructures",ESP,Government,1
3823,West Pomeranian University of Technology,POL,Universities,1
3825,Institut d'Investigacio en Intelligencia Artificial,ESP,Government,2
3826,Centre d'Etudes Spatiales de la Biosphere,FRA,Government,1
3826,Cathay General Hospital,TWN,Health,2
3826,Max Planck Institut fur Mathematik,DEU,Government,2
3826,Universite de Limoges *,FRA,Universities,2
3826,Quaid-i-Azam University,PAK,Universities,1
3831,Froedtert and Medical College of Wisconsin,USA,Health,2
3831,IMT School for Advanced Studies Lucca,ITA,Government,1
3833,University Hospital of Derby and Burton NHS Foundation,GBR,Health,2
3833,"Fraunhofer-Institut fur Kommunikation, Informationsverarbeitung und Ergonomie",DEU,Government,2
3833,Centre d'Etudes Biologiques de Chize,FRA,Government,1
3833,Laboratoire de Biometrie et Biologie Evolutive,FRA,Government,1
3837,Peter the Great St Petersburg Polytechnic University,RUS,Universities,1
3837,Southwest Medical University *,CHN,Universities,1
3839,Universidade da Beira Interior,PRT,Universities,2
3839,Queen Elizabeth II Health Sciences Centre,CAN,Health,2
3839,Tottori University *,JPN,Universities,2
3839,Tallinn University of Technology,EST,Universities,1
3843,Centro de Investigacion Biomedica en Red de Fragilidad y Envejecimiento Saludable,ESP,Health,1
3844,The Catholic University of America,USA,Universities,3
3844,Indonesia University of Education,IDN,Universities,1
3844,Air University,PAK,Universities,1
3847,Center for International Forestry Research Indonesia,IDN,Non-Profit,1
3847,Hospital Edgardo Rebagliati Martins,PER,Health,1
3847,Hospital de Clinicas Jose de San Martin,ARG,Health,1
3847,Ecole Nationale Superieur de Mecaniques et des MicroTechniques *,FRA,Universities,1
3851,Paracelsus Medizinische Privatuniversitat,AUT,Universities,3
3852,International Monetary Fund,USA,Non-Profit,2
3852,Institute for Energy Technology,NOR,Government,1
3852,"University of Hawaii, Hilo",USA,Universities,2
3855,Agency for Defense Development,KOR,Government,1
3855,"Institute of Atmospheric Physics, Chinese Academy of Sciences",CHN,Government,1
3857,Qassim University,SAU,Universities,1
3857,Henan University of Technology,CHN,Universities,2
3859,Ospedale Casa Sollievo della Sofferenza IRCCS,ITA,Health,2
3859,Onze Lieve Vrouwe Hospital,NLD,Health,3
3859,Ecole Centrale de Nantes *,FRA,Universities,2
3862,Ministry of Public Security,CHN,Government,1
3862,Sepuluh Nopember Institute of Technology,IDN,Universities,1
3862,Ohio University,USA,Universities,2
3862,Heilongjiang University,CHN,Universities,2
3862,Shanghai University of Electric Power,CHN,Universities,2
3862,University of Chemistry and Technology,CZE,Universities,1
3862,Shenyang Agricultural University,CHN,Universities,2
3862,Hospital Clinico Universitario de Valladolid,ESP,Health,1
3870,OU Medicine,USA,Health,2
3871,Helmholtz Institut Mainz,DEU,Government,2
3871,Children's Wisconsin,USA,Health,2
3871,Communication University of China,CHN,Universities,1
3871,Second Affiliated Hospital of Chongqing Medical University,CHN,Health,1
3875,Institut d'Optique Graduate School *,FRA,Universities,1
3875,"Astrophysique, Instrumentation et Modelisation",FRA,Government,1
3875,Health Canada,CAN,Health,2
3875,Marmara University Hospital,TUR,Health,1
3879,Centro de Ciencias Humanas y Sociales CS,ESP,Government,2
3879,Shuang Ho Hospital,TWN,Health,1
3879,University of Malta,MLT,Universities,1
3879,Mahatma Gandhi University,IND,Universities,1
3883,Norwegian Institute of Bioeconomy Research,NOR,Government,2
3884,General Dynamics *,MUL,Companies,3
3885,Guangdong Provincial Laboratory of Southern Marine Science and Engineering,CHN,Government,1
3885,Zentralinstitut fur Seelische Gesundheit,DEU,Government,3
3885,Universidad de la Republica *,URY,Universities,1
3885,Sumatera Utara University,IDN,Universities,1
3889,"Xishuangbanna Tropical Botanical Garden, Chinese Academy of Sciences",CHN,Government,1
3889,Linnaeus University,SWE,Universities,2
3889,St Marianna University School of Medicine *,JPN,Universities,2
3889,Universite de Poitiers *,FRA,Universities,2
3893,Office National d'Etudes et de Recherches Aerospatiales Chatillon *,FRA,Government,2
3894,"University of Massachusetts, Dartmouth",USA,Universities,2
3894,Xi'an Jiaotong-Liverpool University,CHN,Universities,1
3894,Policlinico Tor Vergata,ITA,Health,3
3897,Hospital Beneficencia Portuguesa de Sao Paulo,BRA,Health,1
3898,Gachon University Gil Medical Center,KOR,Health,2
3898,Astroparticule et Cosmologie,FRA,Government,1
3898,Geosciences Montpellier,FRA,Government,2
3901,Institut Zur Zukunft der Arbeit,DEU,Non-Profit,2
3901,Dankook University Hospital,KOR,Health,2
3901,Office National d'Etudes et de Recherches Aerospatiales Palaiseau,FRA,Government,2
3901,"Nippon Telegraph and Telephone Corp, USA",USA,Companies,1
3905,North South University,BGD,Universities,2
3905,"King Abdulaziz University Hospital, Jeddah",SAU,Health,1
3907,Umberto I Policlinico di Roma,ITA,Health,3
3907,"Institute of Mountain Hazards and Environment, Chinese Academy of Sciences",CHN,Government,1
3909,University of Toyama *,JPN,Universities,2
3910,Northwest Normal University,CHN,Universities,2
3910,Jilin Academy of Agricultural Sciences,CHN,Government,1
3910,"General Dynamics Co, USA",USA,Companies,2
3913,Dhaka University of Engineering and Technology,BGD,Universities,2
3913,Hanyang University Medical Center,KOR,Health,2
3913,"Indian Institute of Technology, Hyderabad",IND,Universities,1
3913,James Hutton Institute,GBR,Non-Profit,3
3913,Hospital General de Mexico Dr Eduardo Liceaga,MEX,Health,1
3918,MedStar Health *,USA,Health,2
3918,Institut d'Estudis Catalans *,ESP,Government,2
3918,University of Vaasa,FIN,Universities,3
3918,University of Mons,BEL,Universities,3
3918,Central Queensland University,AUS,Universities,3
3923,Norwegian Institute for Air Research,NOR,Government,1
3923,Chaudhary Charan Singh University,IND,Universities,1
3923,Universitat de Lleida *,ESP,Universities,2
3926,United International University,BGD,Universities,2
3926,Mid Sweden University,SWE,Universities,2
3926,Laboratoire d'Informatique de l'Ecole Polytechnique,FRA,Government,1
3926,Daegu Catholic University *,KOR,Universities,3
3930,State Grid Qinghai Electric Power Co,CHN,Government,1
3931,"Universite de Picardie Jules Verne, Amiens *",FRA,Universities,2
3931,Consorci Sanitari de Barcelona *,ESP,Health,2
3933,Northshore University HealthSystem,USA,Health,3
3934,Dongseo University,KOR,Universities,2
3934,Fundacio de Recerca Sant Joan de Deu,ESP,Non-Profit,2
3934,Wildlife Conservation Society *,MUL,Non-Profit,2
3934,Centro Medico Teknon,ESP,Health,2
3938,Teachers College of Columbia University,USA,Universities,1
3938,Azienda Ospedaliera di Parma,ITA,Health,2
3940,King Saud bin Abdulaziz University for Health Sciences *,SAU,Universities,2
3941,Chengdu University *,CHN,Universities,2
3941,Ministerio de Defensa *,ESP,Government,2
3943,Osaka Dental University *,JPN,Universities,1
3943,Saint John's University,USA,Universities,2
3943,Brooke Army Medical Center,USA,Health,2
3946,Bahria University,PAK,Universities,1
3946,Taibah University,SAU,Universities,1
3946,Shizuoka University,JPN,Universities,1
3946,Instituto de Investigacion Sanitaria del Hospital Universitario de La Princesa,ESP,Health,1
3946,The Jikei University School of Medicine *,JPN,Universities,2
3951,Abdul Wali Khan University,PAK,Universities,1
3951,Hasanuddin University,IDN,Universities,1
3953,Showa University *,JPN,Universities,2
3953,Amphia Hospital,NLD,Health,3
3953,Hospital Universitario La Fe *,ESP,Health,2
3953,Centre de Recherche en Epidemiologie et Statistiques,FRA,Government,1
3957,University of Electro-Communications,JPN,Universities,1
3957,University of Dayton,USA,Universities,2
3959,Hochschule Reutlingen,DEU,Universities,2
3959,Second Hospital of Shandong University,CHN,Health,1
3961,Istituto di Analisi dei Sistemi ed Informatica Antonio Ruberti,ITA,Government,2
3962,SLB *,MUL,Companies,3
3963,Peking University Shenzhen Hospital,CHN,Health,2
3963,University of Surabaya,IDN,Universities,1
3965,University of the Western Cape,ZAF,Universities,2
3965,Institut des Sciences de l'Evolution,FRA,Government,1
3967,Technische Universitat Clausthal,DEU,Universities,2
3968,Statens Institut for Folkesundhed,DNK,Government,3
3968,"Institute of Astrophysics and Astronomy, Academia Sinica",TWN,Government,1
3970,Sun Yat-sen University Sixth Hospital,CHN,Health,1
3970,China Meteorological Administration,CHN,Government,1
3972,University General Hospital,CZE,Health,2
3972,"University of Massachusetts, Boston",USA,Universities,2
3972,KSA Kantonsspital Aarau,CHE,Health,3
3975,"Laboratoire de Physique des Lasers, Atomes et Molecules",FRA,Government,2
3976,Malmo University,SWE,Universities,2
3976,Tygerberg Hospital,ZAF,Health,2
3976,Los Angeles County-USC Medical Center,USA,Health,2
3976,Laboratoire de Cristallographie et Sciences des Materiaux,FRA,Government,1
3980,"George Institute for Global Health, United Kingdom",GBR,Health,1
3980,Laboratoire de Psychologie et Neurocognition,FRA,Government,2
3980,Attikon Athens University Hospital,GRC,Health,1
3980,Economic and Social Research Council,GBR,Government,2
3984,Allegheny Health Network,USA,Health,2
3985,"Physiologie, Environnement et Genetique pour l'Animal et les Systemes d'Elevage",FRA,Government,1
3985,Centro de Investigacion Biomedica en Red de Enfermedades Cardiovasculares,ESP,Health,2
3985,"University of North Carolina, Greensboro",USA,Universities,2
3988,Institut Pasteur of Iran,IRN,Health,1
3988,Jagannath University,BGD,Universities,1
3988,Brandenburgische Technische Universitat Cottbus,DEU,Universities,3
3991,GSI Helmholtzzentrum fur Schwerionenforschung GmbH,DEU,Government,2
3991,Myongji University,KOR,Universities,2
3993,Louisiana State University Agricultural Center,USA,Non-Profit,2
3993,Construcciones y Auxiliar de Ferrocarriles SA *,ESP,Companies,2
3995,Leeds Beckett University,GBR,Universities,2
3995,University of Haifa,ISR,Universities,2
3995,Jeroen Bosch Hospital,NLD,Health,3
3998,Institut Agro Montpellier *,FRA,Universities,2
3998,Tokyo Metropolitan Institute of Gerontology,JPN,Health,1
3998,SUNY Downstate Medical Center,USA,Universities,3
4001,Zhengzhou University People's Hospital,CHN,Health,1
4001,Telkom University,IDN,Universities,1
4001,Swansea Bay University Health Board,GBR,Health,2
4001,Changhua Christian Hospital,TWN,Health,2
4001,Fondazione Edmund Mach,ITA,Government,2
4001,Pontificia Universidad Catolica del Peru,PER,Universities,1
4007,University Hospital Kumamoto University,JPN,Health,2
4007,Universitatsklinikum Giessen und Marburg GmbH Standort Giessen,DEU,Health,3
4009,National Institute for Biotechnology and Genetic Engineering,PAK,Government,1
4009,Blekinge Institute of Technology,SWE,Universities,2
4009,Finnish Environment Institute,FIN,Government,1
4009,Virginia Mason Medical Center,USA,Health,3
4009,China Huaneng Group Co Ltd *,CHN,Government,1
4014,Peking University People's Hospital,CHN,Health,1
4014,Istituto di Ricerca sulle Acque,ITA,Government,2
4014,South East Technological University,IRL,Universities,2
4017,"University of Nottingham, Malaysia Campus",MYS,Universities,1
4017,GHU Paris,FRA,Health,2
4017,Universita degli Studi di Napoli Parthenope,ITA,Universities,3
4017,Institute of Biochemistry and Biophysics Polish Academy of Sciences,POL,Government,1
4021,Ministerio de Defensa Madrid,ESP,Government,2
4021,Fondazione Toscana Gabriele Monasterio,ITA,Health,2
4021,University of Shizuoka,JPN,Universities,1
4021,Cosmic Dawn Center,DNK,Government,1
4021,Cleveland Clinic Abu Dhabi,ARE,Health,1
4026,Birmingham Women’s and Children’s NHS Foundation Trust,GBR,Health,3
4026,Tokyo Metropolitan University,JPN,Universities,2
4026,"Institute of Theoretical Physics, Chinese Academy of Sciences",CHN,Government,1
4029,Complexity Science Hub Vienna,AUT,Government,1
4029,Sultan Qaboos University *,OMN,Universities,1
4029,Institute of Electronic Structure and Laser,GRC,Government,1
4029,Institut Terre et Environnement de Strasbourg,FRA,Government,1
4029,Laboratoire des Sciences du Numerique de Nantes,FRA,Government,2
4029,Hospital de Amor,BRA,Health,1
4029,Universitat Siegen,DEU,Universities,3
4029,National Science and Technology Development Agency *,THA,Government,1
4029,Lakehead University,CAN,Universities,1
4038,Kristiania University College,NOR,Universities,1
4038,Ecole Nationale des Ponts ParisTech,FRA,Universities,2
4040,National University of Computer and Emerging Sciences,PAK,Universities,1
4040,Kyungpook National University Hospital,KOR,Health,2
4040,Helmholtz-Zentrum Hereon,DEU,Government,3
4040,Charles Sturt University *,AUS,Universities,2
4040,Transilvania University of Brasov,ROU,Universities,1
4040,Iran University of Science and Technology,IRN,Universities,1
4046,United States Fish and Wildlife Service,USA,Government,2
4046,Institute of Fundamental Technological Research Polish Academy of Sciences,POL,Government,1
4046,NTT Medical Center Tokyo,JPN,Health,1
4046,Northern Illinois University,USA,Universities,2
4050,"Demokritos, National Centre for Scientific Research",GRC,Government,1
4050,Dokuz Eylul University *,TUR,Universities,1
4050,University of Split,HRV,Universities,1
4050,Alberta Children's Hospital,CAN,Health,2
4050,Balgrist University Hospital,CHE,Health,3
4055,UMR Agroecologie,FRA,Government,2
4055,Fordham University,USA,Universities,2
4055,Japan Aerospace Exploration Agency,JPN,Government,1
4055,Nippon Veterinary and Life Science University,JPN,Universities,1
4055,Universidade da Madeira,PRT,Universities,1
4055,Osservatorio Astronomico di Trieste,ITA,Government,1
4055,Leibniz-Institut fur Arbeitsforschung an der TU Dortmund,DEU,Government,3
4055,Munster Technological University,IRL,Universities,1
4063,Gifu Pharmaceutical University,JPN,Universities,1
4063,Yamagata University *,JPN,Universities,2
4063,National Kaohsiung University of Science and Technology,TWN,Universities,2
4063,Universita degli Studi della Tuscia,ITA,Universities,3
4067,Polymer Institute Slovak Academy of Sciences,SVK,Government,1
4067,Zurich University of Applied Sciences,CHE,Universities,2
4067,"City University of New York, Queens College",USA,Universities,2
4067,"Shanghai Astronomical Observatory, Chinese Academy of Sciences",CHN,Government,1
4071,Xinhua Hospital,CHN,Health,1
4071,Instituto Portugues de Oncologia de Francisco Gentil Porto,PRT,Health,1
4071,Nanyang Normal University,CHN,Universities,1
4074,ILMA University,PAK,Universities,1
4075,State University of Semarang,IDN,Universities,1
4076,University of Applied Sciences and Arts of Southern Switzerland *,CHE,Universities,3
4077,Southern California Permanente Medical Group,USA,Health,2
4077,Henan University of Science and Technology *,CHN,Universities,2
4077,Benha University *,EGY,Universities,1
4077,Catholic Kwandong University International St Mary's Hospital,KOR,Health,2
4077,University of Pannonia,HUN,Universities,1
4077,Australian Nuclear Science & Technology Organisation,AUS,Government,2
4083,Monash Medical Centre,AUS,Health,3
4083,Ankara Training and Research Hospital,TUR,Health,1
4085,Marshall University,USA,Universities,2
4086,Kyoto Pharmaceutical University,JPN,Universities,1
4086,Makerere University *,UGA,Universities,1
4086,Royal Netherlands Institute for Sea Research,NLD,Government,2
4089,Instituto de Seguridad y Servicios Sociales de los Trabajadores del Estado *,MEX,Health,1
4089,Shenzhen Institute of Information Technology,CHN,Universities,1
4089,The Walton Centre NHS Foundation Trust,GBR,Health,2
4092,University of Pune,IND,Universities,1
4092,Ondokuz Mayis University *,TUR,Universities,1
4092,"Nanjing Institute of Geography and Limnology, Chinese Academy of Sciences",CHN,Government,1
4095,Andalas University,IDN,Universities,1
4096,Istituto di Radioastronomia,ITA,Government,1
4096,Universitat der Bundeswehr Munchen,DEU,Universities,3
4098,Comunidad de Madrid *,ESP,Government,1
4099,University of Yamanashi *,JPN,Universities,2
4099,Parc Sanitari de Sant Joan de Deu,ESP,Health,2
4099,Constructor University *,DEU,Universities,2
4102,Consejeria de Sanidad de Madrid,ESP,Health,1
4102,Federal Medical Biological Agency *,RUS,Health,1
4102,Henan Polytechnic University,CHN,Universities,2
4102,Universita degli Studi di Cassino e del Lazio Meridionale,ITA,Universities,2
4106,Zoological Society of London,GBR,Non-Profit,2
4107,Universite Savoie Mont Blanc *,FRA,Universities,2
4107,NYC Health + Hospitals Bellevue,USA,Health,3
4107,Istituto Nazionale di Ricerca Metrologica,ITA,Government,2
4107,Begum Rokeya University,BGD,Universities,1
4107,University Hospital of Psychiatry and Psychotherapy,CHE,Health,2
4107,Nanchang Hangkong University,CHN,Universities,2
4113,University of Texas Health Center at Tyler,USA,Health,2
4114,"Institute of Tibetan Plateau Research, Chinese Academy of Sciences",CHN,Government,1
4114,Centro Cientifico Tecnologico de Santa Fe,ARG,Government,1
4114,Isfahan University of Medical Sciences *,IRN,Universities,1
4114,Anadolu University,TUR,Universities,1
4118,MedStar Health Research Institute,USA,Health,2
4118,Erciyes University,TUR,Universities,1
4118,Plant Pathology Research Institute,EGY,Government,1
4118,Sunchon National University,KOR,Universities,2
4122,Barwon Health,AUS,Non-Profit,3
4122,New York Institute of Technology *,USA,Universities,2
4122,Kurume University *,JPN,Universities,2
4125,Rowan University,USA,Universities,3
4125,Universite de la Reunion,REU,Universities,1
4125,Sun Yat-sen University Eighth Hospital,CHN,Health,1
4125,Institute for Color Science and Technology,IRN,Government,1
4129,Azienda Ospedaliera San Gerardo Monza,ITA,Health,2
4130,Institut de Mathematiques de Toulouse,FRA,Government,2
4130,London South Bank University,GBR,Universities,3
4130,University of Veterinary Medicine and Pharmacy,SVK,Universities,1
4130,Laboratoire d'Etudes et de Recherches sur le Materiau Bois,FRA,Government,2
4130,Stazione Zoologica Anton Dohrn Napoli,ITA,Government,2
4130,University of the Free State,ZAF,Universities,1
4130,E-DA Healthcare Group,TWN,Health,2
4137,Hospital Galdakao Usansolo,ESP,Health,1
4137,Yunnan Agricultural University,CHN,Universities,2
4137,Boston Scientific Corp *,MUL,Companies,3
4140,Environnements et Paleoenvironnements Oceaniques et Continentaux,FRA,Government,2
4140,Children's Hospital of Orange County,USA,Health,3
4140,Denver Health Medical Center,USA,Health,3
4140,Western Michigan University,USA,Universities,2
4144,Korea Institute of Machinery and Materials,KOR,Government,1
4144,Ecosystemes-Biodiversite-Evolution,FRA,Government,1
4144,Townsville University Hospital,AUS,Health,2
4147,Princeton Plasma Physics Laboratory,USA,Government,2
4147,Wirtschaftsuniversitat Wien,AUT,Universities,1
4147,Agricultural University of Athens,GRC,Universities,1
4147,Hospital Universitario de Fuenlabrada,ESP,Health,1
4147,"Centre de Recherche en Informatique, Signal et Automatique de Lille",FRA,Government,2
4152,Universidad del Rosario *,COL,Universities,1
4152,Brandon University,CAN,Universities,2
4152,Kavli Institute for the Physics and Mathematics of the Universe,JPN,Government,1
4155,New Mexico State University,USA,Universities,2
4155,Capital Normal University *,CHN,Universities,1
4155,Shenzhen Polytechnic,CHN,Universities,1
4158,International University of Health and Welfare *,JPN,Universities,2
4158,Thapar Institute of Engineering and Technology,IND,Universities,1
4158,Universite de Cergy-Pontoise *,FRA,Universities,3
4161,Nagoya University Hospital,JPN,Health,1
4161,Centro de Investigacion en Salud Poblacional,MEX,Health,1
4161,Kwame Nkrumah University of Science and Technology *,GHA,Universities,1
4164,University of Denver,USA,Universities,2
4164,Assiut University *,EGY,Universities,1
4164,The Affiliated Hospital of Guilin Medical University,CHN,Health,2
4164,Chongqing University Cancer Hospital,CHN,Health,2
4164,National Neuroscience Institute,SGP,Health,3
4169,Osservatorio Astronomico di Brera,ITA,Government,1
4170,Karlstad University,SWE,Universities,2
4170,Korea Institute of Energy Research,KOR,Government,2
4170,Universite d'Evry-Val d'Essonne *,FRA,Universities,1
4173,University of Bucharest,ROU,Universities,1
4174,First Affiliated Hospital of Anhui Medical University,CHN,Health,1
4174,Science et Ingenierie des Materiaux et Procedes,FRA,Government,2
4174,Azienda Ospedaliera Universitaria Senese,ITA,Health,2
4177,London North West Healthcare NHS Trust,GBR,Health,3
4177,Observatorio Europeo Austral *,CHL,Government,1
4177,Lampung University,IDN,Universities,2
4180,Heraklion University General Hospital,GRC,Health,1
4180,Embrapa Recursos Geneticos e Biotecnologia,BRA,Government,1
4180,Ecole Superieure de Chimie Physique Electronique de Lyon *,FRA,Universities,1
4183,University of Nottingham China Campus,CHN,Universities,1
4184,"Universidad Andres Bello, Chile *",CHL,Universities,1
4184,Institut d Investigacio Biomedica de Girona Dr Josep Trueta,ESP,Health,2
4186,Huzhou University *,CHN,Universities,1
4187,Addis Ababa University,ETH,Universities,1
4187,Centro de Investigacion en Nutricion y Salud,MEX,Health,1
4189,Center for International Forestry Research,MUL,Non-Profit,1
4190,Seoul National University Children's Hospital,KOR,Health,1
4190,Clarkson University,USA,Universities,2
4190,Institut de Recerca i Tecnologia Agroalimentaries Lleida,ESP,Government,2
4193,Jichi Medical University *,JPN,Universities,1
4194,Hospital Universitario Rio Hortega,ESP,Health,2
4194,"City University of New York, John Jay College of Criminal Justice",USA,Universities,2
4194,Fondazione Don Carlo Gnocchi IRCCS,ITA,Health,3
4197,Changhai Hospital of Shanghai,CHN,Health,2
4197,National Institute of Horticultural and Herbal Science,KOR,Government,2
4199,Department of Science and Technology,PHL,Government,1
4199,State University of Surabaya,IDN,Universities,1
4199,"Junia, Grande Ecole d'Ingenieurs *",FRA,Universities,2
4199,Osservatorio Astronomico Cagliari,ITA,Government,2
4203,Tubitak Scientific and Technical Research Council of Turkey *,TUR,Government,1
4204,Centre de Mathematiques Appliquees de l'Ecole Polytechnique,FRA,Government,2
4204,Politecnico di Bari,ITA,Universities,3
4204,Thomas Jefferson National Accelerator Facility,USA,Government,2
4207,University of Derby,GBR,Universities,3
4207,Brighton and Sussex University Hospitals NHS Trust,GBR,Health,2
4207,Athens University of Economics and Business,GRC,Universities,1
4210,Complejo Hospitalario de Toledo,ESP,Health,2
4210,Australian Institute of Marine Science,AUS,Government,2
4210,Hospital da Luz,PRT,Health,2
4210,The University of Lahore,PAK,Universities,1
4210,Defence Science and Technology Group,AUS,Government,2
4215,Istituti Ortopedici Rizzoli,ITA,Health,3
4216,Universidade do Algarve,PRT,Universities,2
4217,Central South University of Forestry and Technology,CHN,Universities,2
4218,"Southern Illinois University, Carbondale *",USA,Universities,3
4218,Nazarbayev University,KAZ,Universities,1
4218,Comilla University,BGD,Universities,2
4218,Universite de Neuchatel,CHE,Universities,3
4218,"Institute of Chemical Technology, Mumbai",IND,Universities,1
4218,Moscow Institute of Physics and Technology,RUS,Universities,1
4218,Institut Universitaire Europeen de la Mer,FRA,Government,2
4225,Tanta University,EGY,Universities,1
4225,University of Chester,GBR,Universities,3
4227,Xinjiang University,CHN,Universities,2
4227,China Telecom Corp Ltd *,CHN,Government,1
4227,Sheffield Children's NHS Foundation Trust,GBR,Health,2
4227,Instituto de Fisica de la Plata,ARG,Government,1
4231,Liaoning University,CHN,Universities,2
4231,Xihua University *,CHN,Universities,2
4233,Osservatorio Astrofisico di Arcetri,ITA,Government,1
4233,Leibniz Institut fur Gewasserokologie und Binnenfischerei,DEU,Government,2
4233,Yamaguchi University *,JPN,Universities,2
4236,London Health Sciences Centre,CAN,Health,2
4236,Kunming Medical University *,CHN,Universities,2
4238,"Institute of Geology and Geophysics, Chinese Academy of Sciences",CHN,Government,1
4238,Second Clinical Hospital of Jilin University,CHN,Health,2
4238,Universidad Autonoma Metropolitana,MEX,Universities,1
4238,University of Oradea,ROU,Universities,1
4242,United Nations University,MUL,Non-Profit,2
4242,Institut de Chimie Physique,FRA,Government,2
4244,Taylors University,MYS,Universities,1
4244,"Washington State University, Vancouver Campus",USA,Universities,2
4244,Institut Claudius Regaud - Centre de Lutte contre le Cancer de Toulouse,FRA,Health,1
4247,Institute of Pharmacology Polish Academy of Sciences,POL,Government,1
4248,Wissenschaftszentrum Berlin fur Sozialforschung,DEU,Government,2
4248,Hochschule Bonn-Rhein-Sieg,DEU,Universities,2
4248,Mengchao Hepatobiliary Hospital of Fujian Medical University,CHN,Health,1
4251,Universitat Kassel,DEU,Universities,2
4251,Ehime University *,JPN,Universities,2
4253,"Huawei Technologies Co Ltd, Hong Kong",HKG,Companies,1
4253,University of Northern Colorado *,USA,Universities,2
4253,Population Council *,MUL,Non-Profit,2
4256,Onsala Space Observatory,SWE,Government,2
4256,Hospital General Universitario Jose Maria Morales Meseguer,ESP,Health,2
4258,Spaulding Rehabilitation Hospital Network,USA,Health,2
4258,King Mongkut's University of Technology Thonburi,THA,Universities,2
4260,University of Tulsa,USA,Universities,2
4260,Hiroshima City University,JPN,Universities,1
4260,University of Wroclaw,POL,Universities,1
4263,Hospital Alemao Oswaldo Cruz,BRA,Health,1
4263,Tianjin University of Traditional Chinese Medicine *,CHN,Universities,2
4263,Universidade Federal de Lavras,BRA,Universities,2
4266,Ganesha University of Education,IDN,Universities,1
4266,AgResearch Ltd,NZL,Government,1
4268,Leibniz-Institut fur Plasmaforschung und Technologie,DEU,Government,2
4269,Singapore Institute of Technology,SGP,Universities,2
4269,Instituto Politecnico de Braganca,PRT,Universities,2
4269,New York City Health and Hospitals Corp *,USA,Health,2
4269,Albany Medical Center *,USA,Health,2
4273,Ecole Nationale Superieure d'Arts et Metiers,FRA,Universities,2
4273,Fundacion Centro Tecnoloxico da Carne,ESP,Government,1
4275,Yongin Severance Hospital,KOR,Health,2
4275,Hiroshima University Hospital,JPN,Health,2
4277,Southwest Minzu University,CHN,Universities,2
4277,Chia Nan University of Pharmacy and Science,TWN,Universities,2
4279,Korea Institute of Science and Technology Information,KOR,Government,1
4280,Institut Catala de la Salut Tarragona,ESP,Health,3
4280,Hospital Regional Universitario de Malaga,ESP,Health,2
4280,Suranaree University of Technology,THA,Universities,1
4280,Nguyen Tat Thanh University,VNM,Universities,1
4284,Idaho National Laboratory *,USA,Government,3
4284,Mater Misericordiae University Hospital,IRL,Health,3
4284,Taizhou University,CHN,Universities,2
4284,Kazan Federal University,RUS,Universities,1
4284,Universidade Federal de Pelotas,BRA,Universities,1
4284,UMass Memorial Health System,USA,Health,3
4290,Okayama University Hospital,JPN,Health,2
4290,Boys Town National Research Hospital,USA,Health,2
4292,Te Whatu Ora Health New Zealand *,NZL,Health,1
4293,Fraunhofer Institut fur Fertigungstechnik und Angewandte Materialforschung,DEU,Government,2
4293,Stephan Angeloff Institute of Microbiology Bulgarian Academy of Sciences,BGR,Government,1
4293,West China Fourth Hospital,CHN,Health,1
4296,National Applied Research Laboratories *,TWN,Non-Profit,1
4296,Kafrelsheikh University,EGY,Universities,1
4296,Technische Universitat Chemnitz,DEU,Universities,3
4299,Yokohama National University,JPN,Universities,2
4299,Fundacao de Medicina Tropical Doutor Heitor Vieira Dourado,BRA,Health,1
4301,China Aerospace Science and Industry Corp *,CHN,Government,1
4301,Rosalind Franklin University of Medicine and Science,USA,Universities,2
4301,Oakland University,USA,Universities,3
4301,Federation University,AUS,Universities,3
4301,Basque Center for Climate Change,ESP,Government,1
4306,Staffordshire University,GBR,Universities,3
4306,Ospedale Infantile Burlo Garofolo IRCCS,ITA,Health,3
4306,Kaleida Health *,USA,Health,2
4306,University of Agricultural Sciences and Veterinary Medicine of Cluj-Napoca,ROU,Universities,1
4306,Ningxia Medical University *,CHN,Universities,2
4311,Centre Hospitalier Universitaire de Nimes,FRA,Health,2
4311,National Taiwan Ocean University,TWN,Universities,2
4311,"California State University, Northridge",USA,Universities,2
4311,Norton Hospital,USA,Health,3
4311,Fundacion Instituto de Investigacion Marques de Valdecilla,ESP,Non-Profit,2
4316,Universidad Nacional del Litoral *,ARG,Universities,1
4316,Universita degli Studi del Molise,ITA,Universities,3
4316,Universitat Internacional de Catalunya,ESP,Universities,2
4316,Institut des Nanosciences de Paris,FRA,Government,2
4316,ZJU-Hangzhou Global Scientific and Technological Innovation Center,CHN,Government,1
4321,Buddhist Tzu Chi Medical Foundation *,TWN,Health,2
4321,Leibniz Institut fur Zoo- und Wildtierforschung Berlin,DEU,Government,3
4321,Centre Hospitalier Universitaire de Brest,FRA,Health,3
4324,International Institute of Tropical Agriculture,MUL,Non-Profit,2
4324,Medisch Centrum Haaglanden,NLD,Health,3
4324,"Baruch College, City University of New York",USA,Universities,2
4324,International Peace Maternity and Child Health Hospital,CHN,Health,2
4328,Hospital Universitari de Tarragona Joan XXIII,ESP,Health,3
4328,Harbor–UCLA Medical Center,USA,Health,2
4328,University of New Haven,USA,Universities,2
4328,Bergische Universitat Wuppertal,DEU,Universities,3
4328,Universidad San Pablo CEU,ESP,Universities,3
4333,Central Food Technological Research Institute,IND,Government,1
4334,University Hospital Hradec Kralove,CZE,Health,2
4334,Beijing YouAn Hospital,CHN,Health,2
4334,Saitama Medical University Saitama International Medical Center,JPN,Health,2
4334,University of Life Sciences in Lublin,POL,Universities,1
4338,"Institute of Physics, Academia Sinica",TWN,Government,1
4339,University Hospitals Plymouth NHS Trust,GBR,Health,3
4339,Zhongda Hospital,CHN,Health,1
4341,Laboratoire Univers et Particules de Montpellier,FRA,Government,1
4341,University of Waikato,NZL,Universities,2
4343,Istanbul Kultur University,TUR,Universities,1
4343,Fisheries and Oceans Canada *,CAN,Government,2
4343,Fachhochschule Nordwestschweiz,CHE,Universities,3
4343,University of the Highlands and Islands,GBR,Universities,3
4343,Liverpool Heart and Chest Hospital NHS Foundation Trust,GBR,Health,2
4348,Shaare Zedek Medical Center,ISR,Health,2
4349,"University of Alaska, Fairbanks",USA,Universities,2
4349,Laboratori Nazionali di Frascati,ITA,Government,2
4351,Kielce University of Technology,POL,Universities,1
4351,Muroran Institute of Technology,JPN,Universities,1
4351,Jiangxi University of Science and Technology,CHN,Universities,2
4354,Instituto Nacional de Tecnica Aeroespacial Esteban Terradas,ESP,Government,2
4354,University of Management and Technology,PAK,Universities,1
4354,Shandong University of Traditional Chinese Medicine *,CHN,Universities,2
4354,Weifang Medical University,CHN,Universities,2
4358,St. Joseph's Healthcare Hamilton,CAN,Health,2
4358,Saga University *,JPN,Universities,2
4358,"University of Connecticut, Greater Hartford",USA,Universities,2
4361,Universidade Federal de Uberlandia,BRA,Universities,2
4362,Leibniz-Institut fur die Padagogik der Naturwissenschaften und Mathematik Kiel,DEU,Government,2
4362,Basurtuko Ospitalea,ESP,Health,1
4362,Centre de Recherche Bordeaux Population Health,FRA,Government,2
4365,Swedish Museum of Natural History,SWE,Government,2
4365,Instituto de Astrofisica de Canarias *,ESP,Government,1
4365,Universidade de Fortaleza,BRA,Universities,1
4365,"Robert Bosch Krankenhaus, Germany",DEU,Health,3
4369,Kuopio University Hospital,FIN,Health,3
4370,"Universidad Nacional de San Martin, Argentina *",ARG,Universities,1
4370,Martini Hospital,NLD,Health,3
4370,"Xinjiang Institute of Ecology and Geography, Chinese Academy of Sciences",CHN,Government,1
4370,Universitat Osnabruck,DEU,Universities,3
4370,Universite Hassan II de Casablanca *,MAR,Universities,1
4375,Laboratori Nazionali del Gran Sasso,ITA,Government,2
4375,"MITRE Corp, Bedford",USA,Non-Profit,2
4375,Woosuk University,KOR,Universities,3
4375,Office National d'Etudes et de Recherches Aerospatiales Toulouse,FRA,Government,2
4379,Jazan University,SAU,Universities,2
4380,Universidad Francisco de Vitoria *,ESP,Universities,3
4380,Ziekenhuis Oost-Limburg,BEL,Health,2
4380,Institut d'Investigacio Sanitaria Pere Virgili,ESP,Health,2
4383,Institute for Clinical and Experimental Medicine,CZE,Health,2
4383,Jinling Hospital,CHN,Health,1
4383,Instituto Nacional de Medicina Genomica,MEX,Health,1
4386,Agenzia Spaziale Italiana,ITA,Government,3
4386,Centre de Recherche en Paleontologie,FRA,Government,1
4386,Royal National Orthopaedic Hospital NHS Trust,GBR,Health,3
4386,Zayed University,ARE,Universities,1
4386,Complexo Hospitalario Universitario de Vigo,ESP,Health,3
4386,Cancer Council New South Wales,AUS,Non-Profit,1
4386,Tianjin Normal University,CHN,Universities,2
4393,University of Regina,CAN,Universities,2
4393,Universite de Reims Champagne-Ardenne *,FRA,Universities,2
4395,Institute of High Pressure Physics of the Polish Academy of Sciences,POL,Government,1
4396,Texas Health Dallas,USA,Health,3
4396,Istituto di Scienze dell'Atmosfera e del Clima,ITA,Government,2
4398,"King Abdulaziz Medical City, Riyadh",SAU,Health,2
4399,Centro Academico de Salud de la Universidad Austral,ARG,Health,1
4400,"Islamic Azad University, Science and Research Branch",IRN,Universities,1
4400,Czech University of Life Sciences Prague,CZE,Universities,1
4400,University of South Alabama *,USA,Universities,3
4400,Beijing Wuzi University,CHN,Universities,2
4400,Boise State University *,USA,Universities,2
4400,Affiliated Nanjing First Hospital,CHN,Health,2
4406,Institute of Cardiology,POL,Health,2
4406,University Tunku Abdul Rahman,MYS,Universities,1
4406,National Institute of Animal Science,KOR,Government,1
4409,Lanzhou Institute of Physics,CHN,Government,1
4409,Jiangxi Agricultural University,CHN,Universities,2
4409,Azienda Sanitaria Ulss 6 Vicenza,ITA,Health,2
4409,"University of Malaysia, Pahang",MYS,Universities,1
4409,Istituto per il Rilevamento Elettromagnetico dell'Ambiente,ITA,Government,2
4409,Istanbul Medipol University *,TUR,Universities,1
4409,Istituto di Scienze Marine,ITA,Government,2
4409,First Affiliated Hospital of Soochow University,CHN,Health,1
4417,National Pingtung University of Science and Technology,TWN,Universities,2
4417,Selcuk University *,TUR,Universities,1
4417,Lee Kuan Yew School of Public Policy,SGP,Universities,1
4420,Malardalen University College,SWE,Universities,2
4421,University of Arkansas at Little Rock,USA,Universities,2
4421,Chulabhorn Royal Academy *,THA,Universities,1
4423,RTI Health Solutions *,MUL,Companies,2
4423,Obstetrics and Gynecology Hospital Fudan University,CHN,Health,1
4425,Universidade Catolica Portuguesa,PRT,Universities,2
4425,Universidad Catolica San Antonio de Murcia,ESP,Universities,3
4425,The University of Bolton *,GBR,Universities,2
4425,Norwegian Polar Institute,NOR,Government,1
4425,University of Agriculture in Krakow,POL,Universities,2
4430,Botanique et Modelisation de l'Architecture des Plantes et des Vegetations,FRA,Government,1
4430,Centre Hospitalier Universitaire de Caen *,FRA,Health,3
4430,University of Nova Gorica,SVN,Universities,2
4430,Istituto per le Risorse Biologiche e le Biotecnologie Marine,ITA,Government,2
4434,Jiaxing University,CHN,Universities,2
4434,Children’s Hospital Foundation of Manitoba,CAN,Health,2
4436,Third Affiliated Hospital of Guangzhou Medical University,CHN,Health,1
4436,Guangdong Pharmaceutical University,CHN,Universities,1
4436,National Chiayi University,TWN,Universities,2
4436,York St John University,GBR,Universities,3
4436,Lebanese University,LBN,Universities,1
4436,Shanghai Qi Zhi Institute,CHN,Government,1
4442,Royal Belgian Institute for Space Aeronomy,BEL,Government,1
4442,Konrad-Zuse-Zentrum fur Informationstechnik Berlin,DEU,Government,3
4442,University of the Pacific,USA,Universities,2
4445,Complexo Hospitalario Universitario a Coruna,ESP,Health,3
4445,Rzeszow University of Technology,POL,Universities,2
4445,Universita degli Studi di Urbino Carlo Bo,ITA,Universities,3
4448,Jozef Stefan International Postgraduate School,SVN,Universities,1
4448,Fukushima Medical University *,JPN,Universities,1
4450,"Boston Scientific Corp, USA",USA,Companies,3
4451,The Islamia University of Bahawalpur,PAK,Universities,1
4451,Institut Montpellierain Alexander Grothendieck,FRA,Government,2
4453,Hebrew SeniorLife,USA,Health,2
4454,Amirkabir University of Technology,IRN,Universities,1
4454,Washington Hospital Center,USA,Health,2
4454,Chonnam National University Hospital,KOR,Health,2
4454,State University of Padang,IDN,Universities,1
4458,Geosciences Rennes,FRA,Government,1
4458,Hospital de Clinicas de Porto Alegre,BRA,Health,1
4458,State Grid Beijing Electric Power Co,CHN,Government,2
4461,Firat University,TUR,Universities,1
4461,Centro de Investigacion Biomedica en Red de Salud Mental,ESP,Health,2
4463,HuaiHe Hospital of Henan University,CHN,Health,2
4463,Agricultural Research Center Egypt *,EGY,Government,1
4465,State Grid Shaanxi Electric Power Co,CHN,Government,2
4465,University of Latvia,LVA,Universities,1
4465,Tadeusz Kosciuszko Cracow University of Technology,POL,Universities,2
4465,E-DA Hospital,TWN,Health,2
4465,Laboratoire d'Oceanographie de Villefranche,FRA,Government,1
4465,Universidad Politecnica de Cartagena *,ESP,Universities,3
4465,Technische Universitat Ilmenau,DEU,Universities,2
4472,Netherlands Institute for Radio Astronomy,NLD,Government,2
4472,New York Medical College,USA,Universities,2
4472,Universita degli Studi di Teramo,ITA,Universities,3
4472,Universite Mohammed V de Rabat *,MAR,Universities,1
4476,Universidad de Talca *,CHL,Universities,1
4476,National Satellite Ocean Application Service,CHN,Government,2
4476,Indian Veterinary Research Institute,IND,Universities,1
4476,University of Namur,BEL,Universities,3
4480,Al-Balqa Applied University,JOR,Universities,1
4480,"RTI Health Solutions, United States",USA,Companies,2
4480,Plant and Food Research,NZL,Companies,1
4480,Shandong Academy of Agricultural Sciences *,CHN,Government,2
4484,National Institute for Plant Biotechnology,IND,Government,1
4484,Shanghai Shuguang Hospital,CHN,Health,1
4484,Hirosaki University *,JPN,Universities,2
4487,Instituto de Investigacion Sanitaria Gregorio Maranon,ESP,Health,2
4488,Universidad de Santiago de Chile *,CHL,Universities,1
4489,Ifakara Health Institute,TZA,Government,1
4489,Erich Schmid Institut fur Materialwissenschaft Osterreichische Akademie der Wissenschaften,AUT,Government,2
4489,Nippon Medical School Chiba Hokusoh Hospital,JPN,Health,2
4492,University of South Wales,GBR,Universities,2
4493,Hospital Universitario Dr Jose Eleuterio Gonzalez,MEX,Health,1
4493,Wuhan Textile University,CHN,Universities,2
4495,Kuwait University *,KWT,Universities,1
4496,Centro Nacional de Pesquisa em Energia e Materiais *,BRA,Non-Profit,1
4497,Tumour Hospital of Harbin Medical University,CHN,Health,1
4497,Ecole Centrale de Lille *,FRA,Universities,2
4497,Laboratoire d'Oceanographie et du Climat: Experimentations et Approches Numeriques,FRA,Government,1
4500,Linkoping University Hospital,SWE,Health,3
4501,IVL Swedish Environmental Research Institute,SWE,Non-Profit,2
4501,Qufu Normal University,CHN,Universities,2
4501,Hospital de Tortosa Verge de la Cinta,ESP,Health,3
4504,University of Jeddah,SAU,Universities,2
4505,Japan Agency for Marine-Earth Science and Technology,JPN,Government,1
4506,People's Hospital of Hangzhou Medical College,CHN,Health,1
4506,Institut Catala de la Salut Metropolitana Sud,ESP,Health,2
4506,Henan University of Traditional Chinese Medicine *,CHN,Universities,2
4509,Children's Memorial Health Institute,POL,Health,2
4509,Centre de Recherche en Mathematiques de la Decision,FRA,Government,2
4509,The Cyprus Institute,CYP,Non-Profit,1
4509,Regenstrief Institute,USA,Non-Profit,2
4509,Neuroscience Research Australia,AUS,Health,3
4509,Harvey Mudd College,USA,Universities,2
4515,Dong A University Hospital,KOR,Health,2
4515,NARI Technology Co,CHN,Government,1
4515,Telethon Kids Institute,AUS,Health,2
4515,Beni Suef University *,EGY,Universities,1
4515,Instituto de Engenharia de Sistemas e Computadores - Investigacao e Desenvolvimento,PRT,Non-Profit,1
4520,Universitat Klagenfurt,AUT,Universities,2
4520,Maria Curie Sklodowska University,POL,Universities,1
4522,Azienda Ospedaliera Sant Andrea,ITA,Health,3
4522,Kyorin University *,JPN,Universities,2
4522,Sichuan Academy of Agricultural Sciences,CHN,Government,2
4525,Arkansas Children's,USA,Health,3
4525,TRIUMF - National Laboratory for Particle and Nuclear Physics,CAN,Government,2
4525,Defence Research and Development Organisation,IND,Government,1
4528,Tangdu Hospital,CHN,Health,2
4529,Ecole d'Ingenieurs SIGMA Clermont,FRA,Universities,1
4529,Interfaces Traitements Organisation et Dynamique des Systemes,FRA,Government,2
4529,University Hospital Centre Zagreb,HRV,Health,1
4529,Ministerio de Educacion y Cultura *,URY,Government,1
4533,Hospital Garcia de Orta,PRT,Health,1
4534,Hopital du Sacre-Coeur de Montreal,CAN,Health,3
4534,University of South Bohemia,CZE,Universities,2
4534,"Centre for Environment, Fisheries and Aquaculture Science",GBR,Government,3
4534,Centrale Mediterranee *,FRA,Universities,2
4534,Akdeniz University,TUR,Universities,1
4539,Saveetha Institute of Medical and Technical Sciences *,IND,Universities,1
4539,Gannan Medical University,CHN,Universities,2
4539,Hajee Mohammad Danesh University of Science and Technology,BGD,Universities,2
4539,Atlantic Technological University,IRL,Universities,2
4539,Universitas Islam Negeri Ar-Raniry,IDN,Universities,1
4544,Instituto Gallego de Fisica de Altas Energias,ESP,Government,2
4544,National Yunlin University of Science and Technology,TWN,Universities,2
4544,State Grid Jibei Electric Power Co,CHN,Government,2
4544,Institute of Biophysics of the ASCR,CZE,Government,1
4544,Connecticut Children's Medical Center,USA,Health,3
4544,Ecole Nationale d'Ingenieurs de Brest *,FRA,Universities,2
4550,Australian Museum,AUS,Non-Profit,2
4550,Instituto Murciano de Investigacion Biosanitaria Pascual Parrilla,ESP,Health,2
4550,"California State University, Bakersfield",USA,Universities,3
4553,Clinton Health Access Initiative *,MUL,Non-Profit,2
4554,"Laboratoire Sols, Solides, Structures, Risques",FRA,Government,2
4554,Zunyi Medical University *,CHN,Universities,2
4554,Yuan-Ze University,TWN,Universities,1
4554,Institut Catala de la Salut Terres de l'Ebre,ESP,Health,3
4554,Menoufia University *,EGY,Universities,1
4559,Tshwane University of Technology,ZAF,Universities,2
4559,Shinshu University Hospital,JPN,Health,2
4559,Hualien Tzu Chi Hospital,TWN,Health,2
4559,Second Affiliated Hospital of Guangzhou University of Traditional Chinese Medicine,CHN,Health,2
4563,Centre of Molecular and Macromolecular Studies Polish Academy of Sciences,POL,Government,1
4563,The Brookings Institution,USA,Non-Profit,2
4563,Lamar University,USA,Universities,2
4566,Chonbuk National University Hospital,KOR,Health,2
4566,Nanjing Botanical Garden Memorial Sun Yat-Sen Jiangsu Province and Chinese Academy of Sciences,CHN,Government,2
4566,Escola de Administracao de Empresas de Sao Paulo da Fundacao Getulio Vargas,BRA,Universities,1
4566,Deutsches Institut fur Wirtschaftsforschung,DEU,Government,2
4570,Koszalin University of Technology,POL,Universities,2
4571,Norwegian Institute for Nature Research,NOR,Government,2
4571,University of Occupational and Environmental Health,JPN,Universities,2
4573,Royan Institute for Stem Cell Biology and Technology,IRN,Health,1
4573,Centre Hospitalier Universitaire de Reims,FRA,Health,3
4573,Universita degli Studi di Enna Kore,ITA,Universities,2
4573,Auckland City Hospital,NZL,Health,2
4577,Universidade Estadual de Londrina,BRA,Universities,2
4577,Black Dog Institute,AUS,Health,3
4579,Hebei University *,CHN,Universities,2
4579,Universidad Autonoma del Estado de Hidalgo,MEX,Universities,1
4579,Gemini Observatory Northern Operations Center,USA,Non-Profit,1
4579,University of Miyazaki *,JPN,Universities,2
4579,Research Institute for Technical Physics and Materials Science,HUN,Government,2
4584,Vietnam National University of Agriculture,VNM,Universities,1
4584,Lucerne University of Applied Sciences and Arts,CHE,Universities,3
4584,Shanghai Fifth People's Hospital,CHN,Health,2
4584,Leuphana Universitat Luneburg,DEU,Universities,3
4588,Guru Tegh Bahadur Hospital,IND,Health,1
4588,Jamia Hamdard University,IND,Universities,1
4590,Universidade Estadual de Maringa,BRA,Universities,1
4590,Longhua Hospital Shanghai University of Traditional Chinese Medicine,CHN,Health,1
4590,Montreal School of Higher Commercial Studies,CAN,Universities,2
4590,E United Group *,TWN,Companies,2
4594,Affiliated Hospital of Jiangsu University,CHN,Health,2
4594,Alexandru Ioan Cuza University,ROU,Universities,1
4596,Hospital Universitario Marques de Valdecilla,ESP,Health,3
4596,China Railway Construction Corp Ltd *,MUL,Government,3
4596,Children Medical Center Hospital,IRN,Health,1
4599,Hong Kong Institute of Education,HKG,Universities,2
4599,Badr University in Cairo,EGY,Universities,1
4599,Universita degli Studi Mediterranea di Reggio Calabria,ITA,Universities,3
4602,University of South-Eastern Norway,NOR,Universities,2
4602,Guilin University of Technology,CHN,Universities,2
4602,Institut Pasteur de Montevideo *,URY,Health,1
4605,Jawaharlal Nehru University,IND,Universities,1
4605,Observatoire de la Cote d'Azur *,FRA,Government,1
4605,Institut de Physique de Rennes,FRA,Government,2
4605,University of Silesia in Katowice,POL,Universities,1
4605,Copenhagen Business School,DNK,Universities,2
4605,Air Force Engineering University,CHN,Universities,1
4611,Tun Hussein Onn University of Malaysia,MYS,Universities,1
4611,Hoshi University,JPN,Universities,1
4611,Centre Hospitalier Universitaire de Amiens-Picardie,FRA,Health,3
4614,University of the Sunshine Coast,AUS,Universities,3
4614,Universidad de Puerto Rico *,PRI,Universities,1
4614,Universidad Austral de Chile *,CHL,Universities,1
4614,Meiji Pharmaceutical University,JPN,Universities,1
4618,Centre de Recerca Ecologica i Aplicacions Forestals,ESP,Government,1
4618,Nemours Children's Health System,USA,Government,3
4618,Ehime Prefectural Central Hospital,JPN,Health,1
4618,Universidad de Guanajuato,MEX,Universities,1
4622,National Veterinary Research Institute,POL,Government,1
4622,"University of Alabama, Huntsville",USA,Universities,3
4622,State University of Malang,IDN,Universities,1
4622,Complejo Asistencial Universitario de Leon,ESP,Health,2
4622,University at Texas Rio Grande Valley,USA,Universities,3
4627,MITRE Corp *,MUL,Non-Profit,3
4628,Diputacio de Barcelona *,ESP,Government,2
4629,City of Scientific Research and Technological Applications *,EGY,Government,1
4629,China Institute of Water Resources and Hydropower Research,CHN,Government,2
4629,Kawasaki Medical School *,JPN,Universities,2
4629,University of South Dakota,USA,Universities,3
4629,Leibniz Rechenzentrum Munchen *,DEU,Government,2
4629,Laboratoire de Physique des 2 Infinis Irene Joliot-Curie,FRA,Government,1
4635,Silla University,KOR,Universities,2
4635,Ajou University Medical Center,KOR,Health,2
4635,Kongju National University,KOR,Universities,2
4638,Servico Nacional de Aprendizagem Industrial *,BRA,Non-Profit,1
4638,Centro Hospitalar de Tras-os-Montes e Alto Douro,PRT,Health,1
4640,University of Medicine and Pharmacy Grigore T. Popa of Iasi,ROU,Universities,1
4640,Universita degli Studi Niccolo Cusano,ITA,Universities,2
4640,G2ELAB Grenoble Genie Electrique,FRA,Government,2
4643,Centre Integre Universitaire de Sante et de Services Sociaux de l'Estrie,CAN,Health,3
4643,Beijing Chaoyang Hospital,CHN,Health,1
4645,IRCCS Ospedale Sacro Cuore Don Calabria,ITA,Health,3
4646,Children's Hospital Fudan University,CHN,Health,1
4646,Herz- und Diabeteszentrum Nordrhein-Westfalen,DEU,Health,3
4648,International Medical University,MYS,Universities,1
4648,Western Norway University of Applied Sciences,NOR,Universities,2
4648,Minjiang University,CHN,Universities,1
4648,Stockholm Environment Institute,SWE,Government,2
4648,Hankuk University of Foreign Studies,KOR,Universities,1
4648,Jefferson Health System,USA,Health,2
4654,Unidade Local de Saude do Algarve,PRT,Health,1
4654,Hangzhou Municipal Government *,CHN,Government,1
4654,Universitatsklinikum des Saarlandes,DEU,Health,3
4654,Osservatorio Astrofisico di Torino,ITA,Government,2
4654,Carle Foundation Hospital,USA,Health,3
4659,"Nova Southeastern University, Estados Unidos",USA,Universities,2
4659,University of East London,GBR,Universities,3
4659,University of Southern Mississippi,USA,Universities,3
4659,Fujita Health University Hospital,JPN,Health,2
4663,University of Rijeka,HRV,Universities,1
4663,Yokohama City University Hospital,JPN,Health,2
4663,Najran University,SAU,Universities,2
4663,Universidade Sao Francisco,BRA,Universities,1
4663,Netherlands Institute for Health Services Research,NLD,Non-Profit,2
4668,Hospital del Mar,ESP,Health,3
4668,Azabu University,JPN,Universities,2
4668,Allama Iqbal Open University,PAK,Universities,1
4671,Laboratoire d'Etudes Spatiales et d'Instrumentation en Astrophysique,FRA,Government,1
4671,Hospital Universitario Quironsalud Madrid,ESP,Health,2
4673,Diakonhjemmet Hospital,NOR,Health,2
4674,Hungarian University of Agriculture and Life Sciences,HUN,Universities,2
4674,University of Nairobi,KEN,Universities,1
4674,Liverpool University Hospitals NHS Foundation Trust,GBR,Health,2
4674,Konyang University *,KOR,Universities,3
4674,Roskilde University,DNK,Universities,3
4674,Montanuniversitat Leoben,AUT,Universities,3
4680,North Carolina Central University,USA,Universities,3
4680,National Institute of Water & Atmospheric Research,NZL,Government,2
4680,Western Health,AUS,Health,3
4683,Australian Research Council Centre of Excellence for Gravitational Wave Discovery,AUS,Government,1
4683,Shandong First Medical University *,CHN,Universities,2
4685,Grup Pere Mata *,ESP,Health,2
4685,Center for International Climate Research,NOR,Non-Profit,1
4685,NMIMS University,IND,Universities,1
4685,Istituto per lo Studio degli Impatti Antropici e Sostenibilita in Ambiente Marino,ITA,Government,2
4685,Douglas Hospital,CAN,Health,2
4690,Majmaah University,SAU,Universities,2
4690,State Grid Gansu Electric Power Co,CHN,Government,2
4690,Universita degli Studi della Basilicata,ITA,Universities,3
4690,Universidad Tecnica Federico Santa Maria *,CHL,Universities,1
4690,Universita degli Studi Guglielmo Marconi,ITA,Universities,3
4690,Jackson State University,USA,Universities,2
4690,Bradford Teaching Hospitals NHS Foundation Trust,GBR,Health,3
4697,Universidad Mayor *,CHL,Universities,1
4697,Universidad Nacional de Rosario *,ARG,Universities,1
4697,Laboratoire d'Etudes en Geophysique et Oceanographie Spatiales,FRA,Government,1
4697,"South China Botanical Garden, Chinese Academy of Sciences",CHN,Government,2
4697,State Grid Information & Telecommunication Company,CHN,Government,1
4697,Hospital Moinhos de Vento,BRA,Health,1
4703,Israel Atomic Energy Commission *,ISR,Government,1
4703,"Vale SA, Brazil",BRA,Companies,1
4705,Deustuko Unibertsitatea *,ESP,Universities,2
4706,Peking University First Hospital,CHN,Health,1
4707,Universidade Federal do ABC,BRA,Universities,1
4707,Fukuoka University *,JPN,Universities,2
4707,University of Ibadan,NGA,Universities,1
4707,American University,USA,Universities,2
4711,VSB-Technical University of Ostrava,CZE,Universities,1
4712,Hartford Hospital,USA,Health,3
4713,Atrium Health Carolinas Medical Center,USA,Health,2
4713,South Tees Hospitals NHS Foundation Trust,GBR,Health,3
4715,Universidade de Tras-os-Montes e Alto Douro,PRT,Universities,2
4715,State Grid Zhejiang Electric Power Research Institute,CHN,Government,1
4715,Kantonsspital Baden,CHE,Health,3
4715,Gold Coast University Hospital,AUS,Health,2
4719,First Affiliated Hospital Harbin Medical University,CHN,Health,2
4719,Benemerita Universidad Autonoma de Puebla *,MEX,Universities,2
4719,"Christian Medical College, Vellore",IND,Universities,1
4722,Royan Institute,IRN,Health,1
4722,Institut d'Astrophysique Spatiale,FRA,Government,1
4722,King Chulalongkorn Memorial Hospital,THA,Health,1
4722,Istituto di Scienze Polari,ITA,Government,2
4726,Arkansas State University,USA,Universities,2
4727,"Shanmugha Arts, Science, Technology and Research Academy",IND,Universities,1
4727,Institut Fresnel,FRA,Government,2
4727,Zhejiang University of Science and Technology,CHN,Universities,2
4730,Fondazione Policlinico Universitario Campus Bio-Medico,ITA,Health,3
4730,Chubu University,JPN,Universities,2
4730,Universidad Nacional Mayor de San Marcos,PER,Universities,1
4733,National Institute of Pharmaceutical Education and Research,IND,Universities,1
4733,Universidade Federal de Juiz de Fora,BRA,Universities,2
4735,Nanjing Institute of Technology,CHN,Universities,2
4735,Institut fur Weltraumforschung Osterreichische Akademie der Wissenschaften,AUT,Government,2
4735,Zabol University of Medical Sciences,IRN,Universities,1
4735,Tata Memorial Centre,IND,Government,1
4735,Minzu University of China,CHN,Universities,2
4740,"University of Defence, Serbia *",SRB,Universities,2
4740,State Grid Fujian Electric Power Co Ltd,CHN,Government,2
4740,Institut Agro Rennes-Angers *,FRA,Universities,3
4740,Duksung Womens University,KOR,Universities,3
4740,Institut de Recherche en Informatique de Toulouse,FRA,Government,2
4740,Borough of Manhattan Community College,USA,Universities,2
4740,National Dong Hwa University,TWN,Universities,2
4747,Research Centre for Astronomy and Earth Sciences Hungarian Academy of Sciences,HUN,Government,2
4747,Universitas Medan Area,IDN,Universities,2
4749,Chinese Academy of Inspection and Quarantine,CHN,Government,2
4749,Meiji University,JPN,Universities,1
4749,Vale SA *,MUL,Companies,2
4749,Changchun University of Science and Technology,CHN,Universities,2
4753,Charles R. Drew University of Medicine & Science,USA,Universities,3
4754,State Grid Xinjiang Electric Power Co,CHN,Government,2
4754,Hainan Normal University,CHN,Universities,2
4756,Research Institute of Petroleum Exploration and Development,CHN,Government,1
4756,Hogskola i Skovde,SWE,Universities,2
4756,University of West Attica,GRC,Universities,1
4756,Kandang Kerbau Women's and Children's Hospital,SGP,Health,3
4756,The Korea National University of Transportation,KOR,Universities,2
4756,Wright State University,USA,Universities,3
4762,"University of the West Indies, Mona Campus *",JAM,Universities,1
4762,State Grid Shanxi Electric Power Co,CHN,Government,2
4764,Douglas Mental Health University Institute,CAN,Government,2
4764,University Hospitals Dorset NHS Foundation Trust,GBR,Health,3
4764,Villanova University,USA,Universities,3
4764,Institut Camille Jordan,FRA,Government,2
4764,BioCubaFarma *,CUB,Government,1
4764,Universite de Pau et des Pays de l'Adour *,FRA,Universities,2
4770,Josip Juraj Strossmayer University of Osijek,HRV,Universities,1
4770,"University of Malaysia, Sarawak",MYS,Universities,1
4772,Novosibirsk State University,RUS,Universities,1
4772,Maasstad Hospital,NLD,Health,3
4774,Universidad Peruana Cayetano Heredia,PER,Universities,1
4774,PowerChina *,CHN,Government,2
4774,Ecole Nationale Superieure de Techniques Avancees Bretagne *,FRA,Universities,2
4777,Istituto di Scienze e Tecnologie della Cognizione,ITA,Government,2
4777,Universidade Federal de Mato Grosso do Sul,BRA,Universities,2
4779,Weifang University of Science and Technology,CHN,Universities,1
4779,Chung Shan Medical University,TWN,Universities,2
4781,Guizhou Medical University,CHN,Universities,2
4781,Marienhospital Herne,DEU,Health,3
4781,Women's College Hospital,CAN,Health,2
4781,Laboratoire de Mathematiques d'Orsay,FRA,Government,2
4785,Universidad del Desarrollo,CHL,Universities,1
4786,"Islamic Azad University, Tehran Medical Sciences",IRN,Universities,1
4786,Korea Research Institute of Standards and Science,KOR,Government,3
4786,Cleveland State University,USA,Universities,3
4786,Australian Antarctic Division,AUS,Government,2
4790,Suzhou University of Science and Technology,CHN,Universities,2
4790,Hanbat National University,KOR,Universities,2
4792,"California State University, Los Angeles",USA,Universities,3
4792,"University of Engineering and Technology, Taxila",PAK,Universities,1
4794,Jimei University,CHN,Universities,2
4794,Peking University Sixth Hospital,CHN,Health,1
4794,Chrono-Environnement,FRA,Government,2
4794,Nahda University,EGY,Universities,1
4794,Universidad de Huelva *,ESP,Universities,2
4799,Institut de Mecanique et d'Ingenierie de Bordeaux,FRA,Government,2
4800,International Livestock Research Institute Ethiopia,ETH,Non-Profit,1
4800,Ecole Nationale Superieure de l'Electronique et de ses Applications *,FRA,Universities,2
4802,Mustansiriyah University,IRQ,Universities,1
4802,Hospital Universitario Lucus Augusti,ESP,Health,2
4802,Fraunhofer Institut fur Toxikologie und Experimentelle Medizin,DEU,Government,2
4802,Second Affiliated Hospital of Zhejiang Chinese Medical University,CHN,Health,1
4806,Ant Group,CHN,Companies,1
4806,Thammasat University,THA,Universities,1
4806,Sahmyook University,KOR,Universities,3
4806,Instituto de Investigacion Biomedica de A Coruna,ESP,Health,2
4806,Leonardo SpA *,MUL,Companies,3
4806,Centro de Investigacion y Asistencia en Tecnologia y Diseno del Estado de Jalisco,MEX,Government,1
4806,Collaborative Innovation Center for Advanced Ship and Deep-Sea Exploration,CHN,Government,1
4806,Hochschule Munchen,DEU,Universities,3
4806,Riddet Institute,NZL,Government,1
4815,Food Technology Research Institute,EGY,Government,1
4815,Wakayama Medical University *,JPN,Universities,2
4817,Universite Polytechnique des Hauts-de-France *,FRA,Universities,2
4818,Oak Ridge Associated Universities,USA,Non-Profit,3
4818,"Universidad de los Andes, Chile",CHL,Universities,1
4820,Walailak University,THA,Universities,1
4820,Care New England Health System *,USA,Health,3
4820,Central Electrochemical Research Institute,IND,Government,1
4823,Universita degli Studi del Sannio,ITA,Universities,3
4823,Universidad Autonoma de Chile,CHL,Universities,1
4823,Instituto de Investigacion en Recursos Cinegeticos,ESP,Government,2
4826,Changwon National University,KOR,Universities,2
4826,Thales Alenia Space,MUL,Companies,3
4828,Institut d'Astrophysique de Paris,FRA,Government,1
4828,Institut Agro Dijon *,FRA,Universities,3
4830,L’Azienda Socio Sanitaria Territoriale Santi Paolo e Carlo,ITA,Health,3
4830,Institute for Global Environmental Strategies,JPN,Non-Profit,1
4830,Kyonggi University,KOR,Universities,2
4833,Institut de Recerca Biomedica de Lleida,ESP,Health,2
4833,Tokyo Womens Medical University Hospital,JPN,Health,2
4833,Universita Commerciale Luigi Bocconi,ITA,Universities,1
4833,Orebro University Hospital,SWE,Health,1
4837,Xi'an Thermal Power Research Institute Co Ltd,CHN,Government,2
4837,Southern Taiwan University of Science and Technology,TWN,Universities,2
4837,Royal Adelaide Hospital,AUS,Health,3
4840,Universidad Veracruzana,MEX,Universities,1
4840,Pelita Harapan University,IDN,Universities,1
4840,Uijeongbu St Mary's Hospital,KOR,Health,2
4843,Beijing Academy of Quantum Information Sciences,CHN,Government,2
4843,VetAgro Sup *,FRA,Universities,2
4843,Abdus Salam International Centre for Theoretical Physics,ITA,Government,1
4846,Royal Surrey County Hospital NHS Foundation Trust,GBR,Health,3
4846,Laboratoire Bordelais de Recherche en Informatique,FRA,Government,3
4846,Misr International University,EGY,Universities,1
4846,Istituto Nazionale di Ottica,ITA,Government,2
4846,Zhejiang Ocean University,CHN,Universities,2
4846,Ahmad Dahlan University,IDN,Universities,2
4846,Universite d'Artois *,FRA,Universities,2
4846,University of San Francisco,USA,Universities,2
4846,Western New England University,USA,Universities,2
4855,Dubai Health Authority,ARE,Health,1
4855,Nara Medical University *,JPN,Universities,2
4855,Yarmouk University,JOR,Universities,1
4858,Hosei University,JPN,Universities,2
4858,Sriwijaya University,IDN,Universities,2
4858,Laboratori Nazionali di Legnaro,ITA,Government,3
4861,China Geological Survey *,CHN,Government,1
4862,Hashemite University,JOR,Universities,1
4863,Centro Hospitalar Tondela-Viseu,PRT,Health,1
4863,Consiglio per la Ricerca in Agricoltura e l’Analisi dell’Economia Agraria,ITA,Government,3
4863,Institut de Physique des 2 Infinis de Lyon,FRA,Government,1
4863,Deltares,NLD,Non-Profit,3
4863,Institut de Recerca en Energia de Catalunya,ESP,Government,2
4868,Daejeon University,KOR,Universities,3
4868,Guangdong Artificial Intelligence and Digital Economy Laboratory,CHN,Government,2
4868,AZTI,ESP,Government,3
4871,Bangabandhu Sheikh Mujibur Rahman Agricultural University,BGD,Universities,1
4871,"Universidad de Puerto Rico, Ciencias Medicas",PRI,Universities,2
4873,"Eni, SpA",ITA,Companies,1
4873,Lebanese American University *,LBN,Universities,1
4875,Hochschule fur Angewandte Wissenschaften Hamburg,DEU,Universities,3
4875,Sichuan University of Science and Engineering,CHN,Universities,2
4875,Institute of Organic Chemistry with Centre of Phytochemistry Bulgarian Academy of Sciences,BGR,Government,1
4875,Gifu University Hospital,JPN,Health,2
4875,Institute of Botany of the ASCR,CZE,Government,1
4875,"Institute of Modern Physics, Chinese Academy of Sciences",CHN,Government,1
4881,RWJBarnabas Health *,USA,Health,2
4881,Greater Manchester Mental Health NHS Foundation Trust,GBR,Health,2
4881,Bureau de Recherches Geologiques et Minieres,FRA,Government,2
4881,Bangladesh Agricultural University,BGD,Universities,1
4881,Stefan Meyer Institut fur Subatomare Physik Osterreichische Akademie der Wissenschaften,AUT,Government,2
4886,"Secretaria Nacional de Ciencia, Tecnologia e Innovacion *",PAN,Government,1
4886,Second Affiliated Hospital of Soochow University,CHN,Health,2
4888,Energy and Resources Institute India,IND,Non-Profit,1
4888,"Chitkara University, Punjab",IND,Universities,1
4888,Jahangirnagar University,BGD,Universities,1
4891,Shenzhen Technology University,CHN,Universities,2
4891,King Saud Medical City,SAU,Health,2
4891,Swedish Research Council *,SWE,Government,2
4894,Royal Darwin Hospital,AUS,Health,2
4894,Second Affiliated Hospital of Dalian Medical University,CHN,Health,2
4894,Istanbul Gelisim University,TUR,Universities,1
4897,Centro de Astrobiologia,ESP,Government,1
4898,Universite de La Rochelle *,FRA,Universities,3
4898,First Affiliated Hospital of Guangxi Medical University,CHN,Health,1
4900,High Energy Accelerator Research Organization,JPN,Government,1
4900,The Fourth Affiliated Hospital of Zhejiang University,CHN,Health,1
4900,KIIT University,IND,Universities,1
4900,"Universite Paul Valery, Montpellier III *",FRA,Universities,1
4904,General Hospital of Athens Laiko,GRC,Health,2
4904,Centre for Energy Research Hungarian Academy of Sciences,HUN,Government,2
4906,Universidad Autonoma del Estado de Mexico,MEX,Universities,1
4906,University of Kragujevac,SRB,Universities,2
4906,Fourth Hospital of Harbin Medical University,CHN,Health,2
4909,National Centre for Cell Science,IND,Government,1
4909,Tomsk Polytechnic University,RUS,Universities,1
4909,National Chemical Laboratory,IND,Government,1
4909,"National Radio Astronomy Observatory, Socorro",USA,Government,2
4913,Keimyung University Dongsan Medical Center,KOR,Health,3
4913,Manhattan College,USA,Universities,2
4915,Third Affiliated Daping Hospital to Third Military Medical University,CHN,Health,1
4915,Phenikaa University,VNM,Universities,1
4915,CCTEG Chongqing Research Institute,CHN,Government,2
4915,University of Medicine and Pharmacy Victor Babes,ROU,Universities,1
4915,Fujian University of Traditional Chinese Medicine,CHN,Universities,2
4920,University of Fort Hare,ZAF,Universities,1
4920,Phoenix Children's Hospital,USA,Health,3
4920,Indian Agricultural Research Institute,IND,Government,1
4923,Tabuk University,SAU,Universities,2
4923,Tata Institute of Fundamental Research,IND,Universities,1
4923,Sandwell and West Birmingham Hospitals NHS Trust,GBR,Health,3
4923,Institute of Macromolecular Chemistry Petru Poni Romanian Academy,ROU,Government,1
4927,Technological University of the Shannon,IRL,Universities,2
4927,"Instituto Nacional de Cancer, Brazil",BRA,Health,1
4927,Finnish Institute Occupational Health,FIN,Health,2
4927,Dermatology Hospital of Southern Medical University,CHN,Health,1
4927,Instituto de Investigacion Sanitaria del Hospital Clinico San Carlos,ESP,Health,3
4932,Nisantasi University,TUR,Universities,1
4932,First Affiliated Hospital of Dalian Medical University,CHN,Health,1
4934,Afya Educacional SA *,BRA,Companies,2
4934,Tunghai University,TWN,Universities,2
4934,Harper Adams University College,GBR,Universities,3
4934,Instituto de Engenharia de Sistemas e Computadores de Coimbra,PRT,Non-Profit,2
4938,"Texas A&M University, Corpus Christi",USA,Universities,2
4939,Instituto Nacional de Pediatria,MEX,Health,1
4939,AlbaNova University Center,SWE,Universities,2
4941,Hospital Universitario Virgen de las Nieves,ESP,Health,3
4941,"Indian Institute of Technology, Dhanbad",IND,Universities,1
4941,Jiangxi University of Finance and Economics,CHN,Universities,2
4941,Jiangxi University of Traditional Chinese Medicine *,CHN,Universities,2
4941,Hackensack Meridian School of Medicine,USA,Universities,2
4946,Tomas Bata University in Zlin,CZE,Universities,2
4946,Montreal General Hospital,CAN,Health,3
4946,Universite du Quebec en Chicoutimi,CAN,Universities,3
4946,"Academy of Mathematics and Systems Science, Chinese Academy of Sciences",CHN,Government,1
4946,Vietnam Academy of Science and Technology *,VNM,Government,1
4946,Tawam Hospital,ARE,Health,2
4952,Shenyang National Laboratory for Materials Science,CHN,Government,2
4952,National Institute of Biological Resources,KOR,Government,2
4952,Savannah River National Laboratory,USA,Government,3
4955,Istituto di Metodologie per l'Analisi Ambientale,ITA,Government,2
4955,Ruder Boskovic Institute *,HRV,Government,1
4955,LEMAR Laboratoire des Sciences de l'Environnement Marin,FRA,Government,1
4955,Bahauddin Zakariya University,PAK,Universities,1
4959,Institut fur Hochenergiephysik Osterreichische Akademie der Wissenschaften,AUT,Government,2
4959,"Oklahoma State University, Tulsa",USA,Universities,2
4959,University of Rzeszow,POL,Universities,2
4962,"Institute of Engineering Thermophysics, Chinese Academy of Sciences",CHN,Government,1
4962,International Hellenic University,GRC,Universities,2
4962,Instituto de Investigaciones en Fisicoquimica de Cordoba,ARG,Government,1
4965,Institute of Oncology Ljubljana,SVN,Health,2
4965,Sapporo Medical University *,JPN,Universities,2
4965,Laureate Institute for Brain Research,USA,Health,2
4968,Uludag University,TUR,Universities,1
4968,Institut de Physique du Globe de Paris,FRA,Government,1
4968,Women's and Children's Hospital,AUS,Health,2
4968,Centre Hospitalier Universitaire de Saint-Etienne,FRA,Health,3
4968,Udayana University,IDN,Universities,2
4973,Institute of Biomedical Chemistry,RUS,Health,1
4973,HAN University of Applied Sciences,NLD,Universities,3
4973,Universidad de la Costa,COL,Universities,1
4976,Centro de Investigacion y Tecnologia Agroalimentaria de Aragon,ESP,Government,3
4977,Beijing Electronic Science and Technology Institute,CHN,Universities,1
4977,Istituto di Astrofisica Spaziale e Fisica Cosmica di Milano,ITA,Government,2
4977,Kagawa University *,JPN,Universities,2
4977,Shiga University of Medical Science *,JPN,Universities,2
4977,Programa Iniciativa Cientifica Milenio,CHL,Government,1
4977,Institut Denis Poisson,FRA,Government,2
4977,Sakarya University *,TUR,Universities,1
4984,Delhi Technological University,IND,Universities,1
4984,Fayetteville State University,USA,Universities,2
4984,Miami University of Ohio,USA,Universities,2
4984,Helwan University Cairo *,EGY,Universities,1
4984,The Oskar Klein Centre for Cosmoparticle Physics,SWE,Government,1
4989,Military Medical Academy,SRB,Health,2
4989,Sungshin Womens University,KOR,Universities,2
4989,Tohoku Medical and Pharmaceutical University *,JPN,Universities,2
4989,Southwestern University of Finance and Economics,CHN,Universities,1
4989,Aljouf University,SAU,Universities,2
4989,West China Second University Hospital,CHN,Health,2
4989,Universidad Pontificia Bolivariana *,COL,Universities,1
4996,Hospital General Universitario Reina Sofia,ESP,Health,2
4996,Institut Catala de la Salut Girona,ESP,Health,3
4998,Jiangxi Science and Technology Normal University,CHN,Universities,1
4998,Tennessee State University,USA,Universities,3
4998,Covenant University,NGA,Universities,1
5001,"University of Colorado, Colorado Springs",USA,Universities,2
5002,Institut de Planetologie et Astrophysique de Grenoble,FRA,Government,1
5002,Aichi Medical University *,JPN,Universities,2
5004,King Fahad Medical City,SAU,Health,2
5005,Lanzhou Jiaotong University,CHN,Universities,2
5006,Fraunhofer Institut fur System und Innovationsforschung,DEU,Government,2
5007,Hubei University of Medicine,CHN,Universities,2
5007,London Business School,GBR,Universities,3
5007,Azienda Usl di Reggio Emilia,ITA,Health,3
5007,Akita University *,JPN,Universities,2
5007,Universidad Austral *,ARG,Universities,1
5007,Mokpo National University,KOR,Universities,3
5013,National Research Foundation *,ZAF,Government,2
5013,Institut d'Etudes Politiques de Paris-Sciences Po,FRA,Universities,1
5013,Lancashire Teaching Hospitals NHS Trust,GBR,Health,3
5013,Hull University Teaching Hospitals NHS Trust,GBR,Health,3
5017,Mie University *,JPN,Universities,2
5017,Al-Zaytoonah University of Jordan,JOR,Universities,1
5017,Ecole Normale Superieure Paris-Saclay *,FRA,Universities,2
5017,Ministry of Health and Population of Egypt,EGY,Health,1
5017,Instituto Adolfo Lutz,BRA,Health,1
5017,Instituto do Cancer do Estado de Sao Paulo,BRA,Health,1
5017,Institute for Clinical Evaluative Sciences *,CAN,Health,2
5024,Ariel University *,ISR,Universities,2
5024,Indian Institute of Pulses Research,IND,Government,1
5024,Shoolini University,IND,Universities,1
5027,Riga Technical University,LVA,Universities,1
5027,Necmettin Erbakan University,TUR,Universities,1
5027,Institut de Recherche Mathematique de Rennes,FRA,Government,2
5027,Sam Ratulangi University,IDN,Universities,1
5031,Jizzakh Polytechnic Institute,UZB,Universities,1
5031,ALBA Synchrotron Light Facility,ESP,Government,2
5033,Pakistan Atomic Energy Commission *,PAK,Government,1
5033,International Peace Research Institute Oslo,NOR,Government,2
5035,Pakistan Institute of Engineering and Applied Sciences,PAK,Universities,1
5035,Public Health Foundation of India *,IND,Health,1
5035,Universitat St Gallen,CHE,Universities,2
5035,Grupo Vithas *,ESP,Health,2
5035,Korea Institute of Geoscience and Mineral Resources,KOR,Government,2
5040,Konan University,JPN,Universities,2
5040,Joint Laboratory of Optics,CZE,Government,1
5040,Hitec University,PAK,Universities,1
5040,Anna Freud,GBR,Non-Profit,2
5044,Golestan University,IRN,Universities,1
5044,Ponce Health Sciences University,PRI,Universities,1
5044,Laboratoire d'Annecy-le-Vieux de Physique des Particules,FRA,Government,1
5044,N.N. Vorozhtsov Novosibirsk Institute of Organic Chemistry Russian Academy of Sciences,RUS,Government,1
5044,Georgia Southern University,USA,Universities,3
5044,Yeouido St Marys Hospital,KOR,Health,2
5050,First Affiliated Hospital of China Medical University,CHN,Health,1
5050,Bank of Italy,ITA,Government,1
5050,Korea Astronomy and Space Science Institute *,KOR,Government,1
5053,Juntendo University Urayasu Hospital,JPN,Health,1
5053,Institut Laue-Langevin,FRA,Government,2
5053,Hospital Universitari Arnau de Vilanova,ESP,Health,3
5056,Leibniz Institut fur Neurobiologie,DEU,Government,3
5056,Beijing Institute of Control Engineering,CHN,Government,1
5056,University of the Philippines Manila,PHL,Universities,1
5056,"Indian Institute of Science Education and Research, Tirupati",IND,Government,1
5056,Birzeit University,PSE,Universities,1
5056,Yeditepe University *,TUR,Universities,1
5062,Universidade Tecnologica Federal do Parana,BRA,Universities,1
5062,NYC Health + Hospitals Jacobi,USA,Health,2
5062,Korea Aerospace University,KOR,Universities,2
5062,Kansai Medical University *,JPN,Universities,2
5066,Ecole Nationale Veterinaire Agroalimentaire et de l'Alimentation de Nantes-Atlantique *,FRA,Universities,3
5066,University of Memphis,USA,Universities,3
5066,Leibniz-Institut fur Sozialwissenschaften,DEU,Government,3
5069,Ostfold University College,NOR,Universities,2
5070,Central Michigan University,USA,Universities,3
5070,Leibniz-Institut fur Ostseeforschung Warnemunde,DEU,Government,3
5070,Universidade do Vale do Rio dos Sinos,BRA,Universities,2
5070,Tenaga National University,MYS,Universities,1
5070,University of Medicine and Pharmacy Craiova,ROU,Universities,1
5070,Pontificia Universidade Catolica do Parana,BRA,Universities,2
5076,Third Affiliated Hospital of Southern Medical University,CHN,Health,2
5077,Universitat Witten-Herdecke,DEU,Universities,3
5077,Texas A&M University-Commerce,USA,Universities,2
5077,Wellesley College,USA,Universities,3
5077,Sichuan Normal University,CHN,Universities,2
5081,Pusan National University Hospital,KOR,Health,2
5081,Fundacio Institut d'Investigacio Sanitaria Illes Balears,ESP,Health,3
5081,Jeonju University,KOR,Universities,2
5081,Centro Hospitalar Universitario de Santo Antonio,PRT,Health,2
5085,Rakuno Gakuen University,JPN,Universities,2
5085,Imam Muhammad ibn Saud Islamic University,SAU,Universities,2
5085,"Institute of Psychology, Chinese Academy of Sciences",CHN,Government,1
5085,Universidad Nacional Autonoma de Honduras *,HND,Universities,1
5089,Second Affiliated Hospital Harbin Medical University,CHN,Health,1
5089,Universidad de Panama,PAN,Universities,2
5089,Northeast Ohio Medical University,USA,Universities,3
5089,Jonkoping University,SWE,Universities,2
5089,Chungnam National University Hospital,KOR,Health,2
5094,Genetic Engineering and Biotechnology Research Institute,EGY,Government,1
5094,"Vietnam National University, Hanoi",VNM,Universities,1
5094,Amsterdam Institute for Global Health and Development,NLD,Government,3
5094,King Georges Medical University,IND,Universities,1
5098,Instituto de Fisica Teorica,ESP,Government,1
5098,Biogeosciences Dijon,FRA,Government,2
5098,Fenway Institute,USA,Health,2
5101,Chicago State University,USA,Universities,3
5101,Staten Island University Hospital,USA,Health,2
5101,Epworth HealthCare,AUS,Health,3
5101,Institute of Computer Science Polish Academy of Sciences,POL,Government,1
5105,Instituto Nacional de Salud,PER,Health,1
5105,Showa University Northern Yokohama Hospital,JPN,Health,1
5105,Universidad de Colima,MEX,Universities,2
5108,ASPETAR - Qatar Orthopaedic and Sports Medicine Hospital,QAT,Health,2
5108,Shimane University *,JPN,Universities,3
5108,Qingdao Municipal Hospital,CHN,Health,2
5111,De La Salle University,PHL,Universities,1
5111,Institut d'Electronique de Microelectronique et de Nanotechnologie,FRA,Government,2
5113,Institute of Genomics and Integrative Biology,IND,Government,1
5113,Bauhaus-Universitat Weimar,DEU,Universities,3
5113,Children's Health Ireland at Crumlin,IRL,Health,3
5113,University of Hail,SAU,Universities,3
5113,Colorado Permanente Medical Group,USA,Health,2
5113,"Oklahoma State University, Center for Health Sciences",USA,Universities,2
5113,Symbiosis International University,IND,Universities,1
5113,Geisinger Medical Center,USA,Health,2
5121,Institut National des Sciences Appliquees de Rouen *,FRA,Universities,2
5121,Instituto Politecnico do Porto,PRT,Universities,2
5121,Beaumont Hospital,IRL,Health,3
5124,Centre de Biologie et de Gestion des Populations,FRA,Government,2
5125,Abu Dhabi Health Services Co *,ARE,Companies,2
5125,Izmir Institute of Technology,TUR,Universities,1
5127,Technical University of Crete,GRC,Universities,2
5127,University of Santo Tomas,PHL,Universities,1
5129,Louisiana Tech University,USA,Universities,3
5129,Kaiser Permanente Washington,USA,Health,1
5129,Universidad de La Sabana *,COL,Universities,1
5129,Gangneung-Wonju National University,KOR,Universities,2
5129,AGROSAVIA - Corporacion Colombiana de Investigacion Agropecuaria,COL,Non-Profit,1
5134,"Desert Research Institute, Reno",USA,Non-Profit,2
5134,Xian Polytechnic University,CHN,Universities,2
5134,Universidad Autonoma de Queretaro,MEX,Universities,1
5137,Evaggelismos Hospital,GRC,Health,2
5137,"Indian Institute of Technology, Varanasi",IND,Universities,1
5137,Indian Institute of Integrative Medicine,IND,Government,1
5137,Roehampton University *,GBR,Universities,3
5141,Huanghe Science and Technology University,CHN,Universities,2
5141,Universidad Anahuac,MEX,Universities,2
5141,University of Hyderabad,IND,Universities,1
5144,Henan University of Animal Husbandry and Economy,CHN,Universities,2
5144,Homerton University Hospital NHS Foundation Trust,GBR,Health,3
5146,Forca Aerea Brasileira,BRA,Government,1
5147,Instituto de Engenharia de Sistemas e Computadores *,PRT,Non-Profit,1
5148,Parkland Health and Hospital System,USA,Health,2
5148,Zhongshan Hospital Xiamen University,CHN,Health,2
5148,University of Malaysia Sabah,MYS,Universities,2
5148,Shahjalal University of Science and Technology,BGD,Universities,1
5148,Charite Campus Buch,DEU,Health,1
5153,Trent University,CAN,Universities,2
5154,Eulji University *,KOR,Universities,2
5154,"University of Engineering and Technology, Lahore",PAK,Universities,1
5154,Chuo University,JPN,Universities,1
5154,Williams College,USA,Universities,3
5154,Affiliated Provincial Hospital of Anhui Medical University,CHN,Health,2
5159,Universidad Cardenal Herrera CEU,ESP,Universities,3
5160,Cukurova University,TUR,Universities,1
5160,South African National Biodiversity Institute,ZAF,Government,2
5162,Institute of Tropical Medicine Antwerp,BEL,Universities,3
5162,Indian Statistical Institute,IND,Universities,1
5162,AIMST University,MYS,Universities,1
5162,Yokohama City University Medical Center,JPN,Health,1
5166,University of Nicosia,CYP,Universities,1
5166,University of Veterinary and Pharmaceutical Sciences Brno,CZE,Universities,2
5166,Dongduk Womens University,KOR,Universities,3
5166,Centro Cientifico Tecnologico Mendoza,ARG,Government,1
5166,Hogeschool van Amsterdam,NLD,Universities,2
5171,Detroit Medical Center,USA,Health,3
5171,Orygen Youth Health,AUS,Health,2
5171,Military Institute of Science and Technology,BGD,Universities,2
5171,Bharatiya Vidya Bhavans Sardar Patel Institute of Technology,IND,Universities,1
5175,Universidade Federal do Piaui,BRA,Universities,1
5175,Institut d'Estudis Espacials de Catalunya,ESP,Government,1
5175,University of Szczecin,POL,Universities,2
5175,University of Canberra,AUS,Universities,3
5175,"Arab Academy for Science, Technology and Maritime Transport",EGY,Universities,1
5175,Iwate Medical University *,JPN,Universities,2
5175,Chinese Academy of Engineering,CHN,Government,2
5182,Instituto Nacional de Saude Dr Ricardo Jorge,PRT,Health,1
5182,University of Applied Sciences and Arts Western Switzerland *,CHE,Universities,3
5182,National Research Nuclear University MEPhI,RUS,Universities,1
5182,Institut Pasteur de Tunis,TUN,Health,1
5182,"Universidad del Valle, Colombia",COL,Universities,1
5187,Suez Canal University *,EGY,Universities,2
5187,Vinh University,VNM,Universities,1
5187,Istituto di Astrofisica e Planetologia Spaziali,ITA,Government,2
5187,Universidad Nacional de Cuyo *,ARG,Universities,1
5187,Beijing University of Chinese Medicine and Pharmacology Dongfang Hospital,CHN,Health,1
5192,Guangdong Polytechnical Normal University,CHN,Universities,2
5192,Central Scientific Instruments Organisation,IND,Government,1
5192,International Islamic University,PAK,Universities,1
5192,Anhui University of Technology,CHN,Universities,2
5192,Institut Mutualiste Montsouris,FRA,Health,2
5197,MCPHS University,USA,Universities,3
5197,Ho Chi Minh City University of Technology,VNM,Universities,1
5197,Kyungsung University,KOR,Universities,2
5197,Kyoto Prefectural University,JPN,Universities,1
5197,"Shenyang Institute of Applied Ecology, Chinese Academy of Sciences",CHN,Government,1
5202,Baycrest Health Sciences *,CAN,Health,3
5202,Universidade da Integracao Internacional da Lusofonia Afro-Brasileira,BRA,Universities,1
5202,Texas Southern University,USA,Universities,2
5202,Creighton University,USA,Universities,3
5202,Baystate Health System,USA,Health,3
5202,Centro Cientifico Tecnologico Bahia Blanca,ARG,Government,1
5208,Ferdinand Braun Institut fur Hoechstfrequenztechnik,DEU,Government,2
5208,Kermanshah University of Medical Sciences,IRN,Universities,1
5210,"Lincoln University, Lincoln",NZL,Universities,2
5210,Konkuk University Medical Center,KOR,Health,2
5210,Military University of Technology,POL,Universities,2
5213,Japan Advanced Institute of Science and Technology,JPN,Universities,1
5214,Galway University Hospitals,IRL,Health,3
5215,Lake Erie College,USA,Universities,3
5215,Shaoxing University,CHN,Universities,2
5215,Lublin University of Technology,POL,Universities,2
5215,University of Colorado Hospital,USA,Health,2
5215,Lahore University of Management Sciences,PAK,Universities,1
5215,Kansai Rosai Hospital,JPN,Health,1
5221,Institute of Mental Health,SGP,Health,2
5221,Universitatsklinikum Halle,DEU,Health,3
5221,Bucharest Academy of Economic Studies,ROU,Universities,1
5221,"MITRE Corp, McLean",USA,Companies,3
5221,State University of Medan,IDN,Universities,1
5221,Syarif Hidayatullah State Islamic University Jakarta,IDN,Universities,2
5221,Sonoma State University,USA,Universities,3
5221,Tomsk State University,RUS,Universities,1
5229,Universite de Perpignan Via Domitia *,FRA,Universities,2
5229,FSBI National Medical Research Center of Oncology named after NN Blokhin,RUS,Health,1
5229,Shibaura Institute of Technology,JPN,Universities,2
5232,Asahikawa Medical University,JPN,Universities,2
5232,National Institute of Plant Genome Research,IND,Government,1
5232,University of Piraeus,GRC,Universities,2
5232,Midwestern University,USA,Universities,3
5232,Yancheng Institute of Technology,CHN,Universities,2
5237,Institut de Recherche en Genie Civil et Mecanique,FRA,Government,3
5238,Nagasaki University Hospital,JPN,Health,2
5238,International Institute of Tropical Agriculture Nigeria,NGA,Non-Profit,1
5238,Centre for Cellular and Molecular Biology,IND,Government,1
5238,Shandong Jianzhu University,CHN,Universities,2
5238,University of Tabriz,IRN,Universities,1
5238,University of Technology and Life Sciences,POL,Universities,2
5244,"University of Nebraska, Omaha",USA,Universities,3
5244,Centre for Addiction and Mental Health,CAN,Health,2
5244,Universidad Industrial de Santander,COL,Universities,1
5247,Gemini Observatory,USA,Non-Profit,2
5247,Dalin Tzu Chi Hospital,TWN,Health,2
5247,Unidade Local de Saude de Matosinhos,PRT,Health,1
5250,Atilim University,TUR,Universities,1
5250,Laboratoire de Physique Nucleaire et de Hautes Energies,FRA,Government,1
5250,Netherlands Comprehensive Cancer Organisation,NLD,Health,3
5250,India Meteorological Department,IND,Government,1
5250,Open University of Israel,ISR,Universities,2
5255,"Nippon Steel Corp, Japan",JPN,Companies,2
5256,Hospital Canselor Tuanku Muhriz UKM,MYS,Health,2
5257,Miriam Hospital,USA,Health,2
5257,"Guangzhou Institute of Geochemistry, Chinese Academy of Sciences",CHN,Government,1
5257,Osservatorio Astrofisico di Catania,ITA,Government,2
5257,Korea Maritime University,KOR,Universities,3
5261,UNU Maastricht Economic and Social Research Institute on Innovation and Technology,NLD,Non-Profit,3
5261,Affiliated Suzhou Hospital,CHN,Health,2
5261,Mid and South Essex NHS Foundation Trust,GBR,Health,3
5264,Kangwon National University Hospital,KOR,Health,2
5264,Gansu Agricultural University,CHN,Universities,2
5266,Universidad Autonoma de Coahuila *,MEX,Universities,1
5266,Institut Catala de Recerca de l'Aigua,ESP,Government,2
5266,National Research Center for Epidemiology and Microbiology named after NF Gamaleya *,RUS,Health,1
5269,Kocaeli University *,TUR,Universities,1
5269,Anhui Normal University,CHN,Universities,2
5269,Universidade de Evora,PRT,Universities,2
5269,Kochi University *,JPN,Universities,3
5273,Cyprus International University,CYP,Universities,1
5274,Sunway University,MYS,Universities,2
5274,Tallaght University Hospital,IRL,Health,3
5274,Hochschule Offenburg,DEU,Universities,2
5274,Vejle Hospital,DNK,Health,1
5274,HUTECH University of Technology,VNM,Universities,1
5279,Instituto Tecnologico Metropolitano,COL,Universities,1
5279,Universidade Tiradentes,BRA,Universities,1
5279,IRCCS Associazione Oasi Maria SS,ITA,Health,2
5279,SETI Institute,USA,Non-Profit,2
5279,University of Hradec Kralove,CZE,Universities,2
5279,University of Central Arkansas,USA,Universities,2
5285,Central University of Punjab,IND,Universities,1
5285,Alagappa University,IND,Universities,1
5285,Multimedia University,MYS,Universities,1
5285,"Birla Institute of Technology and Science Pilani, Dubai Campus",ARE,Universities,1
5285,CRRC Qingdao Sifang Co Ltd,CHN,Government,1
5285,Instituto de Fisica Interdisciplinar y Sistemas Complejos,ESP,Government,2
5291,Geological Survey of Finland,FIN,Government,3
5291,Institut Catala de la Salut Lleida,ESP,Health,3
5291,Tokyo Medical University Hospital,JPN,Health,2
5294,University of Nigeria,NGA,Universities,1
5294,"Indian Institute of Technology, Indore",IND,Universities,1
5296,Universidad Catolica de Valencia San Vicente Martir,ESP,Universities,3
5296,Ming Chi University of Technology,TWN,Universities,1
5298,Inter-University Centre for Astronomy and Astrophysics,IND,Government,1
5298,Laboratoire Jacques-Louis Lions,FRA,Government,2
5298,"California State University, Long Beach",USA,Universities,2
5298,Chandigarh University,IND,Universities,1
5298,Singapore University of Social Sciences,SGP,Universities,3
5303,Aerospace Corp,USA,Companies,2
5303,Universitatsklinikum Knappschaftskrankenhaus Bochum,DEU,Health,3
5303,Shanghai First Maternity and Infant Health Hospital,CHN,Health,1
5306,Women and Infants Hospital of Rhode Island,USA,Health,3
5307,Chongqing University of Science and Technology,CHN,Universities,2
5307,Northumbria Healthcare NHS Foundation Trust,GBR,Health,4
5307,Tuskegee University,USA,Universities,2
5307,"University of Malaysia, Perlis",MYS,Universities,2
5307,Kanazawa Medical University *,JPN,Universities,2
5307,University of Zilina,SVK,Universities,1
5307,Wuhan Polytechnic University,CHN,Universities,2
5314,Institut Mediterrani d'Estudis Avancats,ESP,Government,1
5315,Binzhou Medical University *,CHN,Universities,2
5316,"California State University, Fullerton",USA,Universities,2
5316,Hillel Yaffe Medical Center,ISR,Health,2
5318,Sangji University,KOR,Universities,3
5318,Jawaharlal Nehru Centre for Advanced Scientific Research,IND,Universities,1
5320,"International Centre for Genetic Engineering and Biotechnology, New Delhi",IND,Government,1
5320,MetroHealth System,USA,Health,3
5320,University of Economics Ho Chi Minh City,VNM,Universities,1
5320,"University of Alaska, Anchorage",USA,Universities,2
5324,Naturalis Biodiversity Center,NLD,Government,2
5325,Instituto de Investigacion Sanitaria Biocruces Bizkaia,ESP,Health,2
5325,American University of Sharjah,ARE,Universities,2
5325,Ecole des Mines d'Albi-Carmaux *,FRA,Universities,3
5328,Universite Rennes 2 *,FRA,Universities,2
5328,The Second Hospital of Nanjing Affiliated to Nanjing University of Chinese Medicine,CHN,Health,2
5328,Berufsgenossenschaftliches Universitatsklinikum Bergmannsheil GmbH,DEU,Health,3
5328,Jember University,IDN,Universities,2
5332,Universidad Loyola Andalucia,ESP,Universities,3
5333,Forestry and Forest Products Research Institute,JPN,Government,2
5333,"Baker Hughes, USA",USA,Companies,2
5333,Bahcesehir University *,TUR,Universities,1
5336,Beijing Anzhen Hospital,CHN,Health,2
5336,TBS Education,FRA,Universities,3
5338,Council for Scientific and Industrial Research,ZAF,Government,1
5338,Leibniz-Institut fur Praventionsforschung und Epidemiologie,DEU,Government,2
5338,Max Born Institut fur Nichtlineare Optik und Kurzzeitspektroskopie,DEU,Government,3
5341,Hospital Universitari Sant Joan de Reus *,ESP,Health,2
5341,Institute of Psychology Polish Academy of Sciences,POL,Government,2
5343,Universidade Estadual do Norte Fluminense Darcy Ribeiro,BRA,Universities,2
5343,Isfahan University of Technology,IRN,Universities,1
5343,The Royal Wolverhampton Hospitals NHS Trust,GBR,Health,4
5346,Obihiro University of Agriculture and Veterinary Medicine,JPN,Universities,2
5347,Laboratori Nazionali del Sud,ITA,Government,3
5347,Wilfrid Laurier University *,CAN,Universities,2
5349,Centros Regionales CONICYT *,CHL,Government,2
5349,Donau Universitat Krems,AUT,Universities,3
5349,Saitama University,JPN,Universities,2
5349,Mohammad Ali Jinnah University,PAK,Universities,1
5353,Kyushu Institute of Technology,JPN,Universities,2
5353,"Laboratoire Atmospheres, Milieux, Observations Spatiales",FRA,Government,1
5353,Institute for Information Transmission Problems Russian Academy of Sciences,RUS,Government,1
5353,University of the Ryukyus *,JPN,Universities,2
5357,Universite de Toulon *,FRA,Universities,2
5358,University of Sunderland,GBR,Universities,3
5359,Morehouse School of Medicine,USA,Universities,3
5360,Universitaren Psychiatrischen Kliniken Basel,CHE,Health,3
5360,Leibniz Institut fur Tropospharenforschung,DEU,Government,2
5360,Sumy State University,UKR,Universities,1
5360,University of Gloucestershire,GBR,Universities,3
5364,Xinyang Normal University,CHN,Universities,2
5365,Universidad Autonoma de Baja California,MEX,Universities,2
5365,LWL-Universitatsklinikum Bochum der Ruhr Universitat Bochum,DEU,Health,3
5367,State Grid Jiangsu Electric Power Research Institute,CHN,Government,1
5367,"Institut des Sciences de la Terre, Grenoble",FRA,Government,2
5369,Shiraz University,IRN,Universities,1
5369,Prince Mohammad Bin Fahd University,SAU,Universities,1
5369,German University in Cairo,EGY,Universities,1
5369,Northwest Permanente,USA,Health,2
5369,South Dakota School of Mines and Technology,USA,Universities,2
5369,Florida Polytechnic University,USA,Universities,2
5375,Chang Jung Christian University,TWN,Universities,3
5375,Institute of Liver & Biliary Sciences,IND,Health,1
5375,Centro de Investigacion en Alimentacion y Desarrollo,MEX,Government,1
5375,"Laboratoire des Sciences et Techniques de l'Information, de la Communication et de la Connaissance",FRA,Government,2
5375,Centro Cientifico Tecnologico San Luis,ARG,Government,2
5380,Henan Institute of Science and Technology,CHN,Universities,2
5380,SFI Research Centre for Software - Lero,IRL,Government,3
5382,John Paul II Catholic University of Lublin,POL,Universities,2
5382,Tech University of Korea,KOR,Universities,2
5382,Xi'an Research Institute of High Technology,CHN,Non-Profit,1
5382,East West University,BGD,Universities,1
5382,Meteorological Research Institute,JPN,Government,1
5387,University of Central Punjab,PAK,Universities,1
5387,Technical University of Cluj-Napoca,ROU,Universities,1
5387,Technische Hochschule Koln,DEU,Universities,3
5387,Centre d'Elaboration des Materiaux et d'Etudes Structurales,FRA,Government,2
5387,Universidad de la Frontera,CHL,Universities,2
5392,Royal Observatory of Belgium,BEL,Government,2
5392,Universidade Federal de Jatai,BRA,Universities,2
5392,Hanoi University of Science and Technology,VNM,Universities,1
5392,Vytautas Magnus University,LTU,Universities,2
5392,Spectrum Health,USA,Health,3
5392,Meharry Medical College,USA,Universities,3
5398,Iwate University,JPN,Universities,2
5398,Toho University Ohashi Medical Center,JPN,Health,1
5398,Field Museum Natural History,USA,Government,2
5401,Leibniz-Zentrum fur Agrarlandschaftsforschung,DEU,Government,2
5401,IHE Delft Institute for Water Education,NLD,Non-Profit,3
5401,National Research Centre for the Working Environment,DNK,Government,3
5404,China North Vehicle Research Institute,CHN,Government,2
5404,"Equinor ASA, Norway",NOR,Companies,2
5404,University Hospital Brno,CZE,Health,2
5407,Ministry of Transport *,CHN,Government,1
5407,Ostbayerische Technische Hochschule Regensburg,DEU,Universities,3
5407,FH Oberosterreich,AUT,Universities,3
5407,Kobe City Medical Center General Hospital,JPN,Health,2
5411,Consorci Corporaci Sanitaria Parc Tauli *,ESP,Health,3
5411,Klinikum Stuttgart,DEU,Health,3
5411,Uganda Ministry of Health,UGA,Health,1
5411,National Observatory of Athens,GRC,Government,1
5415,Sun Moon University,KOR,Universities,3
5415,Centro Medico ABC,MEX,Health,2
5415,Cyprus University of Technology,CYP,Universities,2
5415,Rochester Regional Health,USA,Health,3
5419,Universite de Technologie de Troyes *,FRA,Universities,2
5419,Laboratoire Magmas et Volcans,FRA,Government,2
5421,National Institute of Public Health of Japan,JPN,Health,2
5421,Rotman Research Institute,CAN,Health,3
5421,Henryk Niewodniczanski Institute of Nuclear Physics Polish Academy of Sciences,POL,Government,1
5421,University of Bedfordshire,GBR,Universities,3
5425,North York General Hospital,CAN,Health,3
5425,Zhongnan University of Economics and Law,CHN,Universities,2
5427,Dalian University *,CHN,Universities,2
5427,Damanhour University,EGY,Universities,2
5429,Nord University,NOR,Universities,3
5429,Beaumont Health System,USA,Health,3
5429,Hospital Universitario Austral,ARG,Health,1
5429,Hellenic Mediterranean University,GRC,Universities,2
5429,Aichi Gakuin University,JPN,Universities,3
5429,Doshisha University,JPN,Universities,1
5435,Western University of Health Sciences,USA,Universities,3
5435,Mohammed Bin Rashid University of Medicine and Health Sciences,ARE,Universities,2
5435,GenesisCare *,MUL,Health,3
5435,Institut de Mecanique Celeste et de Calcul des Ephemerides,FRA,Government,2
5435,Delaware State University,USA,Universities,3
5440,Hamad General Hospital,QAT,Health,3
5441,Ecole Nationale Veterinaire de Toulouse,FRA,Universities,3
5441,Ministere de la Sante *,MAR,Health,1
5441,Capgemini *,MUL,Companies,2
5441,Walter Sisulu University,ZAF,Universities,2
5441,Hamadan University of Medical Sciences,IRN,Universities,1
5441,Cankaya University,TUR,Universities,1
5441,Grady Health,USA,Health,3
5448,Bushehr University of Medical Sciences,IRN,Universities,1
5449,Hochschule fur Technik und Wirtschaft Berlin,DEU,Universities,3
5449,Swedish School of Sport and Health Sciences,SWE,Universities,2
5451,"Texas State University, San Marcos",USA,Universities,3
5451,Collaborative Innovation Center of Quantum Matter,CHN,Government,1
5451,Stomatological Hospital of Chongqing Medical University,CHN,Health,2
5451,Petrobras *,MUL,Companies,2
5451,Schneider Children's Medical Center of Israel,ISR,Health,2
5451,Universidad EAFIT,COL,Universities,1
5457,Environment and Natural Materials Research Institute,EGY,Government,1
5457,Quzhou Municipal People's Government *,CHN,Government,2
5459,Synchrotron SOLEIL,FRA,Government,3
5459,Royal Botanic Garden Edinburgh,GBR,Government,3
5459,Kunsan National University,KOR,Universities,2
5459,"Soil, Water and Environment Research Institute",EGY,Government,2
5463,"Institute of Geochemistry, Chinese Academy of Sciences",CHN,Government,1
5463,Centre de Recerca en Agrotecnologia,ESP,Government,2
5463,Wuxi No 2 People's Hospital Affiliated to Nanjing Medical University,CHN,Health,2
5463,Chongqing University of Technology,CHN,Universities,2
5463,Duke Kunshan University,CHN,Universities,2
5463,Southern Ural State University,RUS,Universities,1
5469,University of Arid Agriculture,PAK,Universities,2
5469,Istanbul Medeniyet University,TUR,Universities,1
5469,Institut de Fisica d'Altes Energies,ESP,Government,1
5469,Astronomical Institute of the ASCR,CZE,Government,1
5473,Kantonsspital  Baselland,CHE,Health,4
5474,Jimma University *,ETH,Universities,1
5474,European University Institute,ITA,Universities,2
5474,Southern Illinois University School of Medicine,USA,Universities,3
5474,Hoseo University,KOR,Universities,3
5478,Tokushima Bunri University,JPN,Universities,1
5478,Inje University Haeundae-Paik Hospital,KOR,Health,2
5478,"Institute of Soil and Water Conservation, Chinese Academy of Sciences",CHN,Government,1
5481,Royal Berkshire NHS Foundation Trust,GBR,Health,3
5481,Universidad Internacional Valenciana,ESP,Universities,2
5483,The Royal College of Surgeons in Ireland – Medical University of Bahrain,BHR,Universities,1
5483,Leibniz-Institut fur Agrartechnik und Biookonomie,DEU,Government,3
5483,Nirma University,IND,Universities,1
5483,Guangxi University for Nationalities,CHN,Universities,1
5483,Changsha Medical University,CHN,Universities,2
5483,National Institute of Mental Health and Neuro Sciences,IND,Universities,1
5483,Duzce University,TUR,Universities,1
5483,Department of Atomic Energy *,IND,Government,1
5483,Maejo University,THA,Universities,1
5492,Kogakuin University,JPN,Universities,2
5493,Technology Innovation Institute,ARE,Government,1
5493,"Institute of Earth Environment, Chinese Academy of Science",CHN,Government,1
5493,Structure et Fonctionnement des Systemes Hydriques Continentaux,FRA,Government,2
5493,Hochschule Furtwangen,DEU,Universities,3
5493,Universitat Passau,DEU,Universities,3
5498,Museum fur Naturkunde Berlin,DEU,Non-Profit,3
5498,Sint Maartenskliniek,NLD,Health,4
5498,University Malaysia Terengganu,MYS,Universities,2
5501,Institut de Physique Theorique,FRA,Government,1
5502,ARC Centre of Excellence for All-Sky Astrophysics in 3 Dimensions,AUS,Government,1
5502,Izmir University of Economics,TUR,Universities,1
5504,Mansoura University Hospitals,EGY,Health,1
5504,Shin Kong Wu Ho-Su Memorial Hospital,TWN,Health,2
5506,"Laboratoire TIMC-IMAG - Techniques de l'Ingenierie Medicale et de la Complexite - Informatique, Mathematiques et Applications de Grenoble",FRA,Government,3
5506,Tumor Hospital of Guangxi Medical University,CHN,Health,1
5506,Tzu Chi University,TWN,Universities,2
5506,Geosciences Environnement Toulouse,FRA,Government,2
5506,Middle Tennessee State University,USA,Universities,3
5506,Taras Shevchenko National University of Kyiv,UKR,Universities,1
5506,Affiliated Hospital of Nantong University,CHN,Health,2
5513,University of Cape Coast,GHA,Universities,1
5513,University of the Arts London,GBR,Universities,3
5515,Politehnica University of Timisoara,ROU,Universities,1
5515,Conditions Extremes et Materiaux: Haute Temperature et Irradiation,FRA,Government,3
5515,Laboratoire de Mecanique des Contacts et des Structures,FRA,Government,3
5515,Universitas Negeri Jakarta,IDN,Universities,2
5519,University of Petroleum and Energy Studies,IND,Universities,1
5519,North West Frontier Province University of Engineering and Technology,PAK,Universities,1
5519,Cheng Hsin General Hospital,TWN,Health,2
5522,Fachhochschule Frankfurt am Main,DEU,Universities,3
5522,Atma Jaya Yogyakarta University,IDN,Universities,2
5522,Institut de Biologia Evolutiva,ESP,Government,2
5525,Southern Cross University,AUS,Universities,3
5526,Riau University,IDN,Universities,2
5526,University of Lagos,NGA,Universities,1
5526,Institute of Genetics and Animal Biotechnology of the Polish Academy of Sciences,POL,Government,2
5529,University of Nizwa,OMN,Universities,1
5529,Leibniz-Institut fur Astrophysik Potsdam,DEU,Government,2
5529,Normandie Universite,FRA,Universities,2
5529,Culham Centre for Fusion Energy,GBR,Government,3
5529,University of Western Macedonia,GRC,Universities,2
5529,Hospital Infantil de Mexico Federico Gomez,MEX,Health,1
5535,San Francisco State University,USA,Universities,2
5536,Heilongjiang Bayi Agricultural University,CHN,Universities,3
5536,Royal Belgian Institute of Natural Sciences,BEL,Government,3
5536,Foshan Xianhu Laboratory,CHN,Government,2
5539,Instituto Presbiteriano Mackenzie *,BRA,Non-Profit,2
5539,Chinese Institute for Brain Research,CHN,Government,1
5541,Shahid Beheshti University,IRN,Universities,1
5541,Osaka Police Hospital,JPN,Health,2
5541,Juntendo University Shizuoka Hospital,JPN,Health,1
5541,Seton Hall University,USA,Universities,3
5541,Beijing Institute for Brain Disorders,CHN,Health,1
5546,North Sichuan Medical College *,CHN,Universities,2
5546,Yanbian University *,CHN,Universities,2
5546,Instituto Nacional de Cardiologia Ignacio Chavez,MEX,Health,1
5546,"King Abdulaziz Medical City, Jeddah",SAU,Health,2
5546,Littoral Environnement et Societes,FRA,Government,2
5551,Meijo University,JPN,Universities,2
5552,University of Gondar,ETH,Universities,1
5552,Mount Auburn Hospital,USA,Health,3
5552,"GenesisCare, Australia",AUS,Health,3
5552,Nuclear Institute for Agriculture and Biology,PAK,Government,1
5552,Ministry of Health,KWT,Health,1
5552,Chinese Culture University,TWN,Universities,3
5552,Fraser Health Authority,CAN,Health,2
5552,Hunan Institute of Science and Technology,CHN,Universities,2
5552,Institut National de l'Environnement Industriel et des Risques,FRA,Government,2
5561,Mae Fah Luang University,THA,Universities,2
5561,Nagaoka University of Technology,JPN,Universities,2
5561,National Chin-Yi University of Technology,TWN,Universities,3
5561,Hunan University of Traditional Chinese Medicine *,CHN,Universities,2
5561,University of Agronomic Sciences and Veterinary Medicine,ROU,Universities,1
5561,Riphah International University,PAK,Universities,1
5561,Chaoyang University of Technology,TWN,Universities,3
5568,Chongqing Technology and Business University,CHN,Universities,2
5568,Pondicherry University,IND,Universities,1
5568,Siberian Federal University,RUS,Universities,1
5568,Laboratoire d'Etude du Rayonnement et de la Matiere en Astrophysique et Atmospheres,FRA,Government,2
5572,Hospital Universitario Pedro Ernesto,BRA,Health,2
5572,Guangdong Provincial Laboratory of Southern Marine Science and Engineering Zhuhai,CHN,Government,1
5572,Saint Petersburg Mining University,RUS,Universities,1
5575,University of Moratuwa,LKA,Universities,1
5575,Chungbuk National University Hospital,KOR,Health,2
5575,University of Bielsko-Biala,POL,Universities,2
5578,Hanoi Medical University,VNM,Universities,1
5579,Instituto de Investigacion Sanitaria Galicia Sur *,ESP,Health,2
5579,Universidade Federal de Sergipe,BRA,Universities,2
5579,Complejo Hospitalario San Pedro Hospital De La Rioja,ESP,Health,3
5579,Universiti Brunei Darussalam,BRN,Universities,1
5579,Anhui University of Chinese Medicine *,CHN,Universities,2
5584,Institut de Recherche en Astrophysique et Planetologie,FRA,Government,1
5584,Shaqra University,SAU,Universities,2
5584,University of Zielona Gora,POL,Universities,2
5584,Kyoto Institute of Technology,JPN,Universities,2
5584,Hospital Universitario Son Espases,ESP,Health,3
5589,Korea Electric Power Corp *,KOR,Companies,1
5590,Florida Institute of Technology,USA,Universities,3
5590,National Medical Products Administration,CHN,Health,1
5590,St. Vincent's Hospital,KOR,Health,2
5593,Norwegian Institute for Water Research,NOR,Government,2
5593,National University of Science and Technology MISIS *,RUS,Universities,1
5593,Edward Via College of Osteopathic Medicine,USA,Universities,2
5593,Agricultural Research Council,ZAF,Government,2
5593,Saudi Electronic University,SAU,Universities,3
5598,"Soochow University, Taipei",TWN,Universities,2
5598,Saitama Medical University Saitama Medical Center,JPN,Health,2
5598,Portsmouth Hospitals University NHS Trust,GBR,Health,4
5598,Fachhochschule Dortmund,DEU,Universities,3
5598,Kyung Hee University Medical Center,KOR,Health,2
5603,University Hospital of Larissa,GRC,Health,2
5603,King Mongkut's Institute of Technology Ladkrabang,THA,Universities,2
5603,Srinakharinwirot University,THA,Universities,1
5603,Centre de Recherche en Neurosciences de Lyon,FRA,Government,2
5603,Islamic University of Indonesia,IDN,Universities,1
5603,Nuclear Physics Institute of the ASCR,CZE,Government,1
5609,Instituto Espanol de Oceanografia,ESP,Government,2
5609,Xinjiang Medical University *,CHN,Universities,2
5609,Laboratoire de Physique Subatomique et des Technologies Associees,FRA,Government,2
5609,Escuela Andaluza de Salud Publica,ESP,Health,3
5609,Istituto di Fisica Applicata Nello Carrara,ITA,Government,2
5614,National Institute of Epidemiology,IND,Health,1
5614,University of Kuala Lumpur,MYS,Universities,1
5614,KL University,IND,Universities,1
5614,Instituto Politecnico de Viseu,PRT,Universities,1
5618,Brock University,CAN,Universities,2
5619,Centre for Free Electron Laser Science,DEU,Government,3
5619,"Petrobras, Brazil",BRA,Companies,1
5621,China Aerodynamics Research and Development Center,CHN,Government,2
5621,Fund for Scientific Research Flanders,BEL,Government,3
5621,South African Radio Astronomy Observatory,ZAF,Government,2
5624,Duquesne University,USA,Universities,3
5625,Istituto di Geologia Ambientale e Geoingegneria,ITA,Government,2
5625,Kyoto University of Education,JPN,Universities,1
5627,Lowell Observatory,USA,Non-Profit,2
5627,Wichita State University,USA,Universities,3
5629,University Hospitals of North Midlands NHS Trust,GBR,Health,4
5629,Aswan University *,EGY,Universities,2
5629,University of Rajasthan,IND,Universities,1
5632,Van Lang University,VNM,Universities,1
5632,Muhammadiyah University of Yogyakarta,IDN,Universities,2
5632,Shenyang Aerospace University,CHN,Universities,2
5632,"Instituto Federal de Educacao, Ciencia e Tecnologia Espirito Santo",BRA,Universities,2
5632,"University of Medicine, Pharmacy, Science and Technology of Targu Mures",ROU,Universities,2
5637,Eastern Mediterranean University,CYP,Universities,1
5637,"Research Center for Environmental Changes, Academia Sinica",TWN,Government,2
5639,General University Hospital of Patras,GRC,Health,2
5639,Universidad San Francisco de Quito,ECU,Universities,1
5639,HU University of Applied Sciences Utrecht,NLD,Universities,2
5639,Borys Grinchenko Kyiv Metropolitan University,UKR,Universities,1
5643,Aegean University,GRC,Universities,1
5643,Laboratoire de Physique Subatomique et de Cosmologie,FRA,Government,2
5645,General Soedirman University,IDN,Universities,2
5645,Affiliated Stomatological Hospital of Nanjing Medical University,CHN,Health,2
5645,Riga Stradins University,LVA,Universities,1
5645,Lviv Polytechnic National University,UKR,Universities,1
5645,Hospital for Tropical Diseases *,VNM,Health,1
5645,"Laboratoire d'Automatique, de Mecanique et d'Informatique Industrielles et Humaines",FRA,Government,3
5645,Dong-Eui University,KOR,Universities,2
5652,Universite Sidi Mohamed Ben Abdellah *,MAR,Universities,1
5652,Laboratoire d’Astrophysique de Marseille,FRA,Government,1
5652,Civil Aviation University of China,CHN,Universities,2
5652,Faculdade de Medicina de Sao Jose do Rio Preto,BRA,Universities,1
5652,Istituto per la Scienza e Tecnologia dei Plasmi,ITA,Government,2
5652,Sophia University,JPN,Universities,2
5658,"Swinburne University of Technology, Sarawak Campus",MYS,Universities,2
5658,Naresuan University,THA,Universities,2
5660,National Chengchi University,TWN,Universities,1
5660,Durban University of Technology,ZAF,Universities,2
5660,University of Information Technology and Management in Rzeszow,POL,Universities,1
5660,Near East University,CYP,Universities,1
5660,Affiliated Hospital of Hebei University,CHN,Health,2
5660,Karadeniz Technical University,TUR,Universities,1
5660,Technical University of Kosice,SVK,Universities,1
5667,Sultan Ageng Tirtayasa University,IDN,Universities,2
5667,Eastern Hepatobiliary Surgery Hospital,CHN,Health,1
5669,ICF International Inc,USA,Companies,3
5669,Central Drug Research Institute,IND,Government,1
5669,Deraya University,EGY,Universities,1
5672,"University of Maryland, Center for Environmental Science",USA,Government,2
5672,Instituto de Ciencias Matematicas,ESP,Government,1
5672,"MARBEC MARine Biodiversity, Exploitation & Conservation",FRA,Government,1
5675,"Hellenic Healthcare Group, Greece",GRC,Health,2
5675,Jambi University,IDN,Universities,2
5677,National Defense Academy of Japan,JPN,Universities,1
5677,Universidad Peruana de Ciencias Aplicadas,PER,Universities,1
5677,Universidade Catolica de Brasilia,BRA,Universities,1
5677,CNPC Tubular Goods Research Institute,CHN,Government,1
5681,Liaoning Medical University *,CHN,Universities,2
5681,Mackay Junior College of Medicine Nursing and Management,TWN,Universities,2
5681,The Central Hospital of Wuhan,CHN,Health,1
5681,Universitatsklinikum Magdeburg,DEU,Health,3
5685,Hefei Normal University,CHN,Universities,2
5685,Saint Louis University Care,USA,Health,2
5685,"California State University, Sacramento",USA,Universities,3
5688,"State University of New York, College of Environmental Science and Forestry",USA,Universities,3
5688,Jerusalem College of Technology - Lev Academic Center,ISR,Universities,1
5688,China Academy of Railway Sciences,CHN,Government,2
5691,Universidad Alfonso X El Sabio,ESP,Universities,3
5691,The American University in Cairo,EGY,Universities,1
5691,Korea Institute of Ocean Science & Technology *,KOR,Non-Profit,3
5691,"Hanze University of Applied Sciences, Groningen",NLD,Universities,3
5695,Medical Research Council,GMB,Government,1
5695,Czestochowa University of Technology,POL,Universities,2
5695,Cardiff Metropolitan University,GBR,Universities,4
5695,Universidad Autonoma de Sinaloa,MEX,Universities,2
5695,Pazmany Peter Catholic University,HUN,Universities,2
5700,Pedagogical University of Kielce,POL,Universities,2
5700,Rhodes University,ZAF,Universities,2
5700,Indian Institute of Information Technology,IND,Universities,1
5700,Halmstad University College,SWE,Universities,3
5700,Sigmund Freud University,AUT,Universities,3
5705,"University of Technology, Iraq",IRQ,Universities,1
5705,Canakkale Onsekiz Mart Universitesi *,TUR,Universities,1
5705,General Atomics,USA,Companies,2
5708,Universita degli Studi di Bergamo,ITA,Universities,3
5708,Zhejiang Shuren University,CHN,Universities,2
5708,Ulsan University Hospital,KOR,Health,2
5708,Changi General Hospital,SGP,Health,3
5712,Instituto Evandro Chagas,BRA,Health,1
5712,Grupo Jose de Mello *,PRT,Companies,1
5712,First Affiliated Hospital of Guangzhou University of Traditional Chinese Medicine,CHN,Health,2
5715,University of Asia Pacific,BGD,Universities,1
5716,Guangdong University of Petrochemical Technology,CHN,Universities,2
5716,Saskatchewan Health Authority,CAN,Health,3
5718,L. V. Prasad Eye Institute,IND,Health,1
5719,Universite du Havre *,FRA,Universities,2
5719,Azienda Ospedaliera Universitaria Policlinico Gaetano Martino,ITA,Health,3
5719,"University of New England, Australia",AUS,Universities,3
5719,Advanced Technology and New Materials Research Institute,EGY,Government,1
5723,University of Babylon,IRQ,Universities,1
5723,Anhui Polytechnic University,CHN,Universities,2
5723,Universidade Nove de Julho,BRA,Universities,2
5723,Fontys University of Applied Sciences,NLD,Universities,3
5727,Nicklaus Children's Hospital,USA,Health,3
5727,Gebze Technical University,TUR,Universities,1
5729,Harokopio University,GRC,Universities,3
5729,Tokyo University of Marine Science and Technology,JPN,Universities,2
5729,Kuwait University Health Science Center,KWT,Health,1
5729,"Curtin University, Malaysia",MYS,Universities,1
5733,City Hospitals Sunderland NHS Foundation Trust,GBR,Health,3
5733,"Toyota Central R&D Labs Inc, Japan",JPN,Companies,1
5735,Institute for Space Sciences,ROU,Government,1
5735,Robert Wood Johnson University Hospital at New Brunswick,USA,Health,2
5735,Universidad de Valparaiso,CHL,Universities,2
5735,China National Center for Food Safety Risk Assessment,CHN,Health,2
5735,Australian E-Health Research Center,AUS,Government,1
5740,Webster University *,USA,Universities,3
5740,Hellenic Healthcare Group *,MUL,Health,3
5740,Universidad del Azuay,ECU,Universities,1
5740,Observatoire Midi Pyrenees,FRA,Government,2
5740,"Aga Khan University Hospital, Karachi",PAK,Health,1
5740,Bam University of Medical Sciences,IRN,Universities,1
5740,Ecole des Hautes Etudes en Sante Publique *,FRA,Universities,2
5747,Mendel University in Brno,CZE,Universities,2
5747,American University of Beirut Medical Center,LBN,Health,2
5747,Instituto de Investigacion Sanitaria Puerta de Hierro Segovia de Arana,ESP,Health,2
5747,Hospital Nacional de Pediatria Profesor Dr Juan P Garrahan,ARG,Health,1
5751,XuanWu Hospital,CHN,Health,1
5752,Leeds Trinity University,GBR,Universities,3
5753,National Institute of Chemical Physics and Biophysics,EST,Non-Profit,1
5753,Montclair State University,USA,Universities,3
5753,Kaiser Permanente Center for Health Research,USA,Health,2
5756,The Affiliated Hospital of Jiangnan University,CHN,Health,2
5756,Indian Agricultural Statistics Research Institute,IND,Government,1
5756,"National Institute of Technology, Tiruchirappalli",IND,Universities,1
5756,Inner Mongolia Agricultural University,CHN,Universities,2
5756,Ningxia University,CHN,Universities,2
5761,Kyungpook National University Chilgok Hospital,KOR,Health,2
5761,Kanazawa Institute of Technology,JPN,Universities,2
5763,Wigner Research Centre for Physics,HUN,Government,2
5763,Institute of Plasma Physics of the ASCR,CZE,Government,1
5763,Commercial Aircraft Corp of China Ltd,CHN,Government,1
5763,Mutua Terrassa *,ESP,Health,3
5767,Institute for Nuclear Research and Nuclear Energy Bulgarian Academy of Sciences,BGR,Government,1
5767,Universidad Nacional Abierta y a Distancia,COL,Universities,1
5767,Crop Research Institute,CZE,Government,2
5767,National Research Institute for Earth Science and Disaster Prevention,JPN,Government,2
5771,University of Prince Edward Island,CAN,Universities,3
5771,Liaoning University of Traditional Chinese Medicine *,CHN,Universities,2
5773,Gaziantep University *,TUR,Universities,1
5773,"Government College University, Lahore",PAK,Universities,1
5773,Universidad de Antofagasta *,CHL,Universities,2
5776,Rikkyo University,JPN,Universities,2
5776,New Zealand Forest Research Institute,NZL,Government,2
5776,University of Sadat City,EGY,Universities,2
5779,State University of Makassar,IDN,Universities,2
5779,Technische Universitat Bergakademie Freiberg,DEU,Universities,3
5779,King Abdullah City for Atomic and Renewable Energy,SAU,Government,1
5779,Guangxi University of Chinese Medicine,CHN,Universities,3
5783,Affiliated Hospital of Shandong University of Traditional Chinese Medicine,CHN,Health,2
5784,Instituto de Investigacion e Innovacion Parc Tauli,ESP,Health,3
5784,Istanbul Sabahattin Zaim University,TUR,Universities,1
5784,Children's Hospital School of Medicine Zhejiang University,CHN,Health,2
5784,Shanghai Changzheng Hospital,CHN,Health,2
5784,Universidad Cesar Vallejo,PER,Universities,1
5789,Baqiyatallah Medical Sciences University,IRN,Universities,1
5789,Hebei University of Science and Technology,CHN,Universities,2
5789,King Mongkut's Institute of Technology North Bangkok,THA,Universities,2
5789,National Institute of Metrology,CHN,Government,2
5789,VNU University of Science,VNM,Universities,1
5789,Institut fur Arbeitsmarkt- und Berufsforschung,DEU,Government,3
5795,Hospital Clinico Universidad de Chile Jose Joaquin Aguirre,CHL,Health,2
5795,Longyan University,CHN,Universities,2
5795,China-Japan Union Hospital of Jilin University,CHN,Health,2
5795,National Formosa University,TWN,Universities,2
5799,University of New Orleans,USA,Universities,3
5799,Universidad Pontificia Comillas,ESP,Universities,3
5799,Hospital of Chengdu University of Traditional Chinese Medicine,CHN,Health,2
5799,Universitatea Lucian Blaga din Sibiu,ROU,Universities,1
5803,St.John's National Academy of Health Sciences *,IND,Health,1
5803,Aghia Sophia Children's Hospital,GRC,Health,3
5803,Osmania University *,IND,Universities,1
5806,National Institute of Science Education and Research,IND,Government,1
5806,"Universidad de Las Americas, Ecuador",ECU,Universities,1
5806,Public Health Institute,USA,Health,2
5806,Institut de Radioprotection et de Surete Nucleaire,FRA,Government,2
5806,Sunan Gunung Djati State Islamic University,IDN,Universities,1
5811,Colsanitas,COL,Health,1
5811,Alabama State University,USA,Universities,3
5811,University of Veterinary and Animal Sciences,PAK,Universities,2
5811,University of Peloponnese,GRC,Universities,2
5811,El Colegio de Mexico,MEX,Universities,1
5816,Chang Gung University of Science and Technology,TWN,Universities,3
5816,Effat University,SAU,Universities,1
5816,University of Colombo,LKA,Universities,1
5816,Toyota Technological Institute,JPN,Universities,1
5820,Opole University,POL,Universities,2
5820,"Indian Institute of Science Education and Research, Bhopal",IND,Government,1
5820,Oita University *,JPN,Universities,3
5820,Universidad Autonoma de San Luis Potosi,MEX,Universities,2
5820,Defence Research and Development Canada,CAN,Government,1
5820,"National Space Science Center, Chinese Academy of Sciences",CHN,Government,3
5820,Scientific Research Center Slovenian Academy of Science and Arts,SVN,Government,1
5827,Jinshan Hospital,CHN,Health,2
5827,Missouri Botanical Garden,USA,Government,2
5827,"Indian Institute of Technology, Gandhinagar",IND,Universities,1
5830,Yunnan University of Traditional Chinese Medicine *,CHN,Universities,3
5830,Ingham Institute for Applied Medical Research,AUS,Health,2
5832,Southwest Research Institute,USA,Non-Profit,2
5833,Wannan Medical College *,CHN,Universities,2
5833,Institute for Molecular Science,JPN,Government,2
5833,Jining Medical University,CHN,Universities,2
5833,Guangxi Academy of Sciences,CHN,Government,1
5837,Hong Kong Metropolitan University,HKG,Universities,3
5837,Yangtze Normal University,CHN,Universities,1
5837,Institute of Scientific Instruments of the ASCR,CZE,Government,1
5837,Universidad de Monterrey,MEX,Universities,2
5837,University of Miskolc,HUN,Universities,2
5842,Bond University,AUS,Universities,3
5842,Kashan University of Medical Sciences and Health Services,IRN,Universities,1
5844,Hankyong National University *,KOR,Universities,3
5845,University of West Bohemia,CZE,Universities,2
5845,"George Institute for Global Health, India",IND,Health,1
5845,Groote Schuur Hospital,ZAF,Health,1
5848,Swarthmore College,USA,Universities,3
5848,National Institute of Technology Rourkela,IND,Universities,1
5848,Hasan Kalyoncu University,TUR,Universities,1
5848,Clinical Center of Serbia,SRB,Health,3
5848,University of Lethbridge,CAN,Universities,3
5853,University of Craiova,ROU,Universities,1
5853,St. Lukes International Hospital,JPN,Health,2
5855,"University of Michigan, Flint",USA,Universities,2
5856,Ludong University,CHN,Universities,2
5856,Tel-Hai College,ISR,Universities,1
5856,Mercer University,USA,Universities,3
5856,"Islamic Azad University, Ardabil Branch",IRN,Universities,1
5856,Universidad Autonoma de Yucatan,MEX,Universities,2
5861,Dow University of Health Sciences,PAK,Universities,1
5861,University West,SWE,Universities,3
5861,Central European University,AUT,Universities,2
5864,"Institut des Materiaux, de Microelectronique et des Nanosciences de Provence",FRA,Government,2
5864,"Suleyman Demirel University, Isparta",TUR,Universities,1
5864,Osaka General Medical Center,JPN,Health,2
5867,Kwansei Gakuin University,JPN,Universities,2
5867,National Hellenic Research Foundation,GRC,Government,2
5867,October University for Modern Sciences and Arts,EGY,Universities,1
5867,John Paul II Hospital,POL,Health,2
5867,Indian Space Research Organization *,IND,Government,1
5872,VNU University of Engineering and Technology,VNM,Universities,1
5872,Universita eCampus,ITA,Universities,2
5872,University of Isfahan,IRN,Universities,1
5872,Assuta Medical Center Tel Aviv *,ISR,Health,2
5872,Beijing Information Science and Technology University,CHN,Universities,2
5877,Liberty University,USA,Universities,2
5877,University of Pardubice,CZE,Universities,2
5879,European Spallation Source ERIC,SWE,Government,2
5879,University of Karachi,PAK,Universities,1
5879,Equinor ASA *,MUL,Companies,3
5879,Khyber Medical University,PAK,Universities,2
5883,Jadavpur University,IND,Universities,1
5883,Reichman University,ISR,Universities,2
5883,Abdullah Gul University,TUR,Universities,1
5883,University Dunarea de Jos of Galati,ROU,Universities,2
5887,Ferdowsi University of Mashhad,IRN,Universities,1
5887,Karakalpak State University,UZB,Universities,2
5887,Johann Radon Institute for Computational and Applied Mathematics Osterreichische Akademie der Wissenschaften,AUT,Government,3
5887,State Grid Energy Research Institute,CHN,Government,2
5887,Mackay Medical College,TWN,Universities,3
5887,Universidad de Santander,COL,Universities,1
5887,Muhammadiyah University of Malang,IDN,Universities,2
5887,University of Health Sciences,PAK,Universities,1
5887,Bingol University,TUR,Universities,1
5887,Xuzhou University of Technology,CHN,Universities,2
5887,The Institute of Statistical Mathematics,JPN,Government,1
5898,Cooper University Health Care,USA,Health,3
5898,Can Tho University,VNM,Universities,2
5898,United States Naval Academy,USA,Universities,3
5901,University of Calcutta,IND,Universities,1
5901,Universidad Pedagogica y Tecnologica de Colombia,COL,Universities,2
5901,Shandong JiaoTong University,CHN,Universities,2
5901,Northeast Petroleum University,CHN,Universities,3
5905,Israel Defense Force Medical Corps,ISR,Health,2
5905,Kaiser Permanente Colorado Institute for Health Research,USA,Health,2
5905,Universite du Quebec en Trois-Rivieres,CAN,Universities,3
5908,KTO Karatay University,TUR,Universities,1
5908,Songshan Lake Materials Laboratory,CHN,Government,2
5908,Centro de Educacion Medica e Investigaciones Clinicas Norberto Quirno,ARG,Universities,1
5908,Huaihai Institute of Technology,CHN,Universities,2
5912,University of Mataram,IDN,Universities,3
5912,Haverford College in Pennsylvania,USA,Universities,3
5912,Israel Defense Forces *,ISR,Government,2
5912,"Indian Institute of Science Education and Research, Mohali",IND,Government,1
5912,Christ University,IND,Universities,1
5912,University of Petra,JOR,Universities,1
5918,Bharathiar University,IND,Universities,1
5918,Universite Ibn Tofail *,MAR,Universities,1
5918,Hospital Italiano de Buenos Aires *,ARG,Health,1
5918,Zanjan University of Medical Sciences *,IRN,Universities,1
5918,Kirikkale University *,TUR,Universities,1
5923,Shariati Hospital,IRN,Health,1
5923,"Mitsubishi Heavy Industries, Japan",JPN,Companies,2
5923,Universidad de Tarapaca *,CHL,Universities,2
5926,Chinese Research Academy of Environmental Sciences,CHN,Non-Profit,2
5926,"Hochschule fur Technik, Wirtschaft und Kultur Leipzig",DEU,Universities,3
5926,Universite de Tunis El Manar *,TUN,Universities,1
5926,Universidad Panamericana *,MEX,Universities,1
5926,University of North Florida,USA,Universities,3
5931,ICAR Research Complex for NEH Region,IND,Government,1
5931,Ensino Lusofona *,PRT,Companies,1
5931,Hospital Universitari Mutua Terrassa,ESP,Health,3
5931,Reed College,USA,Universities,3
5931,Hangzhou City University,CHN,Universities,2
5936,Nelson Mandela Metropolitan University,ZAF,Universities,2
5936,"California State Polytechnic University, Pomona",USA,Universities,3
5936,Pace University,USA,Universities,3
5939,Hebei University of Chinese Medicine,CHN,Universities,2
5939,Bengbu Medical College,CHN,Universities,2
5939,Women's Hospital of Nanjing Medical University,CHN,Health,2
5942,Inner Mongolia University,CHN,Universities,2
5942,State Grid Henan Electric Power Co,CHN,Government,1
5942,Incheon St. Mary's Hospital,KOR,Health,2
5942,Ministry of Emergency Management,CHN,Government,2
5942,Centro de Investigacion Biomedica en Red de Enfermedades Infecciosas,ESP,Health,1
5942,Slovak University of Technology,SVK,Universities,1
5942,Institut Senegalais de Recherches Agricoles *,SEN,Government,1
5949,University of Nis,SRB,Universities,1
5949,Fujian University of Technology,CHN,Universities,2
5949,Universita degli Studi di Roma Foro Italico,ITA,Universities,4
5949,Imam Khomeini Hospital Complex,IRN,Health,1
5953,Clinica Mediterranea,ITA,Health,3
5953,East Tennessee State University,USA,Universities,3
5953,Osmaniye Korkut Ata University,TUR,Universities,1
5953,Bowling Green State University,USA,Universities,3
5957,Hubei University of Science And Technology,CHN,Universities,2
5957,National Institute of Polar Research,JPN,Government,1
5959,Universitat Trier,DEU,Universities,3
5960,Philadelphia University,JOR,Universities,1
5960,National Textile University,PAK,Universities,1
5960,Universidad Nacional de Mar del Plata *,ARG,Universities,2
5960,Hazara University,PAK,Universities,1
5960,Dnipro University of Technology,UKR,Universities,1
5965,"University of Tennessee, Chattanooga",USA,Universities,3
5965,"Universidad de Puerto Rico, Rio Piedras",PRI,Universities,2
5967,Laboratoire de Genie Electrique et Electronique de Paris,FRA,Government,3
5967,Western Washington University,USA,Universities,3
5969,"Laboratoire des Sciences pour la Conception, l'Optimisation et la Production de Grenoble",FRA,Government,2
5969,Assiut University Hospital,EGY,Health,1
5969,Ospedale San Giovanni Bosco,ITA,Health,4
5972,Riyadh Elm University,SAU,Universities,1
5972,"Queen Margaret University, Edinburgh",GBR,Universities,4
5972,Universidade do Estado de Santa Catarina,BRA,Universities,2
5975,Tezpur University,IND,Universities,1
5975,Long Island University,USA,Universities,3
5977,JSS Academy of Higher Education and Research,IND,Universities,1
5977,Shizuoka Cancer Center,JPN,Health,2
5977,A Alikhanyan National Laboratory,ARM,Government,1
5977,Instituto de Investigacion Sanitaria del Principado de Asturias,ESP,Health,2
5977,Interregional Academy of Personnel Management,UKR,Universities,1
5982,St. Luke's International University,JPN,Universities,1
5982,Indian Institute of Chemical Technology,IND,Government,1
5982,Korea Institute of Civil Engineering and Building Technology,KOR,Government,3
5985,Universidad Diego Portales,CHL,Universities,1
5985,East London NHS Foundation Trust,GBR,Health,4
5985,"University of the West Indies, Cave Hill Campus",BRB,Universities,1
5985,Institute of Cytology and Genetics Russian Academy of Sciences,RUS,Government,1
5985,Pharos University in Alexandria,EGY,Universities,1
5990,Hospital Universiti Sains Malaysia,MYS,Health,2
5990,School of Oriental and African Studies,GBR,Universities,3
5990,Institute of Spacecraft System Engineering,CHN,Government,2
5993,University of Gujrat,PAK,Universities,2
5993,Daffodil International University,BGD,Universities,2
5993,Thiruvalluvar University,IND,Universities,1
5993,Showa University Fujigaoka Hospital,JPN,Health,3
5993,Bhabha Atomic Research Centre,IND,Government,1
5993,Fundacio Puigvert,ESP,Health,3
5999,Universita San Raffaele,ITA,Universities,3
5999,University of Hyogo,JPN,Universities,3
5999,LifeBridge Health *,USA,Health,3
5999,Ankara Yildirim Beyazit University,TUR,Universities,1
5999,Hokkaido University of Health Sciences,JPN,Universities,3
5999,Animal Health Research Institute,EGY,Government,1
6005,University of Peshawar,PAK,Universities,1
6005,"University of North Carolina, Wilmington",USA,Universities,3
6005,Central University of Rajasthan,IND,Universities,1
6008,Kochi University of Technology,JPN,Universities,2
6008,"GE Healthcare, China",CHN,Companies,1
6010,Makerere University College of Health Sciences,UGA,Universities,1
6010,University Hospital in Olomouc,CZE,Health,3
6010,Khwaja Fareed University of Engineering and Information Technology,PAK,Universities,2
6010,Korea Polar Research Institute,KOR,Government,3
6010,Waikato Hospital,NZL,Health,2
6010,Ahmadu Bello University *,NGA,Universities,1
6010,Kathmandu University,NPL,Universities,1
6017,Universidade Federal Rural de Pernambuco,BRA,Universities,2
6018,Ecole Nationale des Sciences Appliquees de Kenitra,MAR,Universities,1
6018,"Universidad Iberoamericana, Mexico",MEX,Universities,1
6018,Laboratoire Leprince-Ringuet,FRA,Government,1
6021,Tokyo Dental College *,JPN,Universities,2
6021,Stefan Cel Mare University,ROU,Universities,2
6021,Tokyo Medical University Hachioji Medical Center,JPN,Health,2
6024,Cardinal Stefan Wyszynski University in Warsaw,POL,Universities,2
6024,Semyung University,KOR,Universities,3
6024,Wills Eye Hospital,USA,Health,3
6024,Korea Atomic Energy Research Institute,KOR,Government,2
6024,Kansai University,JPN,Universities,2
6024,Higher Education Commission of Pakistan *,PAK,Non-Profit,1
6030,Universidad Europea Valencia,ESP,Universities,2
6030,Bangladesh Council of Scientific and Industrial Research,BGD,Government,1
6030,Seoul Womens University,KOR,Universities,3
6033,University of Bialystok,POL,Universities,2
6033,New Mexico Institute of Mining and Technology *,USA,Universities,3
6033,Sharda University,IND,Universities,1
6036,"Instituto Argentino de Nivologia, Glaciologia y Ciencias Ambientales",ARG,Government,2
6036,TOBB Economics and Technology University *,TUR,Universities,1
6036,Beijing University of Agriculture,CHN,Universities,3
6036,University of Abertay Dundee,GBR,Universities,4
6040,Elettra Sincrotrone Trieste,ITA,Companies,2
6040,Mitsubishi Heavy Industries Ltd,MUL,Companies,3
6040,National Institute of Technology Karnataka,IND,Universities,1
6043,ESIC Universidad *,ESP,Universities,3
6043,Institute of Mathematics of the ASCR,CZE,Government,2
6043,Dokkyo Medical University *,JPN,Universities,2
6046,"Siemens Energy, Germany",DEU,Companies,2
6046,Cape Peninsula University of Technology,ZAF,Universities,2
6046,Jianghan University,CHN,Universities,2
6046,Hanken School of Economics,FIN,Universities,3
6046,Sofia University,BGR,Universities,1
6051,University of Kerala,IND,Universities,1
6051,Touro College,USA,Universities,3
6051,Indian Institute of Technology Patna,IND,Universities,1
6054,Pamukkale University,TUR,Universities,1
6054,Universidade Federal do Maranhao,BRA,Universities,2
6054,European University of Lefke,CYP,Universities,1
6054,Utsunomiya University,JPN,Universities,2
6058,Lithuanian Research Centre for Agriculture and Forestry,LTU,Government,2
6058,Maharshi Dayanand University,IND,Universities,1
6058,Aselsan,TUR,Companies,1
6058,Bordeaux Sciences Agro *,FRA,Universities,3
6062,Noroff University College,NOR,Universities,3
6062,Eskisehir Osmangazi University *,TUR,Universities,2
6064,"Universidad del Norte, Barranquilla *",COL,Universities,2
6064,Iskenderun Technical University,TUR,Universities,1
6064,Yunnan Astronomical Observatory,CHN,Government,1
6067,British University in Dubai,ARE,Universities,1
6067,Istanbul University Cerrahpasa *,TUR,Universities,1
6067,Beijing Tiantan Hospital,CHN,Health,1
6070,Lambung Mangkurat University,IDN,Universities,3
6070,National University of Modern Languages,PAK,Universities,2
6070,Affiliated Taizhou Hospital of Wenzhou Medical University,CHN,Health,2
6073,Institut de Recherche Dupuy de Lome,FRA,Government,2
6073,Gujarat Technological University,IND,Universities,1
6073,Galilee Medical Center,ISR,Health,2
6073,Toyohashi University of Technology,JPN,Universities,2
6073,Ethiopian Public Health Institute,ETH,Health,1
6073,Japan Atomic Energy Agency,JPN,Government,2
6073,Helmut Schmidt Universitat - Universitat der Bundeswehr Hamburg,DEU,Universities,3
6080,Ho Chi Minh City Open University,VNM,Universities,1
6080,Hospital Universitari de Girona Dr Josep Trueta,ESP,Health,3
6080,University of Fukui *,JPN,Universities,3
6083,Beijing Friendship Hospital,CHN,Health,2
6083,Agencia de Salut Publica de Barcelona,ESP,Health,3
6083,National Electronics and Computer Technology Center,THA,Government,1
6083,Kastamonu University,TUR,Universities,1
6083,Pingdingshan University,CHN,Universities,2
6088,King Hussein Cancer Center,JOR,Health,2
6088,Instituto de Investigaciones en Biodiversidad y Medioambiente,ARG,Government,1
6088,Centro Hospitalar de Vila Nova de Gaia e Espinho,PRT,Health,2
6088,Ewha Women University Medical Center,KOR,Health,3
6092,Beirut Arab University,LBN,Universities,2
6092,Universidade de Caxias do Sul,BRA,Universities,1
6092,Islamic University of Technology,BGD,Universities,3
6092,University of Mosul,IRQ,Universities,1
6096,Tamil Nadu Agricultural University,IND,Universities,1
6096,Samford University,USA,Universities,2
6096,Universidad Tecnologica de Pereira,COL,Universities,1
6096,Dalian Minzu University,CHN,Universities,2
6096,Laboratory of Instrumentation and Experimental Particle Physics,PRT,Government,1
6096,Universidad San Sebastian,CHL,Universities,1
6102,Sohag University *,EGY,Universities,2
6103,National Taitung University,TWN,Universities,2
6103,Huaibei Normal University,CHN,Universities,3
6103,Ecole des Hautes Etudes en Sciences Sociales *,FRA,Universities,2
6106,Institute for Breathing and Sleep,AUS,Non-Profit,3
6106,Acibadem University,TUR,Universities,1
6106,Chinese Academy of Geological Sciences *,CHN,Government,1
6106,Universidade Federal Rural do Rio de Janeiro,BRA,Universities,2
6106,Second Hospital of Xi'an Jiaotong University,CHN,Health,2
6111,Royal Hospital,OMN,Health,1
6111,National Rice Research Institute,IND,Government,1
6111,Agri-Food and Biosciences Institute,GBR,Government,3
6111,Information Engineering University,CHN,Universities,2
6111,Yanan University,CHN,Universities,3
6111,"Institut de Recherche en Sante, Environnement et Travail",FRA,Government,2
6117,"University of Illinois, Springfield",USA,Universities,3
6117,Hamamatsu University School of Medicine *,JPN,Universities,3
6117,VIT Bhopal University,IND,Universities,1
6117,Baptist Health South Florida,USA,Health,3
6121,Centro Cientifico Tecnologico Patagonia Norte,ARG,Government,1
6121,Mazandaran University of Medical Sciences,IRN,Universities,1
6121,Carleton College,USA,Universities,3
6124,Daegu University,KOR,Universities,2
6124,Norwegian School of Economics,NOR,Universities,2
6124,Akron Children's Hospital,USA,Health,3
6127,Escuela Politecnica Nacional,ECU,Universities,1
6127,Kerckhoff-Klinik GmbH,DEU,Health,3
6127,Universidad San Ignacio de Loyola,PER,Universities,1
6130,Al-Quds University,PSE,Universities,1
6130,The University of Vermont Medical Center,USA,Health,3
6130,Nagoya Institute of Technology,JPN,Universities,2
6130,Guangxi University of Science and Technology,CHN,Universities,2
6134,Instituto Milenio de Astrofisica,CHL,Government,1
6134,University of Danang,VNM,Universities,1
6136,Central University of Finance and Economics,CHN,Universities,1
6136,Sodertorn University,SWE,Universities,2
6136,Babasaheb Bhimrao Ambedkar University,IND,Universities,1
6139,Universidad Autonoma de Chihuahua,MEX,Universities,2
6139,Imam Khomeini Hospital,IRN,Health,1
6141,Widya Mandala Catholic University of Surabaya,IDN,Universities,1
6141,Universidad Adolfo Ibanez *,CHL,Universities,2
6141,Space Science Institute,USA,Non-Profit,1
6141,Islamic University of Madinah,SAU,Universities,2
6141,Universidade Federal de Alagoas,BRA,Universities,2
6146,Excellence Cluster ORIGINS,DEU,Government,1
6146,Kyoto Sangyo University,JPN,Universities,3
6146,Kannur University,IND,Universities,1
6149,Centre Internacional en Metodes Numerics en Enginyeria,ESP,Government,3
6149,An-Najah National University *,PSE,Universities,1
6151,Third Affiliated Hospital of the Beijing University of Chinese Medicine,CHN,Health,2
6151,"University of the South Pacific, Fiji",FJI,Universities,1
6151,Haute Ecole Specialisee Bernoise,CHE,Universities,3
6151,British Columbia Centre on Substance Use,CAN,Health,2
6151,Pacific Institute of Bioorganic Chemistry Russian Academy of Sciences,RUS,Government,1
6156,Kyiv National Economics University,UKR,Universities,1
6156,Technical University of Liberec,CZE,Universities,3
6156,Abubakar Tafawa Balewa University,NGA,Universities,1
6156,Sanford Health,USA,Health,3
6156,China Three Gorges Corp,CHN,Government,2
6156,Ramkhamhaeng University,THA,Universities,2
6156,Institute of Psychiatry and Neurology,POL,Health,3
6156,Tribhuvan University *,NPL,Universities,1
6164,University of the Philippines Los Banos,PHL,Universities,2
6164,Zhytomyr Polytechnic State University,UKR,Universities,1
6166,Universidade Federal de Campina Grande,BRA,Universities,2
6167,Azienda Ospedaliera San Camillo Forlanini,ITA,Health,4
6167,Jhpiego *,MUL,Non-Profit,2
6167,Kitano Hospital,JPN,Health,3
6170,University of Worcester,GBR,Universities,4
6170,Indian Institute of Technology Mandi,IND,Universities,1
6170,International Water Management Institute,MUL,Non-Profit,2
6173,"Technical University of Malaysia, Melaka",MYS,Universities,2
6173,"King Fahd University Hospital, Khobar",SAU,Health,3
6173,"University of the West Indies, St. Augustine Campus",TTO,Universities,1
6173,Kazakh National Medical University,KAZ,Universities,1
6173,Amrita Institute for Medical Science and Research,IND,Health,1
6173,Gakushuin University,JPN,Universities,3
6179,National Pingtung University,TWN,Universities,3
6179,West University of Timisoara,ROU,Universities,2
6179,Adnan Menderes University,TUR,Universities,1
6182,National Museum of Nature and Science,JPN,Government,1
6182,Abu Dhabi National Oil Co *,ARE,Companies,1
6182,University of West Florida,USA,Universities,3
6182,Research Institute of Petroleum Processing,CHN,Government,1
6182,University of Swabi,PAK,Universities,1
6182,University of Basrah,IRQ,Universities,1
6182,Aviation Industry Corporation of China *,CHN,Government,2
6182,Istituto di Geoscienze e Georisorse,ITA,Government,2
6182,Guangdong Provincial Laboratory of Chemistry and Fine Chemicals,CHN,Government,1
6191,Haluoleo University,IDN,Universities,3
6191,China Railway Engineering Corp *,CHN,Government,2
6191,American University of the Middle East,KWT,Universities,2
6191,Pavol Jozef Safarik University in Kosice,SVK,Universities,1
6191,Universidad Catolica del Maule,CHL,Universities,2
6191,Institute of Biophysics and Biomedical Engineering Bulgarian Academy of Sciences,BGR,Government,1
6191,Indonesian Computer University,IDN,Universities,2
6191,Bialystok University of Technology,POL,Universities,3
6191,Almazov National Medical Research Centre,RUS,Health,1
6200,Klinikum der Stadt Ludwigshafen,DEU,Health,4
6200,Hospital Costa del Sol,ESP,Health,3
6202,Complejo Hospitalario Regional Virgen Macarena,ESP,Health,3
6202,Geological Survey of Denmark and Greenland,DNK,Government,3
6202,Center for Health Technology and Services Research,PRT,Non-Profit,1
6202,Universidade Presbiteriana Mackenzie,BRA,Universities,2
6202,Bharati Vidyapeeth Deemed University,IND,Universities,1
6202,FPT University,VNM,Universities,1
6202,Zhongyuan University of Technology,CHN,Universities,2
6202,Wroclaw University of Economics,POL,Universities,3
6210,European University of Cyprus,CYP,Universities,1
6210,Bose Institute Kolkata,IND,Government,1
6210,Sultan Qaboos University Hospital,OMN,Health,1
6210,Instituto de Biologia y Medicina Experimental,ARG,Government,1
6210,Fundacion IBYME *,ARG,Non-Profit,1
6210,Ladoke Akintola University of Technology,NGA,Universities,1
6216,Sanjay Gandhi Postgraduate Institute of Medical Sciences,IND,Universities,1
6216,Center for Physical Sciences and Technology,LTU,Government,1
6218,Qiqihar University,CHN,Universities,2
6218,Fonds de la Recherche Scientifique,BEL,Government,4
6218,Dalarna University,SWE,Universities,3
6218,Central Plantation Crops Research Institute,IND,Government,1
6218,University of Venda,ZAF,Universities,3
6223,Leibniz-Institut fur Kristallzuchtung,DEU,Government,3
6223,University of Information Technology and Communications,IRQ,Universities,1
6223,National Medical Research Center of Cardiology,RUS,Health,1
6226,"University of Missouri, Saint Louis",USA,Universities,3
6226,Burapha University,THA,Universities,2
6226,Haramaya University,ETH,Universities,1
6226,University of Malakand,PAK,Universities,1
6226,Tribhuvan University Teaching Hospital,NPL,Health,1
6226,China Academy of Launch Vehicle Technology,CHN,Government,2
6226,Cawthron Institute,NZL,Government,2
6233,Sher-e-Kashmir University of Agricultural Sciences and Technology-Srinagar,IND,Universities,1
6233,Harran University,TUR,Universities,1
6233,Loma Linda University Medical Center,USA,Health,3
6233,Iran Polymer and Petrochemical Institute,IRN,Government,1
6233,Hospital Universitario San Cecilio,ESP,Health,3
6233,Shanghai Quantum Science Research Center,CHN,Government,1
6239,Muhammadiyah University of Surakarta,IDN,Universities,2
6239,Institute of Physics of the ASCR,CZE,Government,1
6239,Swiss Paraplegic Centre,CHE,Health,4
6239,University of Mysore,IND,Universities,1
6243,Shandong University of Finance,CHN,Universities,2
6243,North China Institute of Science and Technology,CHN,Universities,2
6243,National Institute for Research in Tuberculosis,IND,Health,1
6246,Universidad El Bosque,COL,Universities,1
6246,Instituto Tecnologico de Tijuana,MEX,Universities,2
6246,Madurai Kamaraj University,IND,Universities,1
6246,Universidad Nacional de Asuncion,PRY,Universities,1
6246,Laboratoire d'Energetique et de Mecanique Theorique et Appliquee,FRA,Government,2
6251,Korea Institute for Advanced Study,KOR,Government,1
6251,Fuwai Heart Hospital and Cardiovascular Institute,CHN,Health,1
6251,Universidad de Ciencias Medicas de La Habana *,CUB,Universities,1
6251,National university of technology,PAK,Universities,1
6255,Ochanomizu University,JPN,Universities,2
6255,Morgan State University,USA,Universities,3
6255,Ecole Nationale Superieure des Mines de Saint-Etienne *,FRA,Universities,3
6255,New York Botanical Garden,USA,Government,3
6255,"Universite Pantheon Sorbonne, Paris1 *",FRA,Universities,1
6255,State Grid Henan Electric Power Research Institute,CHN,Government,1
6255,Royal Society of Thailand,THA,Government,1
6262,MacDiarmid Institute for Advanced Materials and Nanotechnology,NZL,Government,1
6262,University of Zambia,ZMB,Universities,1
6262,Northern University of Malaysia,MYS,Universities,2
6265,Universite Paris Nanterre *,FRA,Universities,1
6265,"Chengdu Organic Chemicals Company Ltd, Chinese Academy of Sciences",CHN,Government,1
6265,Baker Hughes *,MUL,Companies,3
6268,Almaarefa University,SAU,Universities,2
6268,Karabuk University,TUR,Universities,2
6268,Shanghai Power Equipment Research Institute,CHN,Government,1
6271,Clark Atlanta University,USA,Universities,3
6271,University of Ilorin,NGA,Universities,1
6271,CESifo Group,DEU,Non-Profit,3
6271,Chongqing Jiaotong University,CHN,Universities,2
6271,Belarusian State University,BLR,Universities,1
6271,Westat Corp,USA,Companies,2
6277,Zealand University Hospital,DNK,Health,3
6277,Centro Nacional de Investigacion y Desarrollo Tecnologico,MEX,Universities,2
6279,Lebanese International University,LBN,Universities,1
6279,Shanxi Agricultural University,CHN,Universities,2
6279,Shanxi Medical University *,CHN,Universities,2
6279,University of Dubai,ARE,Universities,2
6283,Misr University for Science and Technology,EGY,Universities,2
6283,DePaul University,USA,Universities,2
6283,Hung Kuang University,TWN,Universities,3
6283,Urmia University of Medical Sciences *,IRN,Universities,1
6283,Mugla University,TUR,Universities,2
6288,Bucknell University,USA,Universities,3
6288,Izmir Biomedicine and Genome Center,TUR,Health,1
6288,International Centre of Insect Physiology and Ecology,KEN,Government,1
6288,South Valley University *,EGY,Universities,2
6292,Far Eastern Federal University,RUS,Universities,1
6293,Occidental College,USA,Universities,3
6293,Siirt University,TUR,Universities,1
6293,UCSI University,MYS,Universities,2
6293,Norwegian Geotechnical Institute,NOR,Government,3
6293,Youngstown State University,USA,Universities,3
6293,Ji Hua Laboratory,CHN,Government,2
6299,Kohat University of Science and Technology,PAK,Universities,2
6299,Helsinki Institute of Physics,FIN,Government,2
6301,Taiyuan University of Science and Technology,CHN,Universities,3
6301,Khoo Teck Puat Hospital,SGP,Health,3
6301,Hefei University,CHN,Universities,2
6301,National University Heart Centre Singapore,SGP,Health,3
6305,INSEAD *,FRA,Universities,2
6305,Escuela Superior Politecnica del Litoral,ECU,Universities,1
6305,Toyo University,JPN,Universities,1
6305,Centre de Recherche en Economie et Statistique,FRA,Government,3
6305,University of Sulaimani,IRQ,Universities,1
6310,Trinity University,USA,Universities,3
6310,Le Bonheur Children's Hospital,USA,Health,3
6310,Bennett University,IND,Universities,2
6310,Inje University Ilsan-Paik Hospital,KOR,Health,2
6314,Ecole Centrale de Lyon *,FRA,Universities,3
6314,Vasyl Stefanyk Precarpathian National University,UKR,Universities,1
6314,Kingston Health Sciences Centre,CAN,Health,3
6314,Princess Sumaya University of Technology,JOR,Universities,1
6314,International Center for Agricultural Research in the Dry Areas,MUL,Non-Profit,2
6314,Universidade Federal do Amazonas,BRA,Universities,2
6314,National Medical Research Center for Endocrinology,RUS,Health,1
6321,Al-Farabi Kazakh National University,KAZ,Universities,1
6321,"Institute of Earth Sciences, Academia Sinica",TWN,Government,2
6321,Universidade Federal de Ouro Preto,BRA,Universities,2
6321,German Jordanian University,JOR,Universities,1
6321,Corvinus University of Budapest,HUN,Universities,2
6321,Istituto Nazionale di Oceanografia e Geofisica Sperimentale,ITA,Government,3
6321,Ming Chuan University,TWN,Universities,3
6328,Minneapolis Heart Institute Foundation,USA,Health,2
6328,Norwegian School of Sport Sciences,NOR,Universities,3
6328,Walter Reed National Military Medical Center,USA,Health,3
6328,University of Notre Dame Australia,AUS,Universities,3
6328,"Laboratoire de Recherche en Genie des Procedes, Environnement, Agroalimentaire",FRA,Government,2
6333,Andhra University,IND,Universities,1
6333,Instituto Nacional de Psiquiatria Ramon de la Fuente,MEX,Health,2
6333,Hubei University of Education,CHN,Universities,2
6333,Institute of Space Technology,PAK,Universities,1
6333,Christopher Newport University,USA,Universities,3
6338,Instituto Tecnologico de Costa Rica,CRI,Universities,1
6338,Barnard College,USA,Universities,3
6338,Universidade Estacio de Sa,BRA,Universities,1
6338,Fayoum University *,EGY,Universities,2
6338,Bohai University,CHN,Universities,2
6343,Slovak University of Agriculture in Nitra,SVK,Universities,1
6343,National Changhua University of Education,TWN,Universities,3
6343,Sinai Hospital of Baltimore,USA,Health,3
6343,Xuchang University,CHN,Universities,2
6343,The Affiliated Hospital of Hangzhou Normal University,CHN,Health,1
6343,Frankfurt Institute for Advanced Studies,DEU,Non-Profit,2
6349,Tatung University,TWN,Universities,2
6349,Instituto de Fisica Enrique Gaviola,ARG,Government,2
6349,Tianjin First Central Hospital,CHN,Health,2
6349,Acadia University,CAN,Universities,3
6353,"St Mary's University, Twickenham",GBR,Universities,3
6353,University of the Incarnate Word,USA,Universities,3
6353,Sultan Idris University of Education,MYS,Universities,2
6353,"Daqing Oilfield Co Ltd, CN",CHN,Government,1
6353,Zhengzhou Tobacco Research Institute of CNTC,CHN,Government,1
6358,Institut Elie Cartan de Lorraine,FRA,Government,2
6358,Jashore University of Science and Technology,BGD,Universities,2
6358,University of Peradeniya,LKA,Universities,1
6361,State Grid Ningxia Electric Power Co,CHN,Government,2
6361,Thuy Loi University,VNM,Universities,2
6361,North China University of Water Conservancy and Electric Power,CHN,Universities,2
6361,Uskudar University,TUR,Universities,1
6361,Huaiyin Normal University,CHN,Universities,2
6366,Appalachian State University,USA,Universities,2
6367,Hawassa University,ETH,Universities,1
6367,Ministry of Health,ZMB,Health,1
6367,Stockholm School of Economics,SWE,Universities,3
6367,China Communications Construction Co *,CHN,Government,1
6367,Beijing Traditional Chinese Medicine Hospital,CHN,Health,2
6372,Estonian University of Life Sciences,EST,Universities,3
6373,Hunan University of Finance and Economics,CHN,Universities,3
6373,Liaoning Technical University,CHN,Universities,3
6373,Osaka Rosai Hospital,JPN,Health,1
6376,Jain University,IND,Universities,1
6376,University of Zimbabwe,ZWE,Universities,1
6376,Yunnan Minzu University,CHN,Universities,2
6379,Mahasarakham University,THA,Universities,2
6379,Public Authority for Applied Education and Training *,KWT,Government,1
6379,Gdynia Maritime University,POL,Universities,3
6379,Al-Ahram Canadian University,EGY,Universities,2
6383,Universidad Tecnologica Metropolitana,CHL,Universities,1
6383,Cracow University of Economics,POL,Universities,2
6383,Guru Nanak Dev University,IND,Universities,1
6383,First Affiliated Hospital of Henan University of Science and Technology,CHN,Health,2
6387,Milli Savunma University,TUR,Universities,2
6387,The First Affiliated Hospital of Fujian Medical University,CHN,Health,2
6387,MedStar Union Memorial Hospital,USA,Health,2
6390,Second Affiliated Hospital of Zhengzhou University,CHN,Health,2
6390,Kerman University of Medical Sciences,IRN,Universities,1
6390,Onassis Cardiac Surgery Center,GRC,Health,2
6393,Universidad ICESI,COL,Universities,2
6393,Second Affiliated Hospital of Nanchang University,CHN,Health,1
6393,Shanghai University of Finance and Economics,CHN,Universities,1
6393,Ecole Nationale d'Ingenieurs de Metz *,FRA,Universities,2
6393,Starship Children's Hospital,NZL,Health,3
6393,Instituto de Investigacion e Innovacion Biomedica de Cadiz,ESP,Health,3
6393,St Petersburg Pavlov State Medical University,RUS,Universities,1
6393,EDHEC Business School,FRA,Universities,2
6393,Ghulam Ishaq Khan Institute of Engineering Sciences and Technology,PAK,Universities,1
6402,Nicolae Testemitanu State University of Medicine and Pharmacy,MDA,Universities,1
6402,Mie University Hospital,JPN,Health,2
6402,Naval Medical Center San Diego,USA,Health,3
6405,University of Sri Jayewardenepura,LKA,Universities,1
6405,Bucheon St Mary's Hospital,KOR,Health,2
6405,Titu Maiorescu University,ROU,Universities,2
6405,Aoyama Gakuin University,JPN,Universities,2
6405,State Grid Chongqing Electric Power Research Institute,CHN,Government,1
6405,Jinling Institute Of Technology,CHN,Universities,2
6405,Central Salt and Marine Chemicals Research Institute,IND,Government,1
6412,Centro de Investigacion en Quimica Aplicada,MEX,Government,1
6412,Universidad Nacional de Quilmes,ARG,Universities,2
6414,"Audencia Nantes, School of Management",FRA,Universities,3
6414,National Institute of Technology Raipur,IND,Universities,2
6414,Ovidius University,ROU,Universities,2
6414,Arak University of Medical Sciences *,IRN,Universities,1
6418,Universidad de Pamplona,COL,Universities,1
6418,Pepperdine University,USA,Universities,2
6418,Applied Science Private University,JOR,Universities,2
6418,China Automotive Technology and Research Center,CHN,Government,2
6422,Universite Cheikh Anta Diop de Dakar,SEN,Universities,1
6422,"Centro de Investigacion Biomedica en Red de Salud Mental, Barcelona",ESP,Health,3
6422,National University of Tainan,TWN,Universities,2
6422,Japan Women's University,JPN,Universities,3
6426,Institute of Physics Polish Academy of Sciences,POL,Government,2
6426,Heilongjiang Academy of Agricultural Sciences,CHN,Government,2
6426,Yeungnam National University Medical Center,KOR,Health,2
6429,Northern Border University,SAU,Universities,3
6429,Reykjavik University,ISL,Universities,2
6429,Teikyo University Group Hospitals,JPN,Health,3
6429,Institute of Computer Science of the ASCR,CZE,Government,2
6429,Israel Oceanographic and Limnological Research *,ISR,Government,2
6434,Obuda University,HUN,Universities,2
6434,Islamic University of Gaza,PSE,Universities,1
6434,Holy Spirit University of Kaslik,LBN,Universities,1
6434,Shanghai Polytechnic University,CHN,Universities,2
6434,North China University of Science and Technology,CHN,Universities,2
6439,Universidad Antonio de Nebrija,ESP,Universities,3
6439,Academy of Scientific Research and Technology *,EGY,Non-Profit,1
6439,Ecole Nationale Superieure d'Ingenieurs de Caen et Centre de Recherche *,FRA,Universities,2
6442,British University in Egypt,EGY,Universities,2
6442,Biruni University,TUR,Universities,1
6442,Inter-American Development Bank,USA,Government,3
6442,Groupe d'Ecoles Nationales d'Economie et de Statistique *,FRA,Government,3
6442,Hochschule Aalen,DEU,Universities,3
6442,WSP Global *,MUL,Companies,2
6442,MacEwan University,CAN,Universities,3
6449,Medizinische Hochschule Brandenburg Theodor Fontane,DEU,Universities,3
6449,Qingdao University of Technology,CHN,Universities,2
6449,Ibaraki University,JPN,Universities,3
6452,Yuzuncu Yil University *,TUR,Universities,2
6452,Jawaharlal Institute of Postgraduate Medical Education and Research,IND,Universities,1
6452,ITER Organization,FRA,Non-Profit,2
6452,Nanjing University of Finance and Economics,CHN,Universities,2
6452,Instituto Tecnologico de Sonora,MEX,Universities,2
6452,JFE Steel Corp,MUL,Companies,4
6452,National Medical Research Center for Hematology,RUS,Health,1
6452,Deutsche Sporthochschule Koln,DEU,Universities,3
6452,"Universidad de Puerto Rico, Mayaguez",PRI,Universities,2
6452,Center for Theoretical Physics Polish Academy of Sciences,POL,Government,1
6452,Universitatea Valahia din Targoviste,ROU,Universities,1
6452,"University of New England, United States",USA,Universities,3
6452,FernUniversitat in Hagen,DEU,Universities,3
6465,Institut de Hautes Etudes Internationales et du Developpement,CHE,Universities,3
6465,Ecole des Mines d'Ales,FRA,Universities,2
6465,Komar University of Science and Technology,IRQ,Universities,1
6468,First Affiliated Hospital of Lanzhou University,CHN,Health,2
6468,Toyama University Hospital,JPN,Health,3
6468,Academic Center for Education Culture and Research *,IRN,Non-Profit,1
6468,Shizuoka General Hospital,JPN,Health,2
6472,Xi'an Technological University,CHN,Universities,3
6473,Pomona College,USA,Universities,3
6473,Ball State University,USA,Universities,3
6473,Ajman University of Science and Technology,ARE,Universities,2
6473,Pirogov Russian National Research Medical University,RUS,Universities,1
6477,Tashkent State Agrarian University,UZB,Universities,2
6477,Universidad Tecnologica Nacional *,ARG,Universities,2
6477,Universite Saint-Joseph *,LBN,Universities,2
6477,Universidad Michoacana de San Nicolas de Hidalgo,MEX,Universities,2
6477,Gheorghe Asachi Technical University of Iasi,ROU,Universities,2
6477,Guru Gobind Singh Indraprastha University,IND,Universities,1
6477,Universidade Federal do Rio Grande,BRA,Universities,2
6484,Anyang Normal University,CHN,Universities,2
6484,Kurashiki Central Hospital,JPN,Health,3
6484,South African Astronomical Observatory,ZAF,Government,2
6484,China West Normal University,CHN,Universities,2
6488,Tom Baker Cancer Centre,CAN,Health,3
6488,Universite Cadi Ayyad *,MAR,Universities,1
6488,Horbachevsky Ternopil State Medical University,UKR,Universities,1
6491,Atma Jaya Catholic University of Indonesia,IDN,Universities,2
6491,Barkatullah University,IND,Universities,1
6493,"State University of New York, College at Oswego",USA,Universities,3
6493,Yulin Normal University,CHN,Universities,2
6493,Det Norske Veritas *,MUL,Companies,3
6493,Mohammed VI Polytechnic University,MAR,Universities,1
6497,Universidade Federal de Mato Grosso,BRA,Universities,2
6498,University of Georgia,GEO,Universities,1
6499,Sathyabama Institute of Science and Technology,IND,Universities,1
6499,Libera Universita Internazionale degli Studi Sociali Guido Carli,ITA,Universities,2
6501,Inje University Busan-Paik Hospital,KOR,Health,3
6501,Kozminski University,POL,Universities,1
6501,Universite de Sfax,TUN,Universities,1
6501,Chiba Institute of Technology,JPN,Universities,2
6501,"Wesleyan University, Middletown",USA,Universities,3
6501,Canterbury Christ Church University,GBR,Universities,3
6507,GNS Science,NZL,Companies,2
6507,Diputacio de Lleida *,ESP,Government,2
6507,Jishou University *,CHN,Universities,2
6507,Westchester Medical Center,USA,Health,3
6507,Ecole d'Economie de Paris,FRA,Government,2
6507,Financial University Under the Government of the Russian Federation,RUS,Universities,1
6507,University Hospital Vinohrady,CZE,Health,3
6514,Kumaun University,IND,Universities,1
6514,Ahvaz Jundishapur University of Medical Sciences *,IRN,Universities,1
6514,Yunnan Normal University,CHN,Universities,2
6517,Institute of Himalayan Bioresource Technology,IND,Government,1
6517,Qinghai University *,CHN,Universities,2
6519,"Vietnam National University, Ho Chi Minh City",VNM,Universities,2
6519,First Affiliated Hospital of Nanchang University,CHN,Health,1
6519,Asian Development Bank *,MUL,Companies,2
6522,Okayama University of Science,JPN,Universities,3
6522,Arabian Gulf University *,BHR,Universities,1
6522,Petra Christian University,IDN,Universities,1
6525,Aryabhatta Research Institute of Observational Sciences,IND,Government,1
6526,The Queen Elizabeth Hospital,AUS,Health,3
6527,Eunpyeong St Mary's Hospital,KOR,Health,2
6527,Pontificia Universidade Catolica de Sao Paulo,BRA,Universities,2
6527,National Environmental Engineering Research Institute,IND,Government,2
6530,University General Hospital of Thessaloniki AHEPA,GRC,Health,3
6530,Management and Science University,MYS,Universities,2
6530,Sultan Zainal Abidin University,MYS,Universities,2
6530,Cheongju University,KOR,Universities,3
6534,National Centre for Nuclear Research,POL,Government,1
6534,Baskent University *,TUR,Universities,2
6534,Utah Valley University,USA,Universities,3
6537,China Classification Society *,CHN,Non-Profit,2
6537,Hang Seng University of Hong Kong,HKG,Universities,3
6537,The University of Northampton,GBR,Universities,4
6540,Heilongjiang University of Chinese Medicine,CHN,Universities,3
6540,Bay Area Environmental Research Institute,USA,Government,2
6540,Clinical Hospital Center Split,HRV,Health,2
6540,Institut fur Weltwirtschaft an der Universitat Kiel,DEU,Government,3
6544,Universidad Nacional del Sur *,ARG,Universities,2
6544,Universidad Central de Venezuela,VEN,Universities,1
6544,Rothman Institute,USA,Health,3
6544,Universidade Federal do Tocantins,BRA,Universities,2
6548,Universidad Privada del Norte,PER,Universities,1
6548,Zhejiang University of Finance and Economics,CHN,Universities,2
6548,National Institute of Mental Health,CZE,Health,3
6551,Anhui University of Finance and Economics,CHN,Universities,1
6551,Horus University,EGY,Universities,2
6551,Ozyegin University,TUR,Universities,1
6551,The Children's Hospital of Chongqing Medical University,CHN,Health,2
6555,State University of Gorontalo,IDN,Universities,3
6555,Tadulako University,IDN,Universities,3
6557,Toyama Prefectural University,JPN,Universities,2
6557,Sir Ganga Ram Hospital,IND,Health,1
6557,NingboTech University,CHN,Universities,3
6560,National Institute for Medical Research,TZA,Health,1
6560,University of Agriculture,PAK,Universities,2
6560,Naval Postgraduate School,USA,Universities,3
6563,Altinbas University,TUR,Universities,1
6563,University of Madras,IND,Universities,1
6563,XLIM Institute de Recherche,FRA,Government,2
6563,St John's Medical College Hospital,IND,Health,1
6563,"Southern University, Baton Rouge",USA,Universities,3
6563,Dumlupinar University,TUR,Universities,2
6569,Universite Mohammed Premier Oujda *,MAR,Universities,1
6569,Don State Technical University,RUS,Universities,1
6569,Universidade do Sul de Santa Catarina,BRA,Universities,1
6569,"Instituto Nacional de Cancerologia, Colombia",COL,Health,1
6573,Holland Bloorview Kids Rehabilitation Hospital,CAN,Health,3
6573,Sukkur IBA University,PAK,Universities,2
6573,Centre de Recherche de l'Institut Universitaire de Geriatrie de Montreal,CAN,Health,3
6576,"Universite des Antilles, Guadeloupe *",GLP,Universities,1
6576,National Center for Theoretical Sciences,TWN,Universities,1
6576,Monmouth University,USA,Universities,3
6576,Hanoi National University of Education,VNM,Universities,1
6576,Asian Institute of Technology,THA,Universities,2
6581,"JFE Steel Corp, Japan",JPN,Companies,3
6581,Satya Wacana Christian University,IDN,Universities,1
6581,University of Bisha,SAU,Universities,3
6581,Hebei Normal University,CHN,Universities,2
6585,Artvin Coruh University,TUR,Universities,2
6585,University of Montenegro,MNE,Universities,1
6587,Universidad Nacional del Centro de la Provincia de Buenos Aires *,ARG,Universities,2
6587,"First Institute of Oceanography, Ministry of Natural Resources",CHN,Government,2
6587,National Institute of Technology Warangal,IND,Universities,1
6587,Wuhan Children's Hospital,CHN,Health,2
6587,San Camillo IRCCS,ITA,Health,2
6587,Santa Casa de Misericordia de Porto Alegre,BRA,Health,2
6587,Institute of Cytology Russian Academy of Sciences,RUS,Government,1
6594,Universidade Estadual de Ponta Grossa,BRA,Universities,2
6594,"University of Wisconsin, Stevens Point",USA,Universities,3
6594,Mersin University,TUR,Universities,2
6594,Muhimbili University of Health and Allied Sciences,TZA,Universities,2
6598,Universite du Littoral Cote d'Opale *,FRA,Universities,3
6598,Hubei University of Arts and Science,CHN,Universities,2
6598,Universidad Juarez del Estado de Durango,MEX,Universities,2
6601,Cheng Shiu University,TWN,Universities,3
6601,Chongqing Normal University,CHN,Universities,2
6603,Balikesir University,TUR,Universities,2
6603,Texas Christian University,USA,Universities,3
6603,Mehran University of Engineering and Technology Jamshoro,PAK,Universities,2
6603,Swedish Defence University,SWE,Universities,3
6607,Andronikashvili Institute of Physics of the Georgian Academy of Sciences,GEO,Government,1
6607,China Electronics Technology Group Corp No 38 Research Institute,CHN,Government,1
6607,Academy of Romanian Scientists,ROU,Government,1
6607,Quanzhou Normal University,CHN,Universities,2
6607,Kahramanmaras Sutcu Imam University,TUR,Universities,2
6607,Korea Aerospace Research Institute,KOR,Government,3
6613,National Taipei University,TWN,Universities,2
6614,Egyptian Petroleum Research Institute,EGY,Government,1
6614,Maria Cecilia Hospital,ITA,Health,3
6614,Pontificia Universidade Catolica de Campinas,BRA,Universities,2
6614,California Academy of Sciences,USA,Non-Profit,3
6618,Instituto Politecnico de Lisboa,PRT,Universities,2
6618,Dali University,CHN,Universities,3
6618,University of Primorska,SVN,Universities,2
6621,Inonu University,TUR,Universities,2
6621,Universidad Antonio Narino,COL,Universities,1
6623,Tehran Heart Center,IRN,Health,1
6624,Egas Moniz Cooperativa de Ensino Superior,PRT,Universities,2
6625,AECOM *,MUL,Companies,3
6625,Dian Nuswantoro University,IDN,Universities,1
6625,Dublin Institute For Advanced Studies,IRL,Non-Profit,2
6625,"Dmitry Rogachev National Medical Research Center of Pediatric Hematology, Oncology and Immunology",RUS,Health,1
6625,Sinai University,EGY,Universities,2
6630,Da-Yeh University,TWN,Universities,3
6630,Azienda Ospedaliera San Giovanni-Addolorata,ITA,Health,3
6630,Universidad Santiago de Cali,COL,Universities,1
6630,Lille Economie Management,FRA,Government,2
6630,Otto-Friedrich-Universitat Bamberg,DEU,Universities,3
6635,Union College,USA,Universities,3
6635,Advanced Materials and Processes Research Institute,IND,Government,1
6635,National Maternity Hospital,IRL,Health,3
6635,Modern University for Technology and Information,EGY,Universities,2
6639,University of Kashmir,IND,Universities,1
6639,University of Phayao,THA,Universities,2
6639,Institute of Mathematical Sciences,IND,Government,1
6639,Electric Power Research Institute,USA,Non-Profit,3
6643,AT Still University,USA,Universities,3
6643,Inland Norway University of Applied Sciences,NOR,Universities,2
6645,University of Social Sciences and Humanities,POL,Universities,1
6645,University of San Diego,USA,Universities,3
6645,Centro Federal de Educacao Tecnologica de Minas Gerais,BRA,Universities,1
6645,Malaviya National Institute of Technology,IND,Universities,1
6645,Dongshin University,KOR,Universities,3
6650,Belmont University,USA,Universities,3
6650,University of Anbar,IRQ,Universities,1
6650,"Jawaharlal Nehru Technological University, Hyderabad",IND,Universities,1
6650,Southwest Forestry University,CHN,Universities,3
6650,Jichi Medical University Hospital,JPN,Health,3
6650,Centro Austral de Investigaciones Cientificas,ARG,Government,2
6650,Konkoly Observatory Hungarian Academy of Sciences,HUN,Government,1
6657,Universidad Autonoma del Estado de Morelos,MEX,Universities,2
6657,National Institute of Environmental Research,KOR,Government,3
6657,Izmir Katip Celebi University *,TUR,Universities,2
6660,"California State University, San Marcos",USA,Universities,3
6660,Laboratoire de Tribologie et Dynamique des Systemes,FRA,Government,3
6660,Kosin University *,KOR,Universities,3
6660,The First Affilliated Hospital of Kunming Medical College,CHN,Health,2
6664,Dibrugarh University,IND,Universities,1
6664,Open University Netherlands,NLD,Universities,3
6666,Koltsov Institute of Developmental Biology Russian Academy of Sciences,RUS,Government,1
6666,Industrial University of Ho Chi Minh City,VNM,Universities,2
6666,International Institute for Population Sciences,IND,Universities,1
6669,Mekelle University,ETH,Universities,1
6669,Lingnan University,HKG,Universities,3
6669,Universidad Cooperativa de Colombia,COL,Universities,2
6669,Oberlin College,USA,Universities,4
6673,Keralty *,COL,Companies,1
6673,International Tomography Center Russian Academy of Sciences,RUS,Government,1
6673,Universitas Gunadarma,IDN,Universities,1
6673,Illinois State University,USA,Universities,3
6673,"Indian Institute of Technology, Jodhpur",IND,Universities,1
6678,Faculdade de Ciencias Medicas da Santa Casa de Sao Paulo,BRA,Universities,2
6678,"Amity University, Dubai",ARE,Universities,1
6680,Universidade Estadual do Ceara,BRA,Universities,2
6680,Cooperativa de Ensino Superior Politecnico e Universitario,PRT,Universities,1
6680,Akita Prefectural University,JPN,Universities,2
6680,Universidad del Bio-Bio,CHL,Universities,2
6684,"Universidad Simon Bolivar, Barranquilla",COL,Universities,2
6684,"University of Wisconsin, Whitewater",USA,Universities,3
6686,Jackson Health System,USA,Health,3
6687,University of Science and Technology Liaoning,CHN,Universities,3
6687,Global Change Research Institute of the ASCR,CZE,Government,1
6687,"Islamic Azad University, Kermanshah",IRN,Universities,1
6687,Al Ain University,ARE,Universities,2
6687,National University of Medical Sciences,PAK,Universities,2
6692,Centro Universitario SENAI CIMATEC,BRA,Universities,1
6693,"Institute of Nano Science and Technology, Mohali",IND,Government,1
6693,Universite Jean Moulin Lyon 3 *,FRA,Universities,2
6693,Nanjing Hospital of Traditional Chinese Medicine Affiliated to Nanjing University of Chinese Medicin,CHN,Health,2
6696,Niigata University Medical and Dental Hospital,JPN,Health,3
6696,Federal Research Centre Fundamentals of Biotechnology Russian Academy of Sciences,RUS,Government,1
6698,Russian Research Centre Kurchatov Institute *,RUS,Government,1
6698,Northern Ontario School of Medicine,CAN,Universities,3
6700,Australian Research Council Centre of Excellence for Coral Reef Studies,AUS,Government,2
6700,University of Hafr Al-Batin,SAU,Universities,3
6700,Nigde Omer Halisdemir University,TUR,Universities,1
6700,Universidad de Sonora,MEX,Universities,3
6700,Bharathidasan University,IND,Universities,1
6705,Xinjiang Agricultural University,CHN,Universities,2
6705,October 6 University,EGY,Universities,2
6705,"Institute of Vertebrate Paleontology and Paleoanthropology, Chinese Academy of Sciences",CHN,Government,1
6708,"Atal Bihari Vajpayee Indian Institute of Information Technology and Management, Gwalior",IND,Universities,1
6708,James Madison University,USA,Universities,2
6708,Osaka Institute of Technology,JPN,Universities,2
6711,Mulawarman University,IDN,Universities,3
6711,National Technical University of Ukraine - Kyiv Polytechnic Institute,UKR,Universities,1
6711,Pontificia Universidad Catolica Argentina Santa Maria de los Buenos Aires,ARG,Universities,2
6714,United States Military Academy at West Point,USA,Universities,2
6714,Hospital de Clinicas Dr Manuel Quintela,URY,Health,1
6714,"Laboratoire Analyse, Geometrie et Applications",FRA,Government,3
6714,Nanjing Medical University Affiliated Brain Hospital,CHN,Health,1
6718,Eastern Health,AUS,Health,3
6718,Jomo Kenyatta University of Agriculture and Technology,KEN,Universities,1
6718,"Eye, Ear, Nose and Throat Hospital Fudan University",CHN,Health,2
6718,Institut de Mathematiques de Jussieu,FRA,Government,3
6722,Bruyere Research Institute,CAN,Health,3
6722,Lafayette College,USA,Universities,3
6722,Universidad de Cordoba,COL,Universities,2
6722,University of East Sarajevo,BIH,Universities,1
6722,The Daffodil Centre,AUS,Health,2
6722,Tarim University,CHN,Universities,3
6728,American University in the Emirates,ARE,Universities,1
6728,Ho Chi Minh City International University,VNM,Universities,1
6728,Universidad Nacional de Rio Cuarto *,ARG,Universities,1
6728,Andong National University,KOR,Universities,3
6728,Nanjing Xiaozhuang University,CHN,Universities,3
6728,Istanbul Bilgi University,TUR,Universities,1
6728,National Institute of Genetic Engineering and Biotechnology,IRN,Government,1
6728,Institutul Clinic Fundeni,ROU,Health,2
6736,Zonguldak Bulent Ecevit University,TUR,Universities,2
6736,Malaysia Nuclear Agency,MYS,Government,1
6736,PLA Space Engineering University,CHN,Universities,1
6736,Hospital de Braga,PRT,Health,2
6736,Nagasaki Institute of Applied Science,JPN,Universities,1
6741,Universitatea de Stiintele Vietii Regele Mihai I din Timisoara,ROU,Universities,3
6741,Bitlis Eren University,TUR,Universities,1
6741,University of Mauritius,MUS,Universities,1
6741,Universidad Catolica del Norte,CHL,Universities,2
6745,"California State University, Dominguez Hills",USA,Universities,3
6746,Dongbei University of Finance and Economics,CHN,Universities,2
6746,University of Kelaniya,LKA,Universities,2
6748,Kadir Has University,TUR,Universities,2
6748,Mongolian National University of Medical Sciences,MNG,Universities,1
6748,"Islamic Azad University, Semnan Branch",IRN,Universities,1
6748,Davidson College,USA,Universities,3
6748,Centro Nacional Patagonico,ARG,Government,2
6753,Dhofar University,OMN,Universities,2
6753,National University of Life and Environmental Sciences of Ukraine,UKR,Universities,1
6753,Sher-e-Bangla Agricultural University,BGD,Universities,2
6753,Te Whatu Ora Waitaha Canterbury,NZL,Health,2
6753,Centro Universitario de Maringa,BRA,Universities,2
6758,Smith College,USA,Universities,3
6759,Abasyn University Peshawar,PAK,Universities,2
6759,Valparaiso University,USA,Universities,3
6759,"Indian Institute of Science Education and Research, Kolkata",IND,Government,1
6759,Seikei University,JPN,Universities,3
6759,North Night Vision Technology Co,CHN,Government,2
6759,Innopolis University,RUS,Universities,1
6759,Xi'an Medical University *,CHN,Universities,2
6766,Tianjin Nankai Hospital,CHN,Health,2
6766,First People's Hospital of Foshan,CHN,Health,2
6766,Inje University Sanggye-Paik Hospital,KOR,Health,2
6766,Illawarra Health and Medical Research Institute,AUS,Health,2
6766,Maharishi Markandeshwar University *,IND,Universities,1
6771,Carilion Clinic *,USA,Health,3
6771,Wonkwang University School of Medicine & Hospital,KOR,Health,2
6771,Universidade Eduardo Mondlane,MOZ,Universities,1
6771,Hippokration General Hospital,GRC,Health,3
6775,Dalian Ocean University,CHN,Universities,2
6775,Mercu Buana University,IDN,Universities,2
6777,Anima Holding SA *,BRA,Companies,2
6777,National College of Business Administration and Economics,PAK,Universities,1
6777,Sanata Dharma University,IDN,Universities,3
6777,Suez University,EGY,Universities,2
6781,Dongguk University Medical Center,KOR,Health,3
6781,Centro Cientifico Tecnologico Nordeste,ARG,Government,2
6781,Heriot-Watt University Malaysia,MYS,Universities,2
6781,Universidad Nacional de Tucuman *,ARG,Universities,3
6785,Bard College,USA,Universities,3
6785,Albaha University,SAU,Universities,3
6785,Cape Breton University,CAN,Universities,3
6788,Jinzhong University,CHN,Universities,3
6788,Galatasaray University,TUR,Universities,1
6788,Towson University,USA,Universities,3
6788,Centro Cientifico Tecnologico Rosario,ARG,Government,2
6792,Kafkas University,TUR,Universities,2
6792,Silpakorn University,THA,Universities,2
6792,Thu Dau Mot University,VNM,Universities,2
6795,Kirklareli University,TUR,Universities,2
6795,Agricultural Biotechnology Research Institute of Iran,IRN,Government,1
6795,State Grid Shanghai Electric Power Research Institute,CHN,Government,1
6795,Annamalai University,IND,Universities,1
6795,Kakatiya University,IND,Universities,1
6800,Universite de Carthage *,TUN,Universities,1
6800,PLA Naval Aviation University,CHN,Universities,1
6800,Universidade Federal de Sao Joao del Rei,BRA,Universities,3
6800,"Aga Khan University Hospital, Nairobi",KEN,Health,2
6800,FSBI National Medical Research Radiological Centre *,RUS,Health,1
6800,"Indian Institute of Technology, Ropar",IND,Universities,1
6806,GLA University,IND,Universities,1
6807,"University of Wollongong, Dubai Campus",ARE,Universities,2
6807,University of Moncton,CAN,Universities,3
6809,Lanzhou University of Technology,CHN,Universities,2
6809,Soka University,JPN,Universities,3
6809,National University of Kaohsiung,TWN,Universities,3
6812,L. N. Gumilov Eurasian National University,KAZ,Universities,1
6812,Federal Research and Clinical Center of Intensive Care Medicine and Rehabilitology,RUS,Health,1
6812,Universidade Federal de Ciencias da Saude de Porto Alegre,BRA,Universities,2
6812,University of Sargodha,PAK,Universities,2
6812,Vassar College,USA,Universities,3
6812,Institute of Geological Sciences Polish Academy of Sciences,POL,Government,2
6812,Hannam University,KOR,Universities,3
6819,Maranatha Christian University,IDN,Universities,1
6820,Yeshiva University,USA,Universities,3
6820,Universidad de Cartagena,COL,Universities,1
6822,Natural History Museum of los Angeles County,USA,Government,3
6822,Instituto Politecnico de Leiria,PRT,Universities,2
6822,Jilin Normal University,CHN,Universities,2
6822,Universidad Cientifica del Sur,PER,Universities,2
6822,National Chi Nan University,TWN,Universities,3
6827,Universidade Estadual do Oeste do Parana,BRA,Universities,2
6828,Associate Laboratory of Robotics and Engineering Systems *,PRT,Non-Profit,2
6828,Institute of Field and Vegetable Crops,SRB,Government,2
6828,East China Institute of Technology,CHN,Universities,2
6828,Ion Ionescu de la Brad University of Life Sciences of Iasi,ROU,Universities,2
6828,Homi Bhabha National Institute,IND,Universities,1
6833,Complejo Hospitalario Universitario de Albacete,ESP,Health,3
6833,University of Bengkulu,IDN,Universities,3
6833,University of Ostrava,CZE,Universities,3
6836,Nelson Mandela African Institution of Science and Technology,TZA,Government,2
6837,BI Norwegian Business School,NOR,Universities,2
6837,Instituto Geologico y Minero de Espana Madrid,ESP,Government,3
6837,Hertie School of Governance,DEU,Universities,3
6837,Fachhochschule Munster,DEU,Universities,3
6837,JFE Holdings Inc *,MUL,Companies,4
6837,Universidad Tecnologica de Bolivar,COL,Universities,1
6843,Istanbul Aydin University,TUR,Universities,2
6844,Bahir Dar University,ETH,Universities,1
6845,Novel Global Community Educational Foundation,AUS,Non-Profit,2
6845,Universite de Guyane *,GUF,Universities,1
6845,Jadara University,JOR,Universities,1
6848,Universidad Privada Norbert Wiener,PER,Universities,1
6848,Sanming First Hospital Affiliated to Fujian Medical University,CHN,Health,2
6848,Grupo AUNA *,MUL,Health,3
6851,Geisinger Commonwealth School of Medicine,USA,Universities,3
6851,Moscow State University of Civil Engineering,RUS,Universities,1
6851,Instituto Nacional de Rehabilitacion,MEX,Health,2
6854,Loyola Marymount University,USA,Universities,3
6854,College of Medicine and Medical Sciences,BHR,Universities,1
6854,Al Mustaqbal University College,IRQ,Universities,1
6854,Academy of Physical Education in Katowice,POL,Universities,3
6854,Beijing Shijitan Hospital,CHN,Health,2
6854,National Defense University,TWN,Universities,2
6854,Instituto Nacional de Antropologia e Historia *,MEX,Government,1
6854,Institut Catala de Paleontologia Miquel Crusafont,ESP,Government,3
6854,Ateneo de Manila University,PHL,Universities,2
6863,Universidad de Playa Ancha,CHL,Universities,2
6863,Escola Superior d'Administracio i Direccio d'Empreses,ESP,Universities,2
6865,Centre de Recherche et d’enseignement multidisciplinaire international,FRA,Government,3
6865,Ho Chi Minh City University of Science,VNM,Universities,2
6865,Middlebury College,USA,Universities,3
6865,Clinical Hospital Dubrava,HRV,Health,2
6869,Federal Budget Institute of Science Central Research Institute of Epidemiology,RUS,Non-Profit,1
6870,Claremont McKenna College,USA,Universities,4
6870,University Goce Delcev,MKD,Universities,1
6870,"Universidad de los Andes, Venezuela",VEN,Universities,2
6870,Universidad Nacional de Costa Rica,CRI,Universities,2
6870,Sistema Nacional de Investigacion,PAN,Government,2
6875,Klinikum Augsburg,DEU,Health,3
6875,University of Calicut,IND,Universities,1
6875,Irbid National University,JOR,Universities,1
6878,Ardabil University of Medical Sciences,IRN,Universities,1
6878,University of Lapland,FIN,Universities,3
6878,National Astronomical Research Institute of Thailand,THA,Government,1
6878,Institute of Biodiversity and Ecosystems Research Bulgarian Academy of Sciences,BGR,Government,1
6882,Chung-Ang University Hospital,KOR,Health,2
6882,Centre for Energy and Environmental Sustainability,IND,Non-Profit,1
6884,Instituto Agronomico Campinas,BRA,Government,2
6884,University of Lucknow,IND,Universities,1
6884,Irkutsk State Technical University,RUS,Universities,1
6887,Belgian Nuclear Research Centre,BEL,Government,4
6887,Hospital Universitario de Guadalajara,ESP,Health,2
6887,Consorci Sanitari Integral *,ESP,Health,3
6890,Luxembourg Institute of Socio-Economic Research,LUX,Government,2
6890,Idaho State University *,USA,Universities,3
6890,Jordanian Royal Medical Services *,JOR,Health,1
6893,Universite du Quebec en Rimouski,CAN,Universities,3
6893,Vidyasagar University,IND,Universities,1
6893,Institut mediterraneen de biodiversite et d'ecologie marine et continentale,FRA,Government,2
6893,Shahrekord University of Medical Sciences,IRN,Universities,1
6893,Faculte des Sciences Ben M'Sick,MAR,Universities,1
6893,Beijing Institute of Spacecraft Environment Engineering,CHN,Government,2
6893,ADNOC Onshore,ARE,Companies,1
6900,The Second Hospital of Tianjin,CHN,Health,2
6900,Universidade de Pernambuco *,BRA,Universities,2
6900,National Economics University,VNM,Universities,1
6900,Ss Cyril and Methodius University of Skopje *,MKD,Universities,1
6900,"Texas A&M University, Kingsville",USA,Universities,3
6900,Maimonides Medical Center,USA,Health,3
6900,Indian Institute of Astrophysics,IND,Government,1
6907,First Affiliated Hospital of Zhejiang Chinese Medical University,CHN,Health,1
6907,Pandit Ravishankar Shukla University,IND,Universities,1
6909,Beijing Institute of Graphic Communication,CHN,Universities,2
6910,Universidad Peruana Union,PER,Universities,1
6910,"Louisiana State University, Shreveport",USA,Universities,3
6910,Yasar University,TUR,Universities,1
6913,Centre de Recerca Matematica,ESP,Government,3
6913,Providence College,USA,Universities,3
6913,Gannan Normal University,CHN,Universities,2
6916,Mirpur University of Science & Technology,PAK,Universities,2
6916,Namik Kemal University,TUR,Universities,2
6916,Corporacion Universitaria Minuto de Dios,COL,Universities,1
6916,Centre de Ciencia i Tecnologia Forestal de Catalunya,ESP,Government,2
6916,Universidad Europea del Atlantico,ESP,Universities,3
6921,University for Development Studies,GHA,Universities,2
6921,Cambridge Health Alliance,USA,Health,3
6921,Ministry of Health and Medical Education,IRN,Health,1
6921,Hitotsubashi University,JPN,Universities,2
6925,Universidad de las Americas Puebla,MEX,Universities,2
6925,East China Jiaotong University,CHN,Universities,2
6925,Abu Dhabi University,ARE,Universities,3
6925,Chuzhou University,CHN,Universities,3
6925,Second Affiliated Hospital of Guangxi Medical University,CHN,Health,1
6930,Al Al-Bayt University,JOR,Universities,2
6930,Universidade Estadual de Santa Cruz,BRA,Universities,3
6930,Nanjing Hydraulic Research Institute *,CHN,Government,2
6930,Veer Narmad South Gujarat University,IND,Universities,1
6930,Grupo Tiradentes *,BRA,Companies,1
6935,Jaypee Institute of Information Technology,IND,Universities,1
6935,National Medical Research Center for Therapy and Preventive Medicine,RUS,Health,1
6935,Shangqiu Normal University,CHN,Universities,2
6935,MGH Institute of Health Professions,USA,Health,3
6935,Universidad Catolica de Cordoba *,ARG,Universities,2
6935,West Texas A&M University,USA,Universities,3
6935,Universite Ibn Zohr *,MAR,Universities,1
6935,Universidade do Extremo Sul Catarinense,BRA,Universities,1
6943,Laboratoire Jean-Alexandre Dieudonne,FRA,Government,3
6943,Word Islamic Sciences and Education University,JOR,Universities,2
6943,Universidade Federal de Alfenas,BRA,Universities,3
6943,Centro Oceanografico de Vigo,ESP,Government,3
6947,Science Systems and Applications Inc,USA,Companies,2
6947,Medical University - Plovdiv,BGR,Universities,1
6947,Landcare Research,NZL,Government,3
6947,Rocky Vista University,USA,Universities,3
6947,Allahabad University,IND,Universities,1
6947,Universite Vincennes-Saint-Denis - Paris 8 *,FRA,Universities,2
6947,Norinco Group *,MUL,Government,3
6947,Universidade Federal do Pampa,BRA,Universities,2
6955,Medical University of Sofia *,BGR,Universities,1
6955,Bauman Moscow State Technical University,RUS,Universities,1
6955,Fundacion Instituto Valenciano de Oncologia,ESP,Health,3
6955,China North Industries Group Corporation,CHN,Government,2
6955,University of Mumbai,IND,Universities,1
6955,Universidade Federal do Amapa,BRA,Universities,2
6961,Sultan Agung Islamic University,IDN,Universities,2
6961,Institute of Metallurgy and Materials Science Polish Academy of Sciences,POL,Government,1
6961,Changshu Institute of Technology,CHN,Universities,2
6964,Zarqa University,JOR,Universities,2
6964,National Institute for Interdisciplinary Science and Technology,IND,Government,1
6964,University of Botswana,BWA,Universities,1
6964,Lahore College for Women University,PAK,Universities,2
6968,"National Institute of Technology, Patna",IND,Universities,2
6968,Theodor Bilharz Research Institute,EGY,Health,1
6968,Karamanoglu Mehmetbey University,TUR,Universities,2
6971,Hospital de Cabuenes,ESP,Health,3
6971,Obafemi Awolowo University,NGA,Universities,1
6973,"College of Engineering, Thiruvananthapuram",IND,Universities,1
6973,Doon University,IND,Universities,2
6973,Universidad Pontificia de Salamanca,ESP,Universities,3
6976,Plant Protection Research Institute,EGY,Government,2
6976,Sree Chitra Tirunal Institute for Medical Sciences and Technology,IND,Universities,1
6976,Institute of Physics of the Slovak Academy of Sciences,SVK,Government,1
6976,University of Namibia,NAM,Universities,1
6980,Universite de Kinshasa,COD,Universities,1
6980,Dicle University *,TUR,Universities,2
6980,Yerevan State Medical University,ARM,Universities,1
6983,Medical University of Varna Prof Dr Paraskev Stoyano,BGR,Universities,1
6983,Universidad Senor de Sipan,PER,Universities,2
6983,Egyptian Drug Authority,EGY,Government,2
6983,Universidad del Atlantico,COL,Universities,1
6987,State Grid Hebei Electric Power Co,CHN,Government,2
6987,Institute of Physics Bhubaneswar,IND,Government,1
6987,Cumhuriyet University *,TUR,Universities,2
6987,Hubei University of Economics,CHN,Universities,2
6987,National Bureau of Plant Genetic Resources,IND,Government,1
6992,Binzhou University,CHN,Universities,2
6992,Walden University,USA,Universities,2
6992,Gauhati University,IND,Universities,2
6995,Szechenyi Istvan University,HUN,Universities,2
6996,National Aviation University,UKR,Universities,1
6996,Canadian University of Dubai,ARE,Universities,3
6996,Afyon Kocatepe University *,TUR,Universities,2
6996,Shanghai Mental Health Center,CHN,Health,2
7000,Xavier University,USA,Universities,2
7000,Ubon Ratchathani University,THA,Universities,3
7000,University of Limpopo,ZAF,Universities,2
7000,Nippon Dental University *,JPN,Universities,3
7004,Centro de Investigacion Cientifica de Yucatan,MEX,Government,2
7004,FSBI Institute of General Pathology and Physiopathology,RUS,Health,1
7004,Fachhochschule Technikum Karnten,AUT,Universities,3
7004,Constantine the Philosopher University in Nitra,SVK,Universities,2
7008,Posts and Telecommunications Institute of Technology,VNM,Universities,1
7008,Tokyo University of Technology,JPN,Universities,3
7008,Copperbelt University,ZMB,Universities,1
7008,Universidade do Estado do Amazonas,BRA,Universities,2
7008,Te Whatu Ora Te Toka Tumai Auckland,NZL,Health,2
7008,Civil Aviation Flight University of China,CHN,Universities,2
7014,Landmark University,NGA,Universities,1
7014,Planetary Science Institute,USA,Non-Profit,2
7016,Complejo Asistencial Doctor Sotero del Rio,CHL,Health,2
7016,Cogna Educacao SA *,BRA,Companies,2
7016,"Universidad Nacional de Ingenieria, Peru *",PER,Universities,1
7016,University of Tripoli,LBY,Universities,1
7020,University of Richmond,USA,Universities,3
7020,"Instituto Federal de Educacao, Ciencia e Tecnologia de Santa Catarina",BRA,Universities,2
7020,Kurdistan University of Medical Sciences,IRN,Universities,1
7020,Universidad Tecnica Particular de Loja,ECU,Universities,1
7020,Mount Holyoke College,USA,Universities,4
7025,Universidade Estadual de Feira de Santana,BRA,Universities,3
7025,Bezmialem Vakif University,TUR,Universities,2
7025,Istinye University,TUR,Universities,2
7028,Shenyang University of Technology *,CHN,Universities,3
7028,University of Calabar,NGA,Universities,1
7028,Grand Valley State University,USA,Universities,3
7028,Universidad Nacional de San Antonio Abad del Cusco,PER,Universities,2
7028,Campbell University,USA,Universities,4
7033,Poznan University of Economics and Business,POL,Universities,3
7033,Zhejiang Wanli University,CHN,Universities,3
7033,Fundacion Valle del Lili,COL,Health,2
7033,National Institute of Technology Kurukshetra,IND,Universities,2
7033,Mustafa Kemal University *,TUR,Universities,2
7038,National Taichung University of Science and Technology,TWN,Universities,3
7038,University of Veterinary Medicine Budapest,HUN,Universities,3
7038,Franklin & Marshall College,USA,Universities,3
7038,China Coal Technology and Engineering Group *,CHN,Government,3
7038,Xiamen University of Technology,CHN,Universities,2
7038,Abant Izzet Baysal University *,TUR,Universities,2
7044,"California State University, East Bay",USA,Universities,3
7044,Institute of Archaeology and Ethnography Russian Academy of Sciences,RUS,Government,1
7044,"University of Defence, Czech Republic",CZE,Universities,2
7044,NR Electric Co Ltd,CHN,Government,2
7044,Wan Fang Hospital,TWN,Health,1
7049,Qingyuan Innovation Laboratory,CHN,Government,2
7049,University of Rousse,BGR,Universities,1
7049,Higher Colleges of Technology,ARE,Universities,2
7049,National Coarse Grain Engineering Technology Research Center,CHN,Government,2
7053,Fourth Hospital of Wuhan,CHN,Health,2
7053,Universidad Central del Ecuador,ECU,Universities,1
7053,University of Humanistic Studies,NLD,Universities,4
7056,Instituto de Investigacion Sanitaria y Biomedica de Alicante,ESP,Government,3
7056,Laurentian University,CAN,Universities,3
7056,Orenburg State University,RUS,Universities,1
7056,Central Luzon State University,PHL,Universities,1
7060,Beijing Union University,CHN,Universities,2
7060,Outcomes Research Consortium,USA,Non-Profit,2
7060,Nanjing Vocational University of Industry Technology,CHN,Universities,3
7060,"Indian Institute of Science Education and Research, Berhampur",IND,Government,1
7060,Hanoi University of Mining and Geology,VNM,Universities,2
7065,The Russian Presidential Academy of National Economy and Public Administration,RUS,Universities,1
7065,National Taipei College of Nursing,TWN,Universities,3
7065,Changsha University,CHN,Universities,2
7065,Tarleton State University,USA,Universities,3
7065,Recep Tayyip Erdogan University,TUR,Universities,2
7065,Universidade dos Acores,PRT,Universities,2
7071,Complex Hospitalari Universitari Moises Broggi,ESP,Health,3
7071,Electronics Research Institute,EGY,Government,1
7073,Laboratoire de l'Integration du Materiau au Systeme,FRA,Government,2
7073,K.N.Toosi University of Technology,IRN,Universities,1
7073,Warsaw School of Economics,POL,Universities,1
7076,Universidad Autonoma de Tamaulipas,MEX,Universities,3
7076,Bursa Technical University,TUR,Universities,1
7076,Philippine General Hospital,PHL,Health,1
7076,Ecole Militaire Polytechnique,DZA,Universities,1
7076,Indian Association for the Cultivation of Science,IND,Universities,1
7081,I K Gujral Punjab Technical University,IND,Universities,2
7081,"University of Wales, Trinity Saint David",GBR,Universities,3
7081,Islamic Science University of Malaysia,MYS,Universities,3
7081,"Eastern University, Sri Lanka",LKA,Universities,1
7081,Pedagogical University of Cracow,POL,Universities,3
7086,Gandhi Institute of Technology and Management,IND,Universities,1
7086,The College of New Jersey,USA,Universities,3
7088,Al-Ahliyya Amman University,JOR,Universities,2
7088,Saitama Children's Medical Center,JPN,Health,3
7088,Teerthanker Mahaveer University,IND,Universities,1
7088,University of Sierra Leone,SLE,Universities,1
7088,University Mutah,JOR,Universities,2
7093,Indiana University - Purdue University at Fort Wayne,USA,Universities,3
7093,"Instituto Federal de Educacao, Ciencia e Tecnologia do Rio Grande do Norte",BRA,Universities,2
7093,Shanghai Academy of Spaceflight Technology,CHN,Government,2
7096,Turkish-German University,TUR,Universities,1
7096,Xuzhou Central Hospital,CHN,Health,2
7096,Gdansk University of Physical Education and Sport,POL,Universities,3
7096,Lahore Garrison University,PAK,Universities,2
7100,Hospital Son Llatzer,ESP,Health,3
7100,"Indian Institute of Technology, Bhubaneswar",IND,Universities,2
7102,Hubei University of Chinese Medicine *,CHN,Universities,2
7102,Hospital Britanico de Buenos Aires,ARG,Health,2
7102,Institute of Oceanology Polish Academy of Sciences,POL,Government,2
7102,Universidade Estadual de Montes Claros *,BRA,Universities,2
7106,First Teaching Hospital of Tianjin University of Traditional Chinese Medicine,CHN,Health,2
7106,Universidad Autonoma de Guerrero,MEX,Universities,2
7106,Shanghai Institute of Mental Health,CHN,Health,2
7106,Universidade Paulista,BRA,Universities,2
7110,Mahatma Jyotiba Phule Rohilkhand University,IND,Universities,1
7110,Universidade Federal Rural da Amazonia,BRA,Universities,3
7110,"Indian Institute of Management, Ahmedabad",IND,Universities,1
7110,Universidade Estadual do Centro-Oeste,BRA,Universities,2
7110,Universitas Mercatorum,ITA,Universities,3
7110,Kalasalingam Academy of Research and Education,IND,Universities,1
7110,Beijing Institute of Petrochemical Technology,CHN,Universities,3
7110,Universitat Hildesheim,DEU,Universities,3
7110,"Instituto Federal de Educacao, Ciencia e Tecnologia do Ceara",BRA,Universities,1
7119,Universidade Lusofona de Humanidades e Tecnologias,PRT,Universities,2
7119,Purdue University Northwest,USA,Universities,4
7119,North-Eastern Hill University,IND,Universities,2
7119,Olabisi Onabanjo University,NGA,Universities,1
7119,Royal Orthopaedic Hospital NHS Foundation Trust,GBR,Health,4
7119,Gaziosmanpasa University,TUR,Universities,2
7125,"California State University, San Bernardino",USA,Universities,3
7125,Shanghai Dianji University,CHN,Universities,3
7125,Guilan University of Medical Sciences,IRN,Universities,1
7128,Instituto Politecnico de Coimbra,PRT,Universities,2
7128,Institute for Fundamental Physics of the Universe,ITA,Government,1
7128,Abt Global Inc *,MUL,Companies,3
7128,"Indian Institute of Technology, Dharwad",IND,Universities,1
7132,Jeju National University Hospital,KOR,Health,2
7132,Agricultural Research Education and Extension Organization *,IRN,Government,2
7132,Engelhardt Institute of Molecular Biology Russian Academy of Sciences,RUS,Government,1
7132,Affiliated Hospital of North Sichuan Medical College,CHN,Health,2
7136,Nara Women's University,JPN,Universities,3
7136,University of Southern Maine,USA,Universities,3
7136,Sant Longowal Institute of Engineering and Technology,IND,Universities,2
7139,Shahid Sadoughi University of Medical Sciences,IRN,Universities,1
7139,Noakhali Science and Technology University,BGD,Universities,2
7139,Petrozavodsk State University,RUS,Universities,1
7139,Beijing Tongren Hospital,CHN,Health,2
7139,"Universidad Continental, Peru",PER,Universities,2
7139,Shanghai Seventh People’s Hospital,CHN,Health,2
7139,The University of Winnipeg,CAN,Universities,3
7146,Universidad de San Martin de Porres,PER,Universities,2
7146,Institute of Mathematics Polish Academy of Sciences,POL,Government,2
7148,Athabasca University,CAN,Universities,3
7148,University of North Bengal,IND,Universities,1
7148,Chinese Academy of Meteorological Sciences,CHN,Government,2
7151,Helmholtz-Institut Jena,DEU,Government,3
7151,China Earthquake Administration,CHN,Government,2
7151,NHS Humber Health Partnership *,GBR,Health,3
7154,Ecole Normale Superieure de l’Enseignement Technique de Mohammedia,MAR,Universities,1
7154,University of Banja Luka,BIH,Universities,1
7156,Universidade Federal dos Vales do Jequitinhonha e Mucuri,BRA,Universities,3
7156,Chongqing College of Electronic Engineering,CHN,Universities,2
7156,Kuban State Agrarian University,RUS,Universities,1
7156,National Institute for Research and Development of Isotopic and Molecular Technologies,ROU,Government,2
7160,University of Malaya Medical Centre,MYS,Health,3
7160,Florida Gulf Coast University,USA,Universities,3
7160,"Gazprom Group, Russian Federation",RUS,Companies,1
7160,Islamia College Peshawar,PAK,Universities,2
7164,Bates College,USA,Universities,4
7164,Harish Chandra Research Institute,IND,Government,1
7164,Kitami Institute of Technology,JPN,Universities,3
7164,Macalester College,USA,Universities,3
7164,Dogus University,TUR,Universities,1
7169,Jerash Private University,JOR,Universities,3
7170,Jilin Institute of Chemical Technology,CHN,Universities,2
7170,King Edward Medical University,PAK,Universities,2
7170,University School of Physical Education in Krakow,POL,Universities,3
7170,Institut d'Ecologie et des Sciences de l'Environnement de Paris,FRA,Government,2
7170,Arba Minch University,ETH,Universities,2
7170,Green University of Bangladesh,BGD,Universities,1
7176,Ryukoku University,JPN,Universities,3
7176,Guangdong University of Foreign Studies,CHN,Universities,1
7178,Changjiang Water Resources Commission,CHN,Government,2
7179,"California State University, Monterey Bay",USA,Universities,3
7179,Delta University for Science and Technology,EGY,Universities,3
7181,Mehmet Akif Ersoy University,TUR,Universities,2
7181,ICAR Research Complex for Eastern Region,IND,Government,1
7181,Tokushima University Hospital,JPN,Health,2
7181,Chennai Mathematical Institute,IND,Universities,1
7181,"Islamic Azad University, Damghan Branch",IRN,Universities,1
7186,Ilia State University,GEO,Universities,1
7186,Universidad de La Serena,CHL,Universities,2
7188,"American International University, Bangladesh",BGD,Universities,2
7189,University of Health and Allied Sciences,GHA,Universities,1
7189,Al-Hussein Bin Talal University,JOR,Universities,2
7189,Erzurum Technical University,TUR,Universities,1
7192,Cochin University of Science and Technology,IND,Universities,1
7192,University of Gavle,SWE,Universities,3
7192,Centro de Investigaciones Biologicas del Noroeste,MEX,Government,2
7195,Damietta University,EGY,Universities,2
7195,Universite de Monastir,TUN,Universities,1
7197,Materials Physics Center,ESP,Government,2
7197,Joint Institute for Nuclear Research,RUS,Government,1
7197,Northwest Minzu University,CHN,Universities,3
7197,"University College Hospital, Ibadan",NGA,Health,1
7197,Universidade Federal da Grande Dourados,BRA,Universities,3
7197,Universidade Federal da Integracao Latino-Americana,BRA,Universities,2
7203,Southern Federal University,RUS,Universities,1
7203,Hebei North University,CHN,Universities,3
7205,St. Georges University,GRD,Universities,1
7206,Visva-Bharati University,IND,Universities,2
7206,High Point University,USA,Universities,3
7206,Shaanxi University of Technology,CHN,Universities,3
7209,Universidade Federal do Vale do Sao Francisco,BRA,Universities,2
7209,Xian Shiyou University,CHN,Universities,3
7209,Urmia University,IRN,Universities,1
7209,Saint Petersburg State University of Architecture and Civil Engineering,RUS,Universities,1
7209,Nicolaus Copernicus Astronomical Center Polish Academy of Sciences,POL,Government,1
7214,Serbian Academy of Sciences and Arts *,SRB,Government,3
7214,APJ Abdul Kalam Technological University,IND,Universities,1
7216,Chaudhary Charan Singh Haryana Agricultural University,IND,Universities,2
7216,University of Jaffna,LKA,Universities,2
7216,Universidad Camilo Jose Cela,ESP,Universities,3
7216,Sohar University,OMN,Universities,2
7220,Universidad Externado de Colombia,COL,Universities,1
7220,Mineral and Energy Economy Research Institute Polish Academy of Sciences,POL,Government,2
7220,Fifth Affiliated Hospital of Zhengzhou University,CHN,Health,2
7220,Hebei University of Engineering,CHN,Universities,2
7224,Fourth Hospital of Hebei Medical University,CHN,Health,2
7224,Institut Universitaire de Geriatrie de Montreal *,CAN,Health,3
7224,"Minnesota State University, Mankato",USA,Universities,3
7224,WHU-Otto Beisheim School of Management,DEU,Universities,4
7224,ARUP,GBR,Companies,3
7224,Bartin University,TUR,Universities,2
7230,"University of Kurdistan, Sanandaj",IRN,Universities,2
7230,Manisa Celal Bayar University *,TUR,Universities,2
7232,Luoyang Normal University,CHN,Universities,3
7232,Instituto de Investigacion Forestal,ESP,Government,2
7232,Sokoine University of Agriculture,TZA,Universities,1
7232,"Islamic Azad University, Yazd",IRN,Universities,1
7236,Universidad Nacional del Nordeste *,ARG,Universities,2
7237,Centro Brasileiro de Pesquisas Fisicas,BRA,Government,1
7237,Pontificia Universidad Catolica del Ecuador,ECU,Universities,1
7237,Universidad Ricardo Palma,PER,Universities,2
7237,Birla Institute of Technology,IND,Universities,1
7241,"Trinity College, Hartford",USA,Universities,3
7241,Universidad del Cauca,COL,Universities,2
7241,Kenyatta University,KEN,Universities,2
7241,Institute of Nature Conservation Polish Academy of Sciences,POL,Government,3
7245,Vavilov Institute of General Genetics Russian Academy of Sciences,RUS,Government,1
7245,Leibniz-Zentrum fur Marine Tropenokologie,DEU,Government,3
7245,"Islamic Azad University, Kerman",IRN,Universities,1
7245,St Johns Medical College,IND,Universities,1
7249,Electronics Engineering Polytechnic Institute of Surabaya,IDN,Universities,1
7249,Nevsehir University,TUR,Universities,2
7249,Huizhou University,CHN,Universities,2
7249,The Maxwell Institute for Mathematical Sciences,GBR,Government,3
7249,University of Education,PAK,Universities,2
7249,Siedlce University of Natural Sciences and Humanities,POL,Universities,3
7249,Hope College,USA,Universities,3
7249,Trisakti University,IDN,Universities,2
7249,Balochistan University of Information Technology and Management Sciences,PAK,Universities,1
7258,Rangsit University,THA,Universities,3
7259,Universidad Distrital Francisco Jose de Caldas,COL,Universities,2
7259,Institute of Molecular Biology and Genetics National Academy of Sciences of Ukraine,UKR,Government,1
7259,Eastern Michigan University,USA,Universities,3
7262,HCA Florida Healthcare,USA,Health,3
7262,N.I. Lobachevsky State University of Nizhni Novgorod *,RUS,Universities,1
7262,Weichai Holding Group Co Ltd *,CHN,Companies,2
7262,Clark University,USA,Universities,3
7266,Institut Jean Nicod Paris,FRA,Government,1
7266,Universidade do Estado do Para,BRA,Universities,2
7266,Indian Institute of Tropical Meteorology,IND,Government,1
7266,National United University,TWN,Universities,4
7266,Thompson Rivers University,CAN,Universities,3
7266,Affiliated Zhongshan Hospital of Dalian University,CHN,Health,2
7272,University of Mostar,BIH,Universities,1
7272,Russian State Agrarian University - Moscow Timiryazev Agricultural Academy,RUS,Universities,1
7274,University of Ruhuna,LKA,Universities,1
7274,Horia Hulubei National Institute of Physics and Nuclear Engineering,ROU,Government,2
7274,Universidade Federal da Fronteira Sul,BRA,Universities,3
7274,Universidad Tecnologica del Peru,PER,Universities,1
7278,Tomsk National Research Medical Center of the Russian Academy of Sciences,RUS,Health,1
7279,Assam University,IND,Universities,2
7279,Nile University,EGY,Universities,1
7279,Hue University,VNM,Universities,2
7279,Iqra University,PAK,Universities,2
7283,Universite Lumiere Lyon 2 *,FRA,Universities,2
7283,Siksha O Anusandhan University,IND,Universities,2
7283,Konya Technical University,TUR,Universities,1
7283,Universidade Federal do Delta do Parnaiba,BRA,Universities,2
7283,Scientific and Practical Materials Research Center National Academy of Sciences of Belarus,BLR,Government,1
7288,"Instituto Federal de Educacao, Ciencia e Tecnologia de Sao Paulo",BRA,Universities,1
7288,Inner Mongolia University of Technology,CHN,Universities,2
7290,Grupo Ribera Salud *,MUL,Health,3
7290,Hospital Clinico Universitario Lozano Blesa,ESP,Health,4
7290,Research Institute of Food Science and Technology,IRN,Government,1
7290,Erzincan Binali Yildirim University,TUR,Universities,2
7290,D. Mendeleev University of Chemical Technology,RUS,Universities,1
7295,Tomsk Саnсеr Rеsеаrсh Institute,RUS,Health,1
7295,Guangzhou Red Cross Hospital,CHN,Health,2
7297,Bath Spa University,GBR,Universities,4
7297,"Universidad de Las Americas, Chile",CHL,Universities,3
7299,Meshalkin National Medical Research Center,RUS,Health,1
7299,China Astronaut Research and Training Center,CHN,Non-Profit,2
7299,KLE Technological University,IND,Universities,2
7299,A Tsyb Medical Radiological Research Centre,RUS,Health,1
7303,The University of Suwon,KOR,Universities,3
7303,Christchurch Hospital,NZL,Health,2
7303,University of the Faroe Islands,FRO,Universities,1
7306,Universidade Federal do Reconcavo da Bahia,BRA,Universities,2
7306,The Szewalski Institute of Fluid-Flow Machinery Polish Academy of Sciences,POL,Government,2
7306,Aksaray University,TUR,Universities,3
7306,Synchrotron Light Research Institute,THA,Government,1
7306,National University of Water and Environmental Engineering,UKR,Universities,1
7306,Alikhanov Institute for Theoretical and Experimental Physics,RUS,Government,1
7312,Heliopolis University,EGY,Universities,2
7312,Bentley University,USA,Universities,3
7312,Hainan Medical University *,CHN,Universities,3
7312,Shaoyang University,CHN,Universities,2
7316,National Institute of Technology Silchar,IND,Universities,2
7316,Hanoi University of Industry,VNM,Universities,3
7316,"Regional Medical Research Centre, Bhubaneswar",IND,Health,1
7316,Indian Grassland and Fodder Research Institute,IND,Government,1
7316,Agri Ibrahim Cecen University,TUR,Universities,2
7316,Nanyang Institute of Technology,CHN,Universities,2
7316,Karakoram International University,PAK,Universities,2
7316,Shanghai Construction Group Co Ltd *,CHN,Government,2
7324,Universidad Autonoma de Bucaramanga,COL,Universities,2
7324,Indian Institute of Petroleum,IND,Government,1
7324,Gulf Medical University *,ARE,Universities,3
7324,Saint Mary's University,CAN,Universities,3
7328,Sanaa University,YEM,Universities,1
7329,Universite Moulay Ismail *,MAR,Universities,2
7329,Ecole de Management de Lyon,FRA,Universities,3
7329,P Hertsen Moscow Oncology Research Institute,RUS,Health,1
7332,Royal Military College of Canada,CAN,Universities,3
7332,Universidad Mayor de San Andres,BOL,Universities,1
7334,Fundacion Santa Fe de Bogota,COL,Health,2
7334,Xinxiang University,CHN,Universities,2
7334,Jiujiang University,CHN,Universities,3
7334,Okan University,TUR,Universities,2
7338,University of the Fraser Valley,CAN,Universities,3
7338,Sina Hospital,IRN,Health,1
7338,Kanagawa University,JPN,Universities,3
7341,RAK Medical and Health Sciences University,ARE,Universities,3
7342,Universidad Catolica de Avila,ESP,Universities,3
7343,University of North Georgia,USA,Universities,3
7343,University of Economics and Human Sciences in Warsaw,POL,Universities,3
7343,Complejo Hospitalario Universitario de Badajoz,ESP,Health,3
7343,University of Sarajevo,BIH,Universities,1
7343,Zewail City of Science and Technology,EGY,Universities,2
7343,Shanghai Business School,CHN,Universities,3
7349,Universidad del Tolima,COL,Universities,2
7349,Technical University in Zvolen,SVK,Universities,1
7349,Qiqihar Medical University,CHN,Universities,3
7349,National Nanotechnology Center,THA,Government,1
7349,James Cook University Singapore,SGP,Universities,4
7349,Sabaragamuwa University of Sri Lanka,LKA,Universities,1
7355,Aichi Medical University Hospital,JPN,Health,3
7355,Shanghai Aerospace Control Technology Institute,CHN,Government,1
7357,VA Nasonova Institute of Rheumatology,RUS,Health,1
7357,Changchun University of Traditional Chinese Medicine,CHN,Universities,3
7357,Quinnipiac University,USA,Universities,3
7357,Pontificia Universidade Catolica de Minas Gerais,BRA,Universities,2
7361,Universidade Federal do Triangulo Mineiro,BRA,Universities,3
7361,Govind Ballabh Pant University of Agriculture and Technology,IND,Universities,2
7361,Fundacio Catalana per a la Recerca i Innovacio *,ESP,Non-Profit,2
7361,Visvesvaraya National Institute of Technology,IND,Universities,1
7361,Universitat Erfurt,DEU,Universities,3
7366,Universidad Nacional del Altiplano,PER,Universities,2
7366,William Paterson University,USA,Universities,4
7366,Debre Berhan University,ETH,Universities,1
7369,Sri Lanka Institute of Information Technology,LKA,Universities,1
7369,Affiliated Changzhou Second People's Hospital,CHN,Health,2
7369,Hochschule Osnabruck,DEU,Universities,3
7369,Harbin Normal University,CHN,Universities,2
7369,Belarusian State Medical University,BLR,Universities,1
7374,Universidad Central de Chile,CHL,Universities,2
7374,Jan Dlugosz University,POL,Universities,2
7374,Osaka City General Hospital,JPN,Health,3
7374,Putian University *,CHN,Universities,3
7378,Bowdoin College,USA,Universities,3
7378,National Institute of Technology Calicut,IND,Universities,1
7378,Kokura Memorial Hospital,JPN,Health,3
7381,Hospital Civil de Guadalajara,MEX,Health,2
7381,University of Rwanda,RWA,Universities,1
7381,China Electronic Product Reliability and Environmental Testing Research Institute,CHN,Government,2
7381,State Grid Gansu Electric Power Research Institute,CHN,Government,1
7381,"Royal Melbourne Institute of Technology, Viet Nam",VNM,Universities,2
7381,University of Energy and Natural Resources,GHA,Universities,1
7387,Razi Vaccine and Serum Research Institute,IRN,Health,1
7387,Dezhou University,CHN,Universities,3
7387,Gandhigram Rural Institute,IND,Universities,1
7387,Sichuan Academy of Medical Sciences and Sichuan Provincial Peoples Hospital,CHN,Health,1
7391,Jozef Pilsudski University of Physical Education in Warsaw,POL,Universities,3
7391,Institute of Agrophysics Polish Academy of Sciences,POL,Government,2
7391,"Central University of Technology, Free State",ZAF,Universities,3
7391,University of Northern British Columbia,CAN,Universities,3
7391,Second Hospital of Hebei Medical University,CHN,Health,2
7391,Kean University,USA,Universities,3
7391,Hospital Universitario San Ignacio,COL,Health,2
7398,Shaanxi Provincial People's Hospital,CHN,Health,2
7398,Tianjin Chengjian University,CHN,Universities,3
7400,Indian Institute of Soil Sciences,IND,Government,1
7400,Sam Houston State University,USA,Universities,3
7400,Institute of Atomic Physics *,ROU,Government,2
7400,Sanming University,CHN,Universities,3
7404,Hormozgan University of Medical Sciences,IRN,Universities,2
7404,"Universidad del Pacifico, Peru",PER,Universities,1
7404,Jaipuria Institute of Management,IND,Universities,2
7407,Heilongjiang Institute of Technology,CHN,Universities,3
7407,Graphic Era University,IND,Universities,2
7407,Universite du Quebec en Abitibi-Temiscamingue,CAN,Universities,4
7410,REVA University,IND,Universities,2
7410,"Universidad Santo Tomas, Colombia",COL,Universities,2
7410,Zibo Central Hospital Affiliated to Binzhou Medical University,CHN,Health,2
7410,Shivaji University,IND,Universities,1
7410,Chifeng University *,CHN,Universities,3
7410,Clinical Center University of Sarajevo,BIH,Health,1
7416,WMCHealth Network *,USA,Health,3
7416,Central Potato Research Institute,IND,Government,1
7418,Instituto de Geociencias,ESP,Government,4
7418,Tibet University,CHN,Universities,3
7418,Universidad Nacional del Centro del Peru,PER,Universities,2
7421,Punjabi University,IND,Universities,1
7422,Grupo Educacional Ceuma *,BRA,Companies,2
7422,Dhaka Medical College *,BGD,Universities,1
7422,Missouri State University,USA,Universities,3
7425,"Independent University, Bangladesh",BGD,Universities,3
7426,"King Fahad Specialist Hospital, Dammam",SAU,Health,3
7426,University of Kashan,IRN,Universities,2
7428,National Remote Sensing Centre,IND,Government,1
7428,Air Force Early Warning Academy,CHN,Universities,1
7428,Universidad Militar Nueva Granada,COL,Universities,2
7428,"Presidency University, Kolkata",IND,Universities,1
7428,Gran Sasso Science Institute,ITA,Universities,4
7428,Kazimierz Wielki University,POL,Universities,3
7428,Universidad Nacional de Trujillo,PER,Universities,2
7435,Universidad Autonoma de Zacatecas,MEX,Universities,3
7435,Universite de Yaounde I,CMR,Universities,1
7437,Beijing Computational Science Research Center,CHN,Government,2
7437,Universidad UTE,ECU,Universities,1
7437,Royal Cornwall Hospitals NHS Trust,GBR,Health,3
7437,"Moscow Aviation Institute, State University of Aerospace Technologies",RUS,Universities,1
7437,Laureate International Universities *,MUL,Universities,3
7442,Shamir Medical Center,ISR,Health,3
7442,Centre Hospitalier Universitaire Martinique,MTQ,Health,1
7442,Universidad Nacional de Salta *,ARG,Universities,3
7442,Opole University of Technology,POL,Universities,3
7442,Hubei Luojia Laboratory,CHN,Government,1
7442,Bryn Mawr College,USA,Universities,4
7448,"University of Medicine and Pharmacy, Ho Chi Minh City",VNM,Universities,1
7448,Royal College of Art,GBR,Universities,4
7448,Universidade do Oeste Paulista,BRA,Universities,2
7448,Leibniz-Institut fur Wissensmedien,DEU,Government,3
7448,Universidad Isabel I,ESP,Universities,3
7448,Motilal Nehru National Institute of Technology,IND,Universities,2
7448,"Institute of Systems Engineering, Academy of Military Sciences of PLA",CHN,Government,1
7455,"California State University, Chico",USA,Universities,3
7455,Universitas Muslim Indonesia,IDN,Universities,3
7455,Colby College,USA,Universities,3
7458,Kyiv National University of Technologies and Design,UKR,Universities,1
7458,Murray State University,USA,Universities,3
7458,Instituto de Ecologia y Biodiversidad,CHL,Government,2
7458,Centro de Investigacion en Matematicas AC,MEX,Government,3
7462,Laboratorio Nacional de Luz Sincrotron,BRA,Non-Profit,2
7462,University of Economics and Business,CZE,Universities,2
7462,Universidad Autonoma de Ciudad Juarez,MEX,Universities,2
7462,University of St. Thomas,USA,Universities,3
7466,Istituto Universitario di Studi Superiori Pavia,ITA,Universities,4
7466,Centro Universitario Christus,BRA,Universities,1
7466,Centro Federal de Educacao Tecnologica Celso Suckow da Fonseca,BRA,Universities,2
7469,Ivano-Frankivsk National Technical University of Oil and Gas,UKR,Universities,1
7469,Institut Pprime - Recherche et Ingenierie en Materiaux Mecanique et Energetique,FRA,Government,3
7469,Ministry of Higher Education and Scientific Research *,IRQ,Government,1
7469,Central University of Jharkhand,IND,Universities,2
7473,Desert Research Center,EGY,Government,2
7473,South Asian University,IND,Universities,1
7473,iThemba Laboratory for Accelerator-Based Sciences,ZAF,Government,2
7473,"Abt Global Inc, USA",USA,Companies,3
7477,Eastern Illinois University,USA,Universities,3
7478,Yozgat Bozok University *,TUR,Universities,2
7478,"BYD Co, China",CHN,Companies,2
7478,Ecole Superieure de Technologie Sale,MAR,Universities,1
7478,Universidad Nacional Agraria La Molina,PER,Universities,3
7478,Wollo University,ETH,Universities,2
7483,Universidad Autonoma Chapingo,MEX,Universities,2
7483,Institute of General and Inorganic Chemistry Bulgarian Academy of Sciences,BGR,Government,2
7483,Shri Mata Vaishno Devi University,IND,Universities,2
7483,"National Institute for Laser, Plasma and Radiation Physics",ROU,Government,1
7483,Loyola College,IND,Universities,2
7488,Wakayama University,JPN,Universities,3
7488,Stollery Children's Hospital Foundation,CAN,Health,4
7490,Shijiazhuang Tiedao University,CHN,Universities,3
7490,"Leonardo SpA, Italy",ITA,Health,3
7490,Central Institute of Medicinal and Aromatic Plants,IND,Government,1
7493,The College of Wooster,USA,Universities,3
7493,Maulana Azad National Institute of Technology,IND,Universities,1
7493,Tokyo Gakugei University,JPN,Universities,2
7496,Universidad Nacional de San Agustin,PER,Universities,1
7496,Te Whatu Ora Counties Manukau,NZL,Health,3
7496,University of Transport Technology,VNM,Universities,2
7496,Chongqing University of Arts and Sciences,CHN,Universities,2
7500,Swedish National Road and Transport Research Institute,SWE,Government,4
7500,"Hunan University of Humanities, Science and Technology",CHN,Universities,3
7502,Lehigh Valley Health Network *,USA,Health,3
7502,"Indian Institute of Management, Bangalore",IND,Universities,2
7502,Universidad Catolica Cardenal Raul Silva Henriquez,CHL,Universities,2
7505,Centro de Investigacion Cientifica y de Educacion Superior de Ensenada,MEX,Government,1
7505,Indian Institute of Soil and Water Conservation,IND,Government,1
7507,Fujian Medical University Union Hospital,CHN,Health,2
7508,Universidade Federal do Estado do Rio de Janeiro,BRA,Universities,3
7508,Montpellier Business School,FRA,Universities,3
7508,Nnamdi Azikiwe University,NGA,Universities,2
7508,Center for High Pressure Science and Technology Advanced Research,CHN,Government,3
7508,"Laboratoire de Probabilites, Statistique et Modelisation",FRA,Government,2
7508,Beijing Luhe Hospital,CHN,Health,2
7514,Tokyo Denki University,JPN,Universities,3
7514,Ordu University,TUR,Universities,2
7516,University of Burdwan,IND,Universities,2
7516,Al-Azhar University Gaza,PSE,Universities,2
7516,University Hospital of Ioannina,GRC,Health,3
7516,Hamdard University *,PAK,Universities,3
7520,Muhammad Nawaz Sharif University of Agriculture,PAK,Universities,3
7520,Fujian Jiangxia University,CHN,Universities,3
7520,Punjab Engineering College,IND,Universities,1
7520,International Collaboration on Repair Discoveries,CAN,Health,3
7520,Universite de Corse Pascal Paoli *,FRA,Universities,3
7520,Suan Sunandha Rajabhat University,THA,Universities,2
7520,Research Centre for Medical Genetics,RUS,Health,1
7520,Universidad Catolica de la Santisima Concepcion,CHL,Universities,3
7528,Children's Hospital Affiliated to Nanjing Medical University,CHN,Health,2
7528,Tishreen University,SYR,Universities,1
7528,National Defence University of Malaysia,MYS,Universities,3
7531,Nitte University,IND,Universities,1
7531,"Instituto Universitario de Ciencias Psicologicas, Sociais e da Vida",PRT,Universities,2
7531,Gautam Buddha University,IND,Universities,1
7531,Centre de Biotechnologie de Sfax,TUN,Government,1
7531,Samara University,RUS,Universities,1
7531,Huadong Hospital,CHN,Health,2
7537,Integral University,IND,Universities,2
7537,MSH Medical School Hamburg,DEU,Universities,4
7537,"Universidade La Salle, Brazil",BRA,Universities,2
7537,Giresun University,TUR,Universities,2
7541,Elon University,USA,Universities,2
7541,Anhui Jianzhu University,CHN,Universities,2
7541,Guangdong Provincial Laboratory of Advanced Energy Science and Technology *,CHN,Government,2
7541,National Institute of Oceanography and Fisheries,EGY,Government,1
7545,"Moroccan Foundation for Advanced Science, Innovation and Research *",MAR,Non-Profit,1
7545,Guilin University of Aerospace Technology,CHN,Universities,2
7545,INTI International University & Colleges,MYS,Universities,3
7545,Katholische Universitat Eichstatt-Ingolstadt,DEU,Universities,3
7549,Damascus University,SYR,Universities,1
7549,Federal University of Technology Akure,NGA,Universities,2
7549,State Grid Shandong Electric Power Research Institute,CHN,Government,2
7549,International Research Center of Big Data for Sustainable Development Goals,CHN,Government,1
7549,National Taipei University of Education,TWN,Universities,4
7554,Sardar Vallabhbhai National Institute of Technology,IND,Universities,2
7554,Dr Babasaheb Ambedkar Marathwada University,IND,Universities,2
7554,Seth Gordhandas Sunderdas Medical College and King Edward Memorial Hospital,IND,Health,1
7554,Instituto de Ensino e Pesquisa,BRA,Universities,2
7554,Kuwait Institute for Scientific Research *,KWT,Government,1
7554,"University of Food Technologies, Plovdiv",BGR,Universities,1
7554,Malikussaleh University,IDN,Universities,4
7561,Karunya Institute of Technology and Sciences,IND,Universities,2
7562,Pandit Deendayal Energy University,IND,Universities,2
7562,Universidad Autonoma de Chiapas *,MEX,Universities,2
7562,Universitat Luzern,CHE,Universities,4
7562,Universidad Arturo Prat *,CHL,Universities,3
7566,Ningbo University of Technology,CHN,Universities,3
7566,Amran University,YEM,Universities,1
7566,Rajamangala University of Technology Isan,THA,Universities,3
7566,Shanghai Clinical Research and Trial Center,CHN,Health,2
7570,Ivan Franko National University of Lviv,UKR,Universities,1
7571,University of Macedonia,GRC,Universities,2
7571,Jiangsu Teachers University of Technology,CHN,Universities,3
7571,Universidad Nacional del Comahue *,ARG,Universities,3
7574,"PDPM Indian Institute of Information Technology, Design and Manufacturing Jabalpur",IND,Universities,1
7574,Instituto Nacional de Investigacion Agropecuaria *,URY,Government,2
7576,University of Taipei,TWN,Universities,3
7576,Universidad San Jorge *,ESP,Universities,3
7578,Putuo Hospital,CHN,Health,2
7578,Bangladesh Atomic Energy Commission,BGD,Government,1
7578,University of Dubrovnik,HRV,Universities,2
7581,Ibb University,YEM,Universities,1
7581,Central Building Research Institute,IND,Government,2
7583,National Academy of Sciences of Belarus *,BLR,Government,1
7583,Gujarat University,IND,Universities,1
7585,"Sisters of Charity Hospital, Zagreb",HRV,Health,3
7585,Yueyang Hospital of Integrated Traditional Chinese and Western Medicine,CHN,Health,2
7585,"Instituto Federal de Educacao, Ciencia e Tecnologia do Parana",BRA,Universities,2
7585,Centro de Investigaciones en Optica,MEX,Government,1
7589,Jilin Jianzhu University,CHN,Universities,3
7589,Liverpool Hope University,GBR,Universities,4
7591,Colegio de Postgraduados,MEX,Universities,2
7591,Furman University,USA,Universities,3
7591,Gettysburg College,USA,Universities,4
7594,"Islamic Azad University, Urmia",IRN,Universities,1
7594,Zhoukou Normal University,CHN,Universities,3
7594,"Islamic Azad University, Marvdasht",IRN,Universities,1
7597,Libera Universita Maria Ss. Assunta,ITA,Universities,3
7597,Amherst College,USA,Universities,3
7599,Laboratoire Plasma et Conversion d'Energie,FRA,Government,3
7599,Staatliches Museum fur Naturkunde Stuttgart,DEU,Non-Profit,4
7599,Yaroslav Mudryi National Law University,UKR,Universities,1
7602,Duhok Polytechnic University,IRQ,Universities,1
7602,"Government Medical College and Hospital, Chandigarh",IND,Health,2
7602,Hochschule Karlsruhe - Technik und Wirtschaft,DEU,Universities,3
7602,Menzies School of Health Research,AUS,Universities,4
7602,FOM Hochschule fur Oekonomie und Management,DEU,Universities,3
7602,Instituto Tecnologico de Aeronautica,BRA,Universities,2
7608,Gorgan University of Agricultural Sciences and Natural Resources,IRN,Universities,1
7608,"Bayero University, Kano",NGA,Universities,1
7608,Colgate University,USA,Universities,4
7611,Sakakibara Heart Institute,JPN,Health,2
7611,Swedish Institute of Space Physics,SWE,Government,3
7611,Punjab Agricultural University,IND,Universities,2
7614,"Lagos State University, Ojo",NGA,Universities,2
7614,"Indian Institute of Science Education and Research, Thiruvananthapuram",IND,Government,2
7616,The New School,USA,Universities,3
7616,University of Presov in Presov,SVK,Universities,2
7616,Anyang Institute of Technology,CHN,Universities,3
7616,First Affiliated Hospital of Shantou University Medical College,CHN,Health,2
7616,Universitat Koblenz-Landau,DEU,Universities,4
7621,Kenyon College,USA,Universities,3
7621,Washington and Lee University,USA,Universities,4
7621,Amasya University,TUR,Universities,3
7624,Ministry of Oil *,IRQ,Government,1
7624,Japan Synchrotron Radiation Research Institute,JPN,Government,2
7624,Shanxi Datong University *,CHN,Universities,3
7624,Kazakh National Agrarian University,KAZ,Universities,1
7628,Kabul University,AFG,Universities,1
7629,Hospital Aleman,ARG,Health,2
7629,Ming Hsin University of Science and Technology,TWN,Universities,4
7629,S.N. Bose National Centre for Basic Sciences,IND,Government,2
7632,Human Sciences Research Council of South Africa,ZAF,Government,3
7632,Port Said University,EGY,Universities,3
7632,Alfred Renyi Institute of Mathematics Hungarian Academy of Sciences,HUN,Government,3
7632,Moi University,KEN,Universities,2
7632,Lanzhou City University,CHN,Universities,2
7632,Zelinsky Institute of Organic Chemistry Russian Academy of Sciences,RUS,Government,1
7632,State Grid Liaoning Electric Power Research Institute,CHN,Government,1
7639,Bogomolets National Medical University,UKR,Universities,1
7639,Centre National pour la Recherche Scientifique et Technique,MAR,Government,1
7639,Ecole Nationale Superieure de Mecanique et d'Aerotechnique *,FRA,Universities,3
7642,Space Research Institute Russian Academy of Sciences,RUS,Government,1
7643,Budker Institute of Nuclear Physics Russian Academy of Sciences,RUS,Government,1
7643,Instituto Politecnico de Setubal,PRT,Universities,2
7645,Golestan University of Medical Sciences and Health Services,IRN,Universities,1
7645,Second Affiliated Hospital of Lanzhou University,CHN,Health,2
7645,Institute of Geophysics Polish Academy of Sciences,POL,Government,3
7645,"Federal University of Agriculture, Abeokuta",NGA,Universities,2
7649,National Academy of Medical Sciences of Ukraine,UKR,Health,1
7650,Raman Research Institute,IND,Government,1
7650,Maltepe University,TUR,Universities,2
7650,Guizhou Institute of Technology,CHN,Universities,3
7650,Huanggang Normal University,CHN,Universities,3
7650,Instituto Federal Catarinense,BRA,Universities,3
7650,Yenepoya University,IND,Universities,2
7650,BP Konstantinov Petersburg Nuclear Physics Institute,RUS,Government,1
7650,Universidade Estadual do Sudoeste da Bahia,BRA,Universities,3
7658,Universidade de Santa Cruz do Sul,BRA,Universities,3
7658,Institute of Nuclear Research Hungarian Academy of Sciences,HUN,Government,3
7660,Mohan Lal Sukhadia University,IND,Universities,2
7660,Nanjing Research Institute of Electronics Technology,CHN,Government,1
7660,Universidad de Caldas,COL,Universities,2
7660,Tianjin University of Technology and Education,CHN,Universities,2
7664,Mapua University,PHL,Universities,1
7664,Faculdade de Medicina do ABC,BRA,Universities,2
7666,University of the Philippines Visayas,PHL,Universities,1
7666,Bukhara Engineering and Technology Institute,UZB,Universities,2
7668,State Grid Shaanxi Electric Power Research Institute,CHN,Government,1
7668,Qazvin University of Medical Sciences,IRN,Universities,1
7670,Hainan Tropical Ocean University,CHN,Universities,3
7670,Hunan First Normal University,CHN,Universities,3
7670,"Instituto Federal de Educacao, Ciencia e Tecnologia Goiano",BRA,Universities,3
7670,National University of Pharmacy,UKR,Universities,1
7674,Eszterhazy Karoly University of Applied Sciences,HUN,Universities,3
7674,Mizan-Tepi University,ETH,Universities,1
7674,Laboratoire Paul Painleve,FRA,Government,3
7674,Zhytomyr Ivan Franko State University,UKR,Universities,2
7674,Shanghai Electric Group *,CHN,Government,2
7679,VNU University of Economics and Business,VNM,Universities,2
7679,Faculdade de Ciencias Medicas de Minas Gerais,BRA,Universities,2
7679,Universidade de Passo Fundo,BRA,Universities,3
7682,Universidad del Magdalena,COL,Universities,2
7683,Shenyang Ligong University,CHN,Universities,3
7684,Shanghai University of Sport,CHN,Universities,2
7684,Sri Siva Subramania Nadar College of Engineering,IND,Universities,2
7684,University of Malaysia Kelantan,MYS,Universities,3
7684,Alborz University of Medical Sciences,IRN,Universities,2
7684,Pittsburg State University,USA,Universities,3
7684,Military Technical College,EGY,Universities,2
7690,Ho Chi Minh City University of Economics and Law,VNM,Universities,2
7690,"Touro University, California",USA,Universities,3
7690,Central University of Gujarat,IND,Universities,2
7690,Saint Petersburg Pasteur Institute,RUS,Health,1
7690,Faculte des Sciences Oujda,MAR,Universities,2
7695,Institute of Geology of the ASCR,CZE,Government,2
7695,Balamand University,LBN,Universities,3
7695,Universidad Catolica de Temuco,CHL,Universities,3
7695,Hospital Puerta del Mar,ESP,Health,3
7695,Kazimierz Pulaski University of Technology and Humanities in Radom,POL,Universities,3
7700,Universidad Nacional de Chimborazo,ECU,Universities,2
7700,National Institute for Fusion Science,JPN,Government,2
7700,Universidad de Cuenca,ECU,Universities,1
7703,Instituto Politecnico do Cavado e do Ave,PRT,Universities,2
7704,Institute of Dendrology Polish Academy of Sciences,POL,Government,2
7704,Institut de Mecanique des Fluides de Toulouse,FRA,Government,3
7704,Universidad Politecnica Salesiana,ECU,Universities,2
7707,Phramongkutklao College of Medicine,THA,Universities,2
7708,Fundacao Universidade Regional de Blumenau,BRA,Universities,3
7708,Bangabandhu Sheikh Mujib Medical University,BGD,Universities,2
7710,"University of Texas, Tyler",USA,Universities,4
7710,Ilam University of Medical Sciences,IRN,Universities,2
7712,China Railway Group Ltd,CHN,Government,3
7712,Universidade Federal de Rondonia,BRA,Universities,3
7712,Pontificia Universidade Catolica de Goias,BRA,Universities,3
7715,Jaypee University of Information Technology,IND,Universities,1
7715,"Indian Institute of Engineering Science and Technology, Shibpur",IND,Universities,1
7717,Liaoning Normal University,CHN,Universities,2
7717,Woosong University,KOR,Universities,3
7717,Institute of Zhejiang University-Quzhou,CHN,Government,2
7720,Western Kentucky University,USA,Universities,3
7720,First Hospital of Shanxi Medical University,CHN,Health,2
7722,KEDGE Business School,FRA,Universities,3
7722,Bilecik Seyh Edebali University,TUR,Universities,2
7724,Lithuanian Academy of Sciences *,LTU,Government,3
7724,Guru Ghasidas Vishwavidyalaya,IND,Universities,2
7724,Affiliated Hospital of Chengdu University,CHN,Health,2
7724,Khust University,PAK,Universities,1
7724,Vignan University,IND,Universities,2
7729,"University of Wisconsin, Eau Claire",USA,Universities,4
7729,"IE Universidad, Madrid",ESP,Universities,3
7729,Xinjiang Astronomical Observatory,CHN,Government,2
7729,Institute of Ecology and Botany Hungarian Academy of Sciences,HUN,Government,1
7733,Latvia University of Life Sciences and Technologies,LVA,Universities,2
7733,University of Mohaghegh Ardabili,IRN,Universities,2
7733,Hubei Normal University,CHN,Universities,3
7733,Saurashtra University,IND,Universities,1
7737,Faculte des Sciences Ain Chock,MAR,Universities,1
7737,Universidad Juarez Autonoma de Tabasco,MEX,Universities,3
7737,Institute of Science and Innovation in Mechanical and Industrial Engineering,PRT,Non-Profit,3
7737,Indira Gandhi Medical College,IND,Universities,1
7741,Harbin University of Commerce,CHN,Universities,3
7741,Maharaja Agrasen Institute of Technology,IND,Universities,2
7741,Tunku Abdul Rahman University of Management & Technology,MYS,Universities,2
7744,Universidad del Quindio,COL,Universities,2
7744,Linyi University,CHN,Universities,3
7744,Tishk International University,IRQ,Universities,1
7747,Maseno University,KEN,Universities,2
7747,Universidad Alberto Hurtado,CHL,Universities,2
7747,Instituto de Investigaciones en Ciencia y Tecnologia de Materiales,ARG,Government,1
7747,Veer Surendra Sai University of Technology,IND,Universities,2
7747,National Botanical Research Institute,IND,Government,2
7752,Mardin Artuklu University,TUR,Universities,2
7752,"Instituto Federal de Educacao, Ciencia e Tecnologia do Rio de Janeiro",BRA,Universities,2
7752,Igdir University,TUR,Universities,2
7752,Ser Educacional SA *,BRA,Companies,2
7756,Gokaraju Rangaraju Institute of Engineering & Technology,IND,Universities,1
7756,University of International Business and Economics,CHN,Universities,1
7756,Belgorod State University,RUS,Universities,1
7756,Tamil Nadu Veterinary and Animal Sciences University,IND,Universities,2
7760,Gazprom Group *,MUL,Companies,4
7760,DIT University,IND,Universities,2
7762,University of Sindh,PAK,Universities,2
7762,Diyala University,IRQ,Universities,1
7762,Addis Ababa Science and Technology University,ETH,Universities,1
7762,Universite Oran 1 Ahmed Ben Bella *,DZA,Universities,1
7762,University of Zululand,ZAF,Universities,3
7767,University of Northern Iowa,USA,Universities,3
7767,Uzbekistan Academy of Sciences *,UZB,Government,1
7767,Universidade do Estado de Mato Grosso,BRA,Universities,2
7767,Western Illinois University,USA,Universities,4
7767,Farabi Hospital,IRN,Health,1
7767,Bu-Ali Sina University,IRN,Universities,2
7773,Kyungnam University,KOR,Universities,3
7773,Instituto Milenio de Fisica Subatamica en la Frontera de Altas Energias,CHL,Government,1
7773,Ziauddin Medical University,PAK,Universities,2
7773,Instituto Politecnico de Santarem,PRT,Universities,3
7773,Tianjin University of Commerce China,CHN,Universities,3
7773,Silesian University in Opava,CZE,Universities,3
7779,Centro Studi e Ricerche Enrico Fermi,ITA,Government,3
7779,China Ship Development and Design Center,CHN,Government,2
7779,Jinnah Sindh Medical University,PAK,Universities,3
7779,Technical University of Civil Engineering of Bucharest,ROU,Universities,2
7779,Patan Academy of Health Sciences *,NPL,Universities,3
7779,Jiangxi Academy Sciences,CHN,Government,2
7779,Weichai Power Co Ltd,CHN,Companies,2
7779,Inner Mongolia University of Science and Technology,CHN,Universities,3
7787,Hopital Psychiatrique de la Croix,LBN,Health,1
7787,Jiangsu Integrated Chinese and Western Medicine Hospital Affiliated to Nanjing University of Chinese,CHN,Health,2
7787,University of Science and Culture,IRN,Universities,2
7790,Indian Institute of Wheat and Barley Research,IND,Government,1
7790,Universidad de Lima,PER,Universities,2
7790,State Power Investment Corp *,CHN,Government,2
7790,Catholic University in Ruzomberok,SVK,Universities,3
7794,Al Akhawayn University,MAR,Universities,1
7794,Ashoka University,IND,Universities,2
7794,Suffolk University *,USA,Universities,3
7794,NED University of Engineering and Technology,PAK,Universities,2
7794,Charotar University of Science and Technology,IND,Universities,2
7799,China General Nuclear Power Corp *,CHN,Government,2
7799,Sulaimani Polytechnic University,IRQ,Universities,1
7799,Universidad Autonoma Agraria Antonio Narro,MEX,Universities,2
7802,University of Shiga Prefecture,JPN,Universities,3
7802,Universidad Privada San Juan Bautista,PER,Universities,2
7802,Mizoram University,IND,Universities,2
7805,"IE Universidad, Segovia *",ESP,Universities,3
7806,Kazan National Research Technological University,RUS,Universities,1
7806,Mudanjiang Medical University *,CHN,Universities,3
7806,Institut National de la Recherche Agronomique,MAR,Government,1
7806,Afe Babalola University,NGA,Universities,1
7810,University of Benin,NGA,Universities,2
7810,Saken Seifullin Kazakh Agrotechnical University,KAZ,Universities,1
7810,Universidad Libre,COL,Universities,2
7810,Thiagarajar College of Engineering,IND,Universities,1
7814,"Nanjing Institute of Geology and Palaeontology, Chinese Academy of Sciences",CHN,Government,1
7814,"Federal Urdu University of Arts, Science and Technology",PAK,Universities,3
7814,Institute of Mathematics and Informatics Bulgarian Academy of Sciences,BGR,Government,2
7817,Philadelphia College of Osteopathic Medicine,USA,Universities,4
7817,"Universidad Simon Bolivar, Caracas",VEN,Universities,2
7819,Ternopil Ivan Puluj National Technical University,UKR,Universities,1
7819,"Purple Mountain Observatory, Chinese Academy of Sciences",CHN,Government,1
7819,Avinashilingam University for Women,IND,Universities,2
7819,University of Azad Jammu and Kashmir,PAK,Universities,3
7819,Southern Connecticut State University,USA,Universities,4
7824,Technical University of Sofia,BGR,Universities,1
7824,Fukushima University,JPN,Universities,3
7826,Variable Energy Cyclotron Centre,IND,Government,1
7827,Wolaita Sodo University,ETH,Universities,2
7827,Widener University,USA,Universities,4
7827,Universidade de Ribeirao Preto,BRA,Universities,3
7830,Techno India College of Technology,IND,Universities,1
7830,Assam Agricultural University,IND,Universities,2
7830,University of Plovdiv Paisii Hilendarski,BGR,Universities,2
7833,National Institute of Technology Hamirpur,IND,Universities,1
7833,Universidad Finis Terrae,CHL,Universities,3
7833,École Supérieure des Sciences commerciales dAngers,FRA,Universities,3
7833,Visvesvaraya Technological University,IND,Universities,1
7833,Saha Institute of Nuclear Physics,IND,Government,1
7838,Instituto Tecnologico Vale,BRA,Non-Profit,2
7838,Gomal University,PAK,Universities,3
7840,Universidad Bernardo O'Higgins,CHL,Universities,2
7840,Institute of High Energy Physics named after AA Logunov,RUS,Government,1
7840,Texas A&M International University,USA,Universities,3
7840,Universidad Privada Antenor Orrego,PER,Universities,2
7840,Instituto de Investigacion Sanitaria Bioaraba,ESP,Health,3
7845,"Instituto Federal de Educacao, Ciencia e Tecnologia de Piaui",BRA,Universities,2
7845,University of Suffolk,GBR,Universities,4
7845,Trnava University in Trnava,SVK,Universities,2
7848,Universidad CES *,COL,Universities,3
7848,Seattle Pacific University,USA,Universities,3
7848,The Third Affiliated Hospital of Xinxiang Medical University,CHN,Health,3
7848,Zhaoqing University,CHN,Universities,2
7852,Kampala International University,UGA,Universities,2
7852,Aurel Vlaicu University of Arad,ROU,Universities,1
7852,Institut d'Economie Scientifique et de Gestion *,FRA,Universities,3
7852,Second Hospital of Shanxi Medical University,CHN,Health,2
7856,Kemerovo State University,RUS,Universities,1
7857,Research Center of Neurology,RUS,Health,1
7858,Botswana International University of Science and Technology,BWA,Universities,1
7859,National Biodiversity Future Center,ITA,Government,2
7859,Debre Markos University,ETH,Universities,2
7859,University of Kitakyushu,JPN,Universities,4
7862,Universite Ferhat Abbas de Setif,DZA,Universities,1
7862,Central Leather Research Institute,IND,Government,1
7862,Universidad Nacional Amazonica de Madre de Dios,PER,Universities,1
7865,First Affiliated Wuxi People's Hospital,CHN,Health,2
7865,National Authority for Remote Sensing and Space Sciences,EGY,Government,2
7865,Texas Woman's University,USA,Universities,3
7865,Universidade do Estado da Bahia,BRA,Universities,3
7869,VID Specialized University,NOR,Universities,4
7869,Carmel Medical Center,ISR,Health,2
7869,Universidade do Vale do Taquari,BRA,Universities,3
7872,University of Gour Banga,IND,Universities,1
7873,University of Kurdistan Hewler,IRQ,Universities,1
7873,Kuzbass State Technical University,RUS,Universities,1
7873,Chinese Peoples Public Security University,CHN,Universities,3
7873,Steadman Philippon Research Institute,USA,Government,3
7877,Anqing Normal University,CHN,Universities,3
7877,Rafsanjan University of Medical Sciences,IRN,Universities,2
7879,Children's Hospital Affiliated to Soochow University,CHN,Health,2
7879,Escola Bahiana de Medicina e Saude Publica,BRA,Universities,3
7879,Jingdezhen Ceramic University,CHN,Universities,3
7879,Middle East University,JOR,Universities,3
7883,North Minzu University,CHN,Universities,3
7883,Batterjee Medical College,SAU,Universities,3
7883,"California State University, Fresno",USA,Universities,3
7883,Laboratoire Hydrosciences Montpellier,FRA,Government,2
7883,Tokyo City University,JPN,Universities,3
7883,Kavayitri Bahinabai Chaudhari North Maharashtra University,IND,Universities,1
7889,Nahdlatul Ulama University of Surabaya,IDN,Universities,4
7889,Centre for Ecological Research,HUN,Government,2
7889,National Institute of Materials Physics,ROU,Government,1
7892,North Eastern Federal University,RUS,Universities,1
7893,Universidad de Atacama,CHL,Universities,3
7893,Poltava State Medical University,UKR,Universities,1
7893,Tallinn University,EST,Universities,2
7893,Russian Medical Academy of Continuous Professional Education,RUS,Health,1
7897,National Kaohsiung Normal University,TWN,Universities,3
7897,China Institute of Atomic Energy,CHN,Government,3
7899,Zhengzhou University of Aeronautics,CHN,Universities,3
7899,University of Al-Qadisiyah,IRQ,Universities,1
7899,Qujing Normal University,CHN,Universities,3
7899,Universidade Federal Rural do Semi-Arido,BRA,Universities,2
7899,Shenyang University of Chemical Technology,CHN,Universities,3
7899,Universita Telematica Internazionale UNINETTUNO,ITA,Universities,4
7899,Alfaisal University,SAU,Universities,1
7899,Hubei Engineering University,CHN,Universities,3
7907,Adiyaman University,TUR,Universities,3
7908,"University of Wisconsin, Green Bay",USA,Universities,3
7908,Clinical Hospital Centre Rijeka,HRV,Health,3
7910,Hamilton College,USA,Universities,3
7910,Babol Noshirvani University of Technology,IRN,Universities,2
7910,Universidad Catolica de Santiago de Guayaquil,ECU,Universities,2
7910,Jan Evangelista Purkyne University,CZE,Universities,3
7914,Lady Hardinge Medical College,IND,Health,1
7914,Universidade Estadual do Maranhao,BRA,Universities,2
7914,Palestine Technical University,PSE,Universities,2
7914,El Colegio de la Frontera Sur,MEX,Government,3
7918,Kharkiv National Medical University,UKR,Universities,2
7919,Yichun University,CHN,Universities,3
7919,Debre Tabor University,ETH,Universities,2
7919,"De la Prehistoire a l'Actuel: Culture, Environnement et Anthropologie",FRA,Government,1
7922,Periyar University,IND,Universities,2
7922,Voronezh State University of Engineering Technology,RUS,Universities,2
7922,Adama Science and Technology University,ETH,Universities,1
7922,University of Detroit Mercy,USA,Universities,3
7926,Universidad Catolica de Santa Maria,PER,Universities,3
7926,B P Koirala Institute of Health Sciences,NPL,Universities,2
7928,Mount Allison University,CAN,Universities,3
7928,Belarusian State University of Informatics and Radioelectronics,BLR,Universities,1
7930,Hospital Universitario Rey Juan Carlos,ESP,Health,3
7930,Holon Institute of Technology,ISR,Universities,3
7930,Universidad Nacional Pedro Ruiz Gallo,PER,Universities,2
7933,Jaypee University of Engineering and Technology,IND,Universities,1
7933,American Institutes for Research,USA,Government,3
7933,"Institute of Energy, Hefei Comprehensive National Science Center",CHN,Government,2
7933,Usak University,TUR,Universities,3
7933,Universite du Quebec en Outaouais,CAN,Universities,3
7933,PES University,IND,Universities,1
7933,University of Abuja *,NGA,Universities,2
7940,Istanbul Ticaret University,TUR,Universities,3
7940,Kunming University,CHN,Universities,3
7940,Saint Petersburg Institute for Informatics and Automation Russian Academy of Sciences,RUS,Government,1
7940,Kazan National Research Technical University named after AN Tupolev,RUS,Universities,1
7944,Madda Walabu University,ETH,Universities,2
7944,Indiana State University,USA,Universities,3
7944,Escuela Superior Politecnica de Chimborazo,ECU,Universities,2
7947,University of Zadar,HRV,Universities,2
7947,Universidad Tecnica de Manabi,ECU,Universities,1
7947,"Islamic Azad University, Karaj",IRN,Universities,1
7947,Mykolo Romerio Universitetas,LTU,Universities,2
7947,Semnan University,IRN,Universities,2
7947,Armed Forces Medical College,IND,Universities,1
7953,Universidade Lusofona do Porto,PRT,Universities,2
7953,Institute of Mechanics Bulgarian Academy of Sciences,BGR,Government,2
7953,National Marine Environmental Monitoring Center,CHN,Non-Profit,3
7953,Central Soil Salinity Research Institute,IND,Government,1
7953,Universidad de Los Lagos,CHL,Universities,3
7953,Mount Royal College,CAN,Universities,3
7953,Shangluo University,CHN,Universities,3
7960,Landau Institute for Theoretical Physics Russian Academy of Sciences,RUS,Government,1
7960,Universidade Estadual da Paraiba,BRA,Universities,3
7960,Yanbian University Hospital,CHN,Health,2
7960,University of Okara,PAK,Universities,2
7964,Central Taiwan University of Science and Technology,TWN,Universities,3
7964,"Shanxi Normal University, Linfen",CHN,Universities,2
7964,Universidad de Medellin,COL,Universities,3
7967,National Dairy Research Institute,IND,Government,2
7967,University of Dar es Salaam,TZA,Universities,1
7969,"Baoshan Iron & Steel Co, Ltd",CHN,Government,2
7969,Tianjin Eye Hospital,CHN,Health,2
7969,Universite Bordeaux Montaigne *,FRA,Universities,3
7969,Korea Railroad Research Institute,KOR,Government,3
7973,Krasnoyarsk Science Center of the Siberian Branch of the Russian Academy of Sciences,RUS,Government,2
7973,The Maharaja Sayajirao University of Baroda,IND,Universities,2
7973,Centre for Advancing Health Outcomes,CAN,Health,2
7973,Third Affiliated Hospital of Soochow University,CHN,Health,2
7973,Nizam's Institute of Medical Sciences,IND,Universities,2
7973,Universidad de San Buenaventura,COL,Universities,2
7979,M. S. Ramaiah Institute of Technology,IND,Universities,2
7980,Institute of Cellular Biology and Pathology Nicolae Simionescu,ROU,Government,1
7981,National Laboratory for Civil Engineering,PRT,Government,3
7981,Guru Jambheshwar University of Science and Technology,IND,Universities,2
7983,Universidade Federal do Oeste da Bahia,BRA,Universities,2
7983,Yazd University,IRN,Universities,2
7983,Hunan Institute of Engineering,CHN,Universities,3
7983,Rawalpindi Medical University,PAK,Universities,2
7987,Quchan University of Technology,IRN,Universities,1
7987,Claremont Graduate University,USA,Universities,4
7987,University of Kufa,IRQ,Universities,1
7987,Wollega University,ETH,Universities,2
7987,Federal University Oye Ekiti,NGA,Universities,1
7992,"Maulana Abul Kalam Azad University of Technology, West Bengal",IND,Universities,2
7993,Institut Superieur de Gestion de Tunis,TUN,Universities,1
7993,Instituto Politecnico de Viana do Castelo,PRT,Universities,3
7993,Rennes School of Business,FRA,Universities,3
7996,Satbayev University,KAZ,Universities,2
7996,"Private Universitat fur Gesundheitswissenschaften, Medizinische Informatik und Technik",AUT,Universities,4
7996,University of Chemical Technology and Metallurgy,BGR,Universities,1
7999,Oles Honchar Dnipro National University,UKR,Universities,2
7999,National Open University of Nigeria,NGA,Universities,1
7999,"International University of Business, Agriculture and Technology",BGD,Universities,3
7999,Altai State University,RUS,Universities,1
7999,An Giang University,VNM,Universities,3
8004,Vaal University of Technology,ZAF,Universities,3
8004,Universidad Nacional de San Luis *,ARG,Universities,3
8004,Faculdade Sao Leopoldo Mandic,BRA,Universities,3
8004,Devi Ahilya University,IND,Universities,1
8004,Lawrence Technological University,USA,Universities,3
8009,Egypt-Japan University of Science and Technology,EGY,Universities,1
8009,Plekhanov Russian University of Economics,RUS,Universities,1
8009,University Centre in Svalbard,NOR,Universities,3
8009,Laboratoire Navier,FRA,Government,3
8013,Goa University,IND,Universities,2
8013,Ecole Nationale Superieure de Formation de Enseignement Agricole de Toulouse *,FRA,Universities,2
8013,G.K. Skryabin Institute of Biochemistry and Physiology of Microorganisms Russian Academy of Sciences,RUS,Government,1
8013,Ministere de l’Enseignement Superieur et de la Recherche Scientifique *,TUN,Government,1
8013,Reshetnev Siberian State University of Science and Technology,RUS,Universities,1
8013,Hengyang Normal University,CHN,Universities,3
8019,Kanagawa Institute of Technology,JPN,Universities,3
8019,College of Charleston,USA,Universities,4
8019,University of Bahrain,BHR,Universities,1
8022,Ebonyi State University,NGA,Universities,1
8022,CCTEG Shenyang Research Institute,CHN,Government,3
8022,Ithaca College,USA,Universities,4
8022,State Grid Hunan Electric Power Research Institute,CHN,Government,2
8026,Jiamusi University *,CHN,Universities,3
8026,FSBI Institute of Experimental Medicine,RUS,Health,1
8026,International Christian University,JPN,Universities,3
8029,Stavropol State Medical University,RUS,Universities,1
8029,Islamic University of Science and Technology,IND,Universities,2
8029,Rabdan Academy,ARE,Universities,3
8032,Rajarata University of Sri Lanka,LKA,Universities,1
8032,Hubei Provincial Hospital of Traditional Chinese Medicine,CHN,Health,2
8034,Forman Christian College University,PAK,Universities,2
8035,Universite 20 Aout 1955 Skikda,DZA,Universities,1
8035,Mbarara University of Science and Technology,UGA,Universities,2
8035,Ho Chi Minh City University of Industry and Trade,VNM,Universities,3
8035,Universidade Federal do Oeste do Para,BRA,Universities,3
8039,Hemwati Nandan Bahuguna Garhwal University,IND,Universities,1
8039,Galgotias University,IND,Universities,1
8041,Kirsehir Ahi Evran University *,TUR,Universities,3
8041,Guizhou Education University,CHN,Universities,3
8041,Beykent University,TUR,Universities,3
8041,University of Kerbala,IRQ,Universities,1
8045,Ionian University,GRC,Universities,3
8045,VIT-AP University,IND,Universities,2
8045,University College of Medical Sciences,IND,Universities,2
8045,International University of Sarajevo,BIH,Universities,2
8045,Fuyang Normal University,CHN,Universities,3
8050,Institute for Research in Fundamental Sciences,IRN,Government,1
8050,Chennai Institute of Technology,IND,Universities,2
8050,Institute for Medical Research and Occupational Health,HRV,Health,2
8053,Polish Geological Institute National,POL,Government,2
8053,Affiliated Hospital of Southwest Medical University,CHN,Health,2
8053,Universidade Fernando Pessoa,PRT,Universities,3
8053,Roseman University of Health Sciences,USA,Universities,3
8053,Cankiri Karatekin University,TUR,Universities,3
8058,National Institute of Clean-and-Low-Carbon Energy,CHN,Government,3
8058,Institut Catala de Paleoecologia Humana i Evolucio Social,ESP,Government,3
8060,Afyonkarahisar Health Sciences University *,TUR,Universities,3
8060,Kurukshetra University,IND,Universities,1
8062,Bukovinian State Medical University,UKR,Universities,1
8062,Hebei General Hospital,CHN,Health,2
8064,China Energy Investment Corp *,CHN,Government,3
8064,Parahyangan Catholic University,IDN,Universities,4
8064,Universidad Nacional de Misiones,ARG,Universities,3
8064,Karnatak University,IND,Universities,2
8064,University of Port Harcourt,NGA,Universities,2
8069,"Ministerio de Ciencia, Tecnologia y Medio Ambiente *",CUB,Government,1
8069,Universidade Federal de Itajuba,BRA,Universities,3
8071,Universita degli Studi di Macerata,ITA,Universities,3
8071,China Coal Research Institute,CHN,Government,3
8071,Universidade do Estado de Minas Gerais,BRA,Universities,3
8074,North-Western State Medical University,RUS,Universities,2
8074,Escola superior de Enfermagem do Porto,PRT,Universities,2
8076,Universiti Teknologi Brunei,BRN,Universities,1
8077,Istanbul Arel University,TUR,Universities,2
8078,"International Institute of Information Technology, Bhubaneswar",IND,Universities,1
8078,Kamuzu University of Health Sciences,MWI,Universities,1
8078,Universidad Nacional Federico Villarreal,PER,Universities,3
8078,Admiral Makarov National University of Shipbuilding,UKR,Universities,1
8078,Salahaddin University-Erbil,IRQ,Universities,1
8078,Siena College,USA,Universities,4
8078,University of Central Oklahoma,USA,Universities,4
8085,"Federal University of Technology, Minna",NGA,Universities,1
8085,Instituto Interuniversitario Carlos I de Fisica Teorica y Computacional,ESP,Government,3
8085,Universidad de Piura,PER,Universities,1
8085,University of Tirana,ALB,Universities,1
8085,Safdarjang Hospital,IND,Health,1
8090,International Center for Bamboo and Rattan,CHN,Non-Profit,3
8090,Avtsyn Research Institute of Human Morphology,RUS,Health,1
8090,Ho Chi Minh City University of Information Technology,VNM,Universities,1
8090,Universidad Internacional del Ecuador,ECU,Universities,2
8090,Birjand University of Medical Sciences *,IRN,Universities,2
8095,Royan Institute for Reproductive Biomedicine,IRN,Health,2
8095,Ural State University of Economics,RUS,Universities,1
8095,Universidad Nacional de Rio Negro,ARG,Universities,2
8095,Korea National University of Education,KOR,Universities,3
8099,Shenyang Jianzhu University,CHN,Universities,3
8099,Universidad Nacional de Educacion Enrique Guzman y Valle,PER,Universities,2
8099,Kyiv National University of Trade and Economics,UKR,Universities,1
8099,Physical Research Laboratory,IND,Government,1
8103,Ufa State Petroleum Technological University,RUS,Universities,1
8103,Universidad Nacional de La Pampa *,ARG,Universities,3
8103,Hotel Dieu de France University Hospital,LBN,Health,2
8106,Universidad de las Fuerzas Armadas,ECU,Universities,1
8107,Fasa University of Medical Sciences,IRN,Universities,1
8107,Sumy National Agrarian University,UKR,Universities,1
8107,National University Yuri Kondratyuk Poltava Polytechnic,UKR,Universities,2
8107,Klaipeda University,LTU,Universities,2
8111,Setsunan University,JPN,Universities,4
8111,Veermata Jijabai Technological Institute,IND,Universities,1
8113,Gansu Provincial Hospital,CHN,Health,2
8113,Ronin Institute,USA,Non-Profit,3
8113,Ufa University of Science and Technology,RUS,Universities,1
8113,University of Economics in Katowice,POL,Universities,3
8117,Kyiv National University of Construction and Architecture,UKR,Universities,2
8117,"Yellow River Engineering Consulting Co Ltd, China",CHN,Companies,3
8119,Royal Roads University,CAN,Universities,3
8119,Lishui University,CHN,Universities,3
8121,University of the District of Columbia,USA,Universities,4
8121,Xijing University,CHN,Universities,3
8123,Universidad Autonoma de Nayarit,MEX,Universities,3
8123,Bedford Institute of Oceanography,CAN,Government,3
8123,Federal University of Technology Owerri,NGA,Universities,2
8123,"State University of New York, College at Cortland",USA,Universities,4
8127,Universidad Nacional Toribio Rodriguez de Mendoza de Amazonas *,PER,Universities,2
8127,Universidad Nacional del Callao,PER,Universities,3
8129,Sacred Heart University,USA,Universities,3
8130,Thaksin University,THA,Universities,3
8130,"California State University, Stanislaus",USA,Universities,4
8130,Universidad Espiritu Santo,ECU,Universities,1
8130,North China Institute of Aerospace Engineering,CHN,Universities,3
8130,Fairfield University,USA,Universities,3
8135,Instituto Politecnico de Castelo Branco,PRT,Universities,3
8135,Institute of Particle Physics,CAN,Non-Profit,2
8135,Wolkite University,ETH,Universities,3
8135,Estacio Participacoes SA *,BRA,Companies,2
8135,Escola Superior de Enfermagem de Coimbra,PRT,Universities,3
8135,FSBI Research Institute for Complex Problems of Cardiovascular Diseases,RUS,Health,1
8141,Henan University of Urban Construction,CHN,Universities,3
8142,National Institute of Technology Durgapur,IND,Universities,2
8142,Mindanao State University - Iligan Institute of Technology,PHL,Universities,2
8142,Beijing Aerospace Automatic Control Institute,CHN,Government,1
8142,Beihua University *,CHN,Universities,2
8142,Nature Research Centre,LTU,Government,2
8142,Acharya Nagarjuna University,IND,Universities,2
8142,Imam Reza International University,IRN,Universities,1
8142,Babol University of Medical Sciences,IRN,Universities,2
8150,"National Medical Research Center for Obstetrics, Gynecology and Perinatology",RUS,Health,1
8150,AP Vinogradov Institute of Geochemistry Russian Academy of Sciences,RUS,Government,1
8152,Neoma Business School,FRA,Universities,4
8152,P N Lebedev Physics Institute Russian Academy of Sciences,RUS,Government,1
8154,Universidade Regional do Cariri,BRA,Universities,4
8154,Universidade de Santo Amaro,BRA,Universities,3
8154,Khmelnytskyi National University,UKR,Universities,2
8157,Universidad Autonoma de Aguascalientes,MEX,Universities,3
8157,Polytechnic University of the Philippines,PHL,Universities,2
8159,Hefei Comprehensive National Science Center *,CHN,Government,2
8159,Universidade da Cidade de Macau - City University of Macau,MAC,Universities,2
8161,Tafila Technical University,JOR,Universities,3
8161,Moscow State Institute of International Relations,RUS,Universities,1
8161,Sari Agricultural Sciences and Natural Resources University,IRN,Universities,1
8161,Bharath Institute of Higher Education and Research,IND,Universities,2
8161,Dr BR Ambedkar National Institute of Technology,IND,Universities,2
8161,Shahid Chamran University,IRN,Universities,2
8167,Zanjan University,IRN,Universities,2
8168,Isparta University of Applied Sciences,TUR,Universities,4
8168,Huangshan University,CHN,Universities,3
8170,Al-Nahrain University,IRQ,Universities,1
8170,Open University of Cyprus,CYP,Universities,3
8170,Mus Alparslan University,TUR,Universities,3
8170,Universite d'Antananarivo,MDG,Universities,1
8174,Guizhou Normal University,CHN,Universities,2
8174,Yijishan Hospital,CHN,Health,2
8174,Fundacion Cardioinfantil Instituto de Cardiologia,COL,Health,1
8174,Fundacion Miguel Lillo,ARG,Non-Profit,1
8174,Institut Agronomique et Veterinaire Hassan II,MAR,Universities,2
8179,Ravenshaw University,IND,Universities,2
8179,Central Marine Fisheries Research Institute,IND,Government,2
8179,Centro Cientifico Tecnologico Mar del Plata,ARG,Government,1
8179,Hitit University,TUR,Universities,4
8183,Universite de Buea,CMR,Universities,1
8183,Peter the Great Museum of Anthropology and Ethnography Kunstkamera Russian Academy of Sciences,RUS,Government,1
8183,"State University of New York, Buffalo State College",USA,Universities,4
8183,Ministry of Water Resources of China,CHN,Government,2
8183,Institution de la Recherche et de l'Enseignement Superieur Agricoles *,TUN,Government,1
8188,First Hospital of Hunan University of Chinese Medicine,CHN,Health,3
8188,Asia Pacific University of Technology and Innovation,MYS,Universities,3
8188,Woldia University,ETH,Universities,1
8188,Shenyang Normal University,CHN,Universities,2
8188,Beijing Institute of Aeronautical Materials,CHN,Government,3
8193,National Taichung University of Education,TWN,Universities,3
8193,"National Institute of Technology, Delhi",IND,Universities,2
8193,Sefako Makgatho Health Sciences University,ZAF,Universities,3
8193,Tyumen Industrial University,RUS,Universities,1
8197,Aero Engine Corporation of China,CHN,Government,3
8197,New Valley University,EGY,Universities,2
8197,Ho Chi Minh City University of Technology And Education,VNM,Universities,2
8200,Affiliated Hospital of Qinghai University,CHN,Health,3
8200,Nanjing Audit University,CHN,Universities,2
8200,Universidade Federal do Acre,BRA,Universities,2
8200,Sri Krishnadevaraya University,IND,Universities,2
8200,"Research Institute of Chemical Defense, Academy of Military Sciences of PLA",CHN,Government,2
8205,Uniao Brasileira de Educacao e Assistencia *,BRA,Non-Profit,1
8205,Azerbaijan National Academy of Sciences *,AZE,Government,1
8205,"National University of Science and Technology, Oman",OMN,Universities,2
8205,National University of Mongolia,MNG,Universities,1
8209,National Hospital Organization Nagoya Medical Center,JPN,Health,2
8209,Lithuanian Sports University,LTU,Universities,3
8211,Institute of Molecular Physics Polish Academy of Sciences,POL,Government,2
8211,Rashtrasant Tukadoji Maharaj Nagpur University,IND,Universities,2
8211,Faculte de Sciences et Techniques de Mohammedia,MAR,Universities,1
8214,Agentschap Plantentuin Meise,BEL,Government,4
8214,"Chitkara University, Himachal Pradesh",IND,Universities,2
8216,Adana Science and Technology University,TUR,Universities,2
8216,Perm State University,RUS,Universities,1
8216,Bradley University,USA,Universities,4
8216,Jiwaji University,IND,Universities,1
8216,Beijing Institute of Tracking and Telecommunications Technology,CHN,Non-Profit,2
8221,Fundacion Vasca de Innovacion e Investigacion Sanitarias,ESP,Non-Profit,3
8221,Kursk State Medical University,RUS,Universities,2
8221,Kazan State Power Engineering University,RUS,Universities,2
8221,Kharazmi University,IRN,Universities,2
8221,"University of Houston, Clear Lake",USA,Universities,3
8221,Weierstrass Institut fur Angewandte Analysis und Stochastik,DEU,Government,4
8227,Palo Alto University,USA,Universities,4
8227,Universidade Estadual de Goias,BRA,Universities,3
8227,"National University of Science and Technology, Bulawayo",ZWE,Universities,1
8227,New Bulgarian University,BGR,Universities,2
8231,University of Economics in Bratislava,SVK,Universities,3
8232,Central Electronics Engineering Research Institute,IND,Government,1
8232,King Fahd Armed Forces Hospital,SAU,Health,4
8234,National Institute of Fundamental Studies,LKA,Government,2
8234,Institut de Recherche en Sciences de la Sante,BFA,Government,1
8234,Sante Ingenierie Biologie Saint-Etienne,FRA,Government,3
8234,Frederick University,CYP,Universities,3
8234,Universidade Luterana do Brasil *,BRA,Universities,3
8239,Guiyang University,CHN,Universities,3
8239,Universite Constantine 1,DZA,Universities,1
8239,Sardar Patel University,IND,Universities,2
8239,Hyogo Prefectural Amagasaki General Medical Center,JPN,Health,4
8239,BS Abdur Rahman Crescent Institute of Science and Technology,IND,Universities,2
8244,Universidad de O'Higgins,CHL,Universities,3
8244,Minnan Normal University,CHN,Universities,2
8244,Universidad Nacional de Loja,ECU,Universities,2
8244,"Cardiology Research Institute, Tomsk National Research Medical Center of the Russian Academy of Scie",RUS,Health,1
8248,Southern Illinois University Edwardsville,USA,Universities,3
8248,Moscow Power Engineering Institute - Technical University,RUS,Universities,1
8250,China Academy of Machinery Science and Technology *,CHN,Government,3
8250,GH Raisoni College of Engineering,IND,Universities,2
8250,Chhatrapati Shahu Ji Maharaj University,IND,Universities,1
8250,Kazan Institute of Biochemistry and Biophysics Russian Academy of Sciences,RUS,Government,1
8250,Skidmore College,USA,Universities,4
8250,Emperor Alexander I St. Petersburg State Transport University,RUS,Universities,1
8256,Universite Mohammed VI des Sciences de la Sante,MAR,Universities,2
8256,Ahsanullah University of Science and Technology,BGD,Universities,3
8258,Dalian Neusoft University of Information,CHN,Universities,2
8258,Institute of Catalysis and Surface Chemistry Polish Academy of Sciences,POL,Government,1
8258,OP Jindal Global University,IND,Universities,1
8258,Hunan City University,CHN,Universities,3
8262,Dalian Jiaotong University,CHN,Universities,2
8262,"Institute of Management Technology, Ghaziabad",IND,Universities,2
8262,Universitatea Petrol-Gaze din Ploiesti,ROU,Universities,3
8262,Instituto Politecnico de Tomar,PRT,Universities,3
8266,University of Hartford,USA,Universities,4
8267,Inner Mongolia University for Nationalities *,CHN,Universities,3
8267,Universite Internationale de Rabat,MAR,Universities,1
8267,Central Inland Fisheries Research Institute,IND,Government,2
8267,V.I. Vernadsky Crimean Federal University,UKR,Universities,1
8271,Sudan University for Science and Technology,SDN,Universities,1
8272,YUYUAN Technology Group *,CHN,Government,3
8272,West Ukrainian National University,UKR,Universities,1
8272,Kanagawa Cancer Center,JPN,Health,1
8275,Lithuanian Energy Institute,LTU,Government,2
8275,Toulouse School of Economics,FRA,Universities,3
8275,TED University,TUR,Universities,2
8275,University of Indianapolis,USA,Universities,4
8279,Drake University,USA,Universities,4
8279,Nanchang Institute of Technology,CHN,Universities,3
8279,Central Connecticut State University,USA,Universities,4
8282,Anand Agricultural University,IND,Universities,2
8282,Southwest Institute of Nuclear Physics and Chemistry,CHN,Government,2
8282,Odessa National Medical University,UKR,Universities,2
8282,Shandong Institute of Advanced Technology,CHN,Government,3
8282,L'IPAG Business School,FRA,Universities,3
8282,Jilin Agricultural Science and Technology University,CHN,Universities,3
8282,Payame Noor University,IRN,Universities,1
8289,University of Buckingham,GBR,Universities,4
8290,Universidade Feevale,BRA,Universities,3
8290,"Baker Hughes, Italy",ITA,Companies,3
8290,Stephen F Austin State University,USA,Universities,3
8290,Korea Research Institute of Ships and Ocean Engineering,KOR,Non-Profit,4
8290,Middle Technical University,IRQ,Universities,1
8295,Sri Venkateswara University,IND,Universities,3
8295,Stetson University,USA,Universities,4
8295,National Physical Laboratory India,IND,Government,2
8298,Universite de Dschang,CMR,Universities,1
8298,Madanapalle Institute of Technology and Science,IND,Universities,1
8298,Admiral Makarov State University of Maritime and Inland Shipping,RUS,Universities,2
8298,Sinop University,TUR,Universities,4
8298,Ecole Nationale Superieure d'Informatique,DZA,Universities,1
8298,National University Kiev-Mohyla Academy,UKR,Universities,1
8298,Hindustan Institute of Technology and Science,IND,Universities,2
8298,"University of Agricultural Sciences, Bangalore",IND,Universities,2
8306,Central University of Tamil Nadu,IND,Universities,2
8306,University of San Carlos,PHL,Universities,3
8306,The Affiliated Hospital of Nanjing University of Chinese Medicine,CHN,Health,2
8306,Banasthali University,IND,Universities,2
8310,Coastal Carolina University,USA,Universities,3
8310,University of Balochistan,PAK,Universities,3
8310,Universidade Estadual de Mato Grosso do Sul,BRA,Universities,4
8313,Batman University,TUR,Universities,3
8313,Vancouver Island University,CAN,Universities,3
8313,"University of Education, Winneba",GHA,Universities,2
8313,Universidade Estadual do Piaui,BRA,Universities,3
8317,V.N. Karazin Kharkiv National University,UKR,Universities,2
8317,Beijing Foreign Studies University,CHN,Universities,1
8319,Netherlands Institute for the Study of Crime and Law Enforcement,NLD,Government,2
8320,Changjiang River Scientific Research Institute,CHN,Non-Profit,3
8320,Universidad de La Habana,CUB,Universities,1
8320,Kuban State University,RUS,Universities,1
8323,"Indian Institute of Management, Kashipur",IND,Universities,2
8323,North-Caucasus Federal University,RUS,Universities,1
8323,General Hospital of Northern Theater Command,CHN,Health,2
8326,University of Central Missouri,USA,Universities,3
8326,Tianjin Third Central Hospital,CHN,Health,3
8328,Nipissing University,CAN,Universities,3
8328,Fundacion Universitaria de Ciencias de la Salud,COL,Universities,4
8328,Yantai Affiliated Hospital of Binzhou Medical University,CHN,Health,3
8331,Dr Hari Singh Gour Vishwavidyalaya,IND,Universities,1
8331,Uzhhorod National University,UKR,Universities,1
8331,Mindanao State University - Marawi *,PHL,Universities,2
8331,Universidad del Sinu Elias Bechara Zainum,COL,Universities,3
8335,"Management Development Institute, Gurgaon",IND,Universities,2
8335,Institute of Information and Communication Technologies Bulgarian Academy of Sciences,BGR,Government,1
8335,Centro Nacional de Investigacion Sobre la Evolucion Humana,ESP,Government,4
8335,University of Aleppo,SYR,Universities,1
8335,Sher-e-Kashmir University of Agricultural Sciences and Technology-Jammu,IND,Universities,2
8335,"Instituto Federal de Educacao, Ciencia e Tecnologia da Paraiba",BRA,Universities,3
8341,Paris School of Business,FRA,Universities,3
8341,Azerbaijan State University of Economics,AZE,Universities,1
8343,Moscow Polytechnic University,RUS,Universities,2
8343,Lorestan University,IRN,Universities,2
8345,University of Chichester,GBR,Universities,4
8345,Fooyin University,TWN,Universities,4
8347,Instituto de Pesquisas Energeticas e Nucleares,BRA,Government,2
8347,First Affiliated Hospital of Huzhou University,CHN,Health,2
8347,Hospital Universitario Central de Asturias,ESP,Health,3
8350,Instituto Politecnico de Beja,PRT,Universities,3
8350,Yerevan State University,ARM,Universities,1
8350,Central Washington University,USA,Universities,4
8350,"Siemens Healthineers, China",CHN,Companies,3
8354,Institute of Experimental Physics of the Slovak Academy of Sciences,SVK,Government,2
8354,Departamento de Ciencia e Tecnologia Aeroespacial,BRA,Government,1
8354,Ankara Haci Bayram Veli University,TUR,Universities,2
8357,Ogaki Municipal Hospital,JPN,Health,4
8358,Iranian Research Organization for Science & Technology,IRN,Government,1
8358,Shanghai Municipal Engineering Design Institute Group Co Ltd,CHN,Government,2
8358,First Affiliated Hospital of Henan University of Traditional Chinese Medicine,CHN,Health,3
8361,Institute of Solar-Terrestrial Physics Russian Academy of Sciences,RUS,Government,1
8361,Yasuj University of Medical Sciences,IRN,Universities,2
8361,University of Guilan,IRN,Universities,2
8361,Institute of Macromolecular Compounds Russian Academy of Sciences,RUS,Government,1
8361,Guizhou University of Finance and Economics,CHN,Universities,1
8361,Beijing Sport University,CHN,Universities,2
8367,National Taipei University of Business,TWN,Universities,4
8367,Herzen State Pedagogical University of Russia,RUS,Universities,1
8367,Clinical Hospital Merkur,HRV,Health,3
8367,Jahrom University of Medical Sciences,IRN,Universities,1
8367,"Islamic Azad University, Lahijan",IRN,Universities,1
8367,Universite des Sciences et de la Technologie Houari Boumediene,DZA,Universities,1
8373,Arish University,EGY,Universities,3
8373,Voronezh State Technical University,RUS,Universities,1
8375,"Instituto Federal de Educacao, Ciencia e Tecnologia do Para",BRA,Universities,3
8375,Louis Pasteur University Hospital,SVK,Health,2
8377,Fourth Hospital of China Medical University,CHN,Health,2
8377,SR University,IND,Universities,1
8377,Egerton University,KEN,Universities,3
8377,Sambalpur University,IND,Universities,3
8381,Vel Tech University,IND,Universities,2
8381,Niigata University of Health and Welfare,JPN,Universities,3
8381,Universidade do Vale do Itajai,BRA,Universities,3
8384,Himachal Pradesh University,IND,Universities,1
8384,Ministry of Earth Sciences *,IND,Government,2
8384,University of Aden,YEM,Universities,1
8387,Naval University of Engineering,CHN,Universities,2
8387,Metropolitan State University,USA,Universities,4
8387,Kuvempu University,IND,Universities,2
8390,Universite des Sciences et de la Technologie d'Oran-Mohamed Boudiaf,DZA,Universities,1
8391,Ekiti State University,NGA,Universities,2
8391,Osun State University,NGA,Universities,2
8393,Lala Lajpat Rai University of Veterinary and Animal Sciences,IND,Universities,2
8393,Mongolian Academy of Sciences,MNG,Government,2
8393,Seattle University,USA,Universities,3
8393,Midlands State University,ZWE,Universities,2
8393,Thamar University,YEM,Universities,2
8393,Universite 8 mai 1945 Guelma,DZA,Universities,1
8399,Universidade Federal de Roraima,BRA,Universities,2
8399,Austin Peay State University,USA,Universities,3
8399,National Metal and Materials Technology Center,THA,Government,2
8399,"Tata Steel Ltd, India",IND,Companies,1
8403,Neapolis University Pafos,CYP,Universities,3
8403,Kerala Agricultural University,IND,Universities,2
8403,National Institute of Development Administration,THA,Universities,3
8403,Shahid Rajaee Teacher Training University,IRN,Universities,2
8407,Samara State Medical University,RUS,Universities,1
8407,"National Institute of Technology, Meghalaya",IND,Universities,1
8407,Huanghuai University,CHN,Universities,3
8407,Universidad Tecnica de Ambato,ECU,Universities,2
8411,Institute of Mathematics Simion Stoilow of Romanian Academy,ROU,Government,3
8411,Moscow City University,RUS,Universities,1
8411,Shanghai Songjiang District Central Hospital,CHN,Health,2
8414,Fatima Jinnah Women University,PAK,Universities,2
8414,BV Petrovsky Russian Research Centre of Surgery *,RUS,Health,2
8414,Bayburt University,TUR,Universities,2
8414,Indira Gandhi Delhi Technical University for Women,IND,Universities,1
8418,National University of Food Technologies,UKR,Universities,2
8418,University of Tampa,USA,Universities,3
8420,Universidad Tecnica del Norte,ECU,Universities,2
8420,Ilam University,IRN,Universities,2
8422,Lomonosov State Academy of Fine Chemical Technology,RUS,Universities,1
8422,Mount Saint Vincent University,CAN,Universities,4
8424,Universidade Catolica de Pelotas,BRA,Universities,2
8424,Ioffe Institute Russian Academy of Sciences,RUS,Government,2
8424,Moscow State University of Medicine and Dentistry,RUS,Universities,1
8427,Butler University,USA,Universities,4
8427,Binzhou Medical University Hospital,CHN,Health,2
8427,Fairleigh Dickinson University,USA,Universities,3
8427,Wachemo University,ETH,Universities,2
8431,Molde University College,NOR,Universities,4
8431,Universidad de Guayaquil,ECU,Universities,1
8433,Institute of Vertebrate Biology of the ASCR,CZE,Government,2
8433,Europa-Universitat Viadrina Frankfurt,DEU,Universities,4
8433,Universite Abdelmalek Essaadi *,MAR,Universities,2
8433,Yunnan University of Finance and Economics,CHN,Universities,2
8433,"National Pirogov Memorial Medical University, Vinnytsya",UKR,Universities,2
8438,Institute of Chemical Kinetics and Combustion Russian Academy of Sciences,RUS,Government,1
8438,Guru Angad Dev Veterinary and Animal Sciences University,IND,Universities,2
8438,Hadhramout University,YEM,Universities,2
8438,Ivane Javakhishvili Tbilisi State University,GEO,Universities,1
8442,University of Benghazi,LBY,Universities,1
8442,Universidad de Magallanes,CHL,Universities,4
8444,Shahrood University of Technology,IRN,Universities,2
8444,Loyola University Maryland,USA,Universities,3
8444,Shahid Bahonar University of Kerman,IRN,Universities,2
8447,Ajloun National University,JOR,Universities,2
8447,Astrakhan State Medical University,RUS,Universities,2
8447,"Islamic Azad University, Arak Branch",IRN,Universities,1
8447,"National Institute of Technology, Puducherry",IND,Universities,2
8451,National Institute for Standards,EGY,Government,2
8451,Institute of Thermophysics Siberian Branch of the Russian Academy of Science,RUS,Government,1
8451,Koya University,IRQ,Universities,1
8454,Oklahoma State University Medical Center *,USA,Health,3
8454,University of Jos,NGA,Universities,3
8456,Universidad Tecnologica de Panama,PAN,Universities,2
8456,Univerzita Mateja Bela v Banskej Bystrici,SVK,Universities,2
8456,National School of Political Science and Public Administration,ROU,Universities,3
8456,Madan Mohan Malaviya University Of Technology,IND,Universities,2
8460,Excelia Business School,FRA,Universities,4
8461,Universidad de Vina del Mar,CHL,Universities,3
8461,Arsi University,ETH,Universities,3
8463,Pandit Bhagwat Dayal Sharma Post Graduate Institute of Medical Sciences,IND,Universities,1
8463,Instituto de Ecologia AC,MEX,Government,2
8463,Hellenic Open University,GRC,Universities,2
8463,Third Affiliated Hospital of Zhengzhou University,CHN,Health,2
8467,Indiana University of Pennsylvania,USA,Universities,3
8467,University of Uyo,NGA,Universities,1
8467,Huaihua University,CHN,Universities,3
8467,Lesya Ukrainka Eastern European National University,UKR,Universities,1
8471,Liaquat National Hospital,PAK,Health,3
8472,University of Pitesti,ROU,Universities,2
8472,Hang Tuah University,IDN,Universities,4
8474,Dayalbagh Educational Institute,IND,Universities,2
8474,Universidad de Manizales,COL,Universities,3
8474,"University of Prishtina, Prishtina",XKX,Universities,1
8474,St. Petersburg State Electrotechnical University,RUS,Universities,1
8478,Ashkelon Academic College,ISR,Universities,3
8478,"Institut d'Investigacio en Atencio Primaria Jordi Gol, Barcelona",ESP,Health,2
8478,A. V. Rzhanov Institute of Semiconductor Physics Russian Academy of Sciences,RUS,Government,1
8481,Northern Arctic Federal University,RUS,Universities,2
8481,University of Dodoma,TZA,Universities,2
8481,Gumushane University,TUR,Universities,4
8481,"Vietnam National University System, Ho Chi Minh City *",MUL,Universities,3
8485,West Chester University of Pennsylvania,USA,Universities,3
8486,Federal State Unitary Enterprise Dukhov Automatics Research Institute,RUS,Government,1
8486,Changjiang Survey Planning Design and Research Co Ltd,CHN,Government,2
8488,Sirius University of Science and Technology,RUS,Universities,1
8488,Jilin University of Finance and Economics,CHN,Universities,3
8488,"Universidad Santo Tomas, Chile",CHL,Universities,3
8491,Kwara State University,NGA,Universities,2
8491,Pakistan Council of Scientific and Industrial Research,PAK,Government,2
8493,Universidad Popular Autonoma del Estado de Puebla,MEX,Universities,3
8494,Institute of Spectroscopy Russian Academy of Sciences,RUS,Government,1
8494,Voronezh State University,RUS,Universities,1
8496,Universidad de San Andres,ARG,Universities,4
8496,China Electronics Technology Group Corp No 22 Research Institute,CHN,Government,2
8496,Immanuel Kant Baltic Federal University,RUS,Universities,2
8496,University of Wisconsin - LaCrosse,USA,Universities,3
8500,Kazan State Medical University,RUS,Universities,2
8500,Privolzhsky Research Medical University,RUS,Universities,2
8500,Yalova University,TUR,Universities,2
8500,Shanghai Institute of Space Power Source,CHN,Government,2
8500,Panzhihua University *,CHN,Universities,3
8500,Zunyi Normal University,CHN,Universities,3
8506,Universite de Bejaia,DZA,Universities,1
8506,"Shenyang Institute of Computing Technology Co Ltd, Chinese Academy of Sciences",CHN,Government,3
8506,American College of Greece *,GRC,Universities,2
8506,Catholic University of Health and Allied Sciences-Bugando,TZA,Universities,2
8506,Bnai Zion Medical Center,ISR,Health,3
8506,University of Gezira *,SDN,Universities,1
8506,JC Bose University of Science and Technology YMCA,IND,Universities,1
8506,"Islamic Azad University, Ahvaz Branch",IRN,Universities,1
8514,Volgograd State Medical University,RUS,Universities,1
8514,University of St Cyril and Methodius in Trnava,SVK,Universities,3
8514,Longdong University,CHN,Universities,3
8514,Third Affiliated Hospital of Wenzhou Medical University,CHN,Health,2
8514,Cotton University,IND,Universities,2
8519,Agencia Paulista de Tecnologia dos Agronegocios *,BRA,Government,2
8520,Faculte des Sciences d’El Jadida,MAR,Universities,2
8520,University of Portland,USA,Universities,4
8520,"Instituto Federal de Educacao, Ciencia e Tecnologia de Minas Gerais",BRA,Universities,2
8520,China University of Political Science and Law,CHN,Universities,1
8524,Egyptian Russian University,EGY,Universities,3
8524,"National Institute of Technology, Srinagar",IND,Universities,2
8524,Liaoning University of Technology,CHN,Universities,3
8527,Limnological Institute Russian Academy of Sciences,RUS,Government,1
8527,Razi University,IRN,Universities,2
8527,Instituto Balseiro,ARG,Universities,3
8530,Space Applications Centre,IND,Government,2
8530,Aliah University,IND,Universities,2
8532,Mater Dei Hospital,MLT,Health,3
8533,Moscow State Technological University Stankin,RUS,Universities,1
8534,Centro de Investigacion y Docencia Economicas,MEX,Government,3
8534,"Shanghai Institute of Mechanical & Electrical Engineering Co, Ltd",CHN,Government,2
8534,Beijing University of Civil Engineering & Architecture,CHN,Universities,3
8534,Institut National des Sciences Appliquees et de Technologie,TUN,Universities,1
8538,Virginia Military Institute,USA,Universities,4
8538,Universidad de Investigacion de Tecnologia Experimental Yachay,ECU,Universities,1
8540,Animal Production Research Institute,EGY,Government,2
8540,Adelphi University,USA,Universities,3
8542,Luoyang Ship Material Research Institute,CHN,Government,2
8542,Shiraz University of Technology,IRN,Universities,2
8542,Ivannikov Institute for System Programming of the Russian Academy of Sciences,RUS,Government,1
8545,Kessler Foundation,USA,Health,3
8545,Western Carolina University,USA,Universities,3
8547,Panteion University of Social and Political Sciences,GRC,Universities,2
8547,University of Kalyani,IND,Universities,3
8549,Catholic University of Croatia,HRV,Universities,3
8550,Novosibirsk State Medical University,RUS,Universities,2
8550,Siberian State Medical University,RUS,Universities,2
8550,Dar Al Uloom University,SAU,Universities,4
8550,O.M. Beketov National University of Urban Economy,UKR,Universities,2
8554,Institute of Philosophy and Sociology Polish Academy of Sciences,POL,Government,4
8554,Instituto de Astrofisica e Ciencias do Espaco,PRT,Universities,3
8554,"Islamic Azad University, Shahr-e-Qods Branch",IRN,Universities,1
8557,Central Glass and Ceramic Research Institute,IND,Government,1
8557,Institute of High-Temperature Electrochemistry Russian Academy of Sciences,RUS,Government,1
8557,Petroliam Nasional Berhad,MYS,Companies,2
8557,Ukrainian State University of Railway Transport,UKR,Universities,2
8561,Universite Gaston Berger de Saint-Louis,SEN,Universities,2
8561,Hospital Universitario de Navarra,ESP,Health,3
8563,Peking University International Hospital,CHN,Health,2
8563,Moscow State University of Psychology and Education,RUS,Universities,1
8565,Universidade Regional Integrada do Alto Uruguai e das Missoes,BRA,Universities,2
8565,Ecole Nationale des Travaux Publics de l'Etat *,FRA,Universities,4
8565,Tikrit University,IRQ,Universities,1
8565,Kabale University,UGA,Universities,2
8569,"Institut National de Sante Publique, d’Epidemiologie Clinique et de Toxicologie",LBN,Health,1
8569,Taiz University,YEM,Universities,1
8569,Saratov State University,RUS,Universities,2
8569,Government College Women University Faisalabad,PAK,Universities,4
8573,Omdurman Islamic University,SDN,Universities,2
8573,Laboratoire Chimie Provence,FRA,Government,3
8573,West Anhui University,CHN,Universities,3
8576,Sevastopol State University,UKR,Universities,2
8576,Universite de Lubumbashi,COD,Universities,3
8576,Institute of Materials Research of the Slovak Academy of Sciences,SVK,Government,1
8576,"University of Nebraska, Kearney",USA,Universities,4
8576,University of Houston - Downtown,USA,Universities,4
8576,Universite Chouaib Doukkali *,MAR,Universities,2
8582,Beijing Obstetrics and Gynecology Hospital,CHN,Health,2
8583,Institute for Nuclear Research Russian Academy of Sciences,RUS,Government,1
8584,JECRC University,IND,Universities,2
8584,Instituto Tecnologico Autonomo de Mexico,MEX,Universities,3
8586,China National Institute of Standardization,CHN,Government,2
8587,VIA University College,DNK,Universities,3
8588,Lorestan University of Medical Sciences,IRN,Universities,2
8589,Universidad Catolica del Uruguay,URY,Universities,3
8590,Ural State Medical University,RUS,Universities,2
8591,EA Wagner Perm State Medical University,RUS,Universities,1
8592,Northeastern Illinois University,USA,Universities,4
8593,Wayamba University of Sri Lanka,LKA,Universities,3
8593,Indian Institute of Space Science and Technology,IND,Universities,2
8593,Abadan University of Medical Sciences,IRN,Universities,1
8593,Velammal Engineering College,IND,Universities,1
8593,Universidad Autonoma de Campeche,MEX,Universities,3
8598,Complejo Hospitalario de Especialidades Virgen de Valme,ESP,Health,4
8598,Quzhou University,CHN,Universities,3
8598,Saint Petersburg State Pediatric Medical University,RUS,Universities,1
8601,Al-Furat Al-Awsat Technical University,IRQ,Universities,1
8601,"Instituto Federal de Educacao, Ciencia e Tecnologia do Maranhao",BRA,Universities,3
8601,Samara State Technical University,RUS,Universities,1
8601,Novosibirsk State Technical University,RUS,Universities,1
8605,Beijing Jishuitan Hospital,CHN,Health,2
8605,Shandong Technology and Business University,CHN,Universities,3
8605,University of Zabol,IRN,Universities,2
8608,Institute of Minerals and Materials Technology,IND,Government,2
8608,Russian Biotechnological University,RUS,Universities,2
8610,State Grid Hubei Electric Power Research Institute,CHN,Government,2
8611,Yulin University,CHN,Universities,3
8611,Chinese Academy for Environmental Planning,CHN,Government,3
8613,Namibia University of Science and Technology,NAM,Universities,3
8613,Sahand University of Technology,IRN,Universities,1
8613,Manonmaniam Sundaranar University,IND,Universities,2
8613,National Aerospace University - Kharkiv Aviation Institute,UKR,Universities,2
8617,Affiliated Hospital of Yunnan University,CHN,Health,2
8618,Beijing Institute of Fashion Technology,CHN,Universities,2
8618,Universite Kasdi Merbah Ouargla,DZA,Universities,1
8618,Weifang University,CHN,Universities,3
8621,Bashkir State Medical University,RUS,Universities,2
8622,Fondazione Stella Maris IRCCS,ITA,Health,3
8622,Universidad Metropolitana de Ciencias de la Educacion,CHL,Universities,4
8622,Kharkiv National Automobile and Highway University,UKR,Universities,2
8622,Xiangnan University *,CHN,Universities,3
8626,Institute of Solid State Chemistry and Mechanochemistry Russian Academy of Sciences,RUS,Government,1
8626,Shahed University,IRN,Universities,2
8626,Universidad del Zulia,VEN,Universities,2
8629,Universidade Federal do Sul da Bahia,BRA,Universities,3
8629,"Islamic Azad University, Isfahan Khorasgan Branch",IRN,Universities,2
8629,Azim Premji University,IND,Universities,2
8629,Clinical Hospital Sveti Duh,HRV,Health,3
8633,"Islamic Azad University, Najafabad Branch",IRN,Universities,2
8633,Parul University,IND,Universities,2
8633,Ho Chi Minh City University of Education,VNM,Universities,3
8633,Changzhou Institute of Technology,CHN,Universities,3
8637,Universidad Nacional de la Patagonia San Juan Bosco,ARG,Universities,3
8637,Omsk State Technical University,RUS,Universities,2
8637,Babson College,USA,Universities,3
8637,Gonabad University of Medical Sciences,IRN,Universities,2
8641,Rajalakshmi Institute of Technology,IND,Universities,2
8641,Sobolev Institute of Mathematics Russian Academy of Sciences,RUS,Government,1
8641,Slovak Medical University in Bratislava,SVK,Universities,2
8644,Institute of Physics of Materials of the ASCR,CZE,Government,3
8644,Universite d'Alger 1,DZA,Universities,1
8646,Instituto Multidisciplinario de Biologia Vegetal,ARG,Government,3
8646,Universite Abou Bekr Belkaid Tlemcen,DZA,Universities,1
8648,Universidade da Regiao de Joinville,BRA,Universities,3
8649,Perm National Research Polytechnic University,RUS,Universities,2
8650,Gubkin University,RUS,Universities,1
8650,University of Social Welfare and Rehabilitation Sciences,IRN,Universities,2
8650,Second Affiliated Hospital of Shantou University Medical College,CHN,Health,2
8650,Istanbul Bilim Universitesi,TUR,Universities,3
8654,Xi'an Modern Chemistry Research Institute,CHN,Government,2
8654,Kuwait College of Science and Technology,KWT,Universities,2
8656,Systems Research Institute Polish Academy of Sciences,POL,Government,2
8656,Skyline University College,ARE,Universities,2
8658,Liaoning Academy of Agricultural Sciences,CHN,Government,3
8658,Universite Joseph Ki-Zerbo,BFA,Universities,1
8658,PSG College of Arts and Science,IND,Universities,3
8658,Karaganda State Technical University,KAZ,Universities,1
8662,Lebanese French University,IRQ,Universities,1
8663,Universite de Boumerdes,DZA,Universities,1
8663,National Technical University - Kharkiv Polytechnic Institute,UKR,Universities,2
8663,Institute of Chemistry,VNM,Government,2
8666,Tomsk State University of Control Systems and Radioelectronics,RUS,Universities,2
8666,Central University of Karnataka,IND,Universities,2
8668,Moscow State Pedagogical University,RUS,Universities,1
8668,Datta Meghe Institute of Higher Education and Research *,IND,Universities,1
8668,Shanghai Aerospace Electronic Technology Institute,CHN,Government,1
8668,Arab American University,PSE,Universities,3
8672,Universite de Ngaoundere,CMR,Universities,1
8672,Vinnytsia National Technical University,UKR,Universities,1
8672,Hanseo University,KOR,Universities,3
8675,Applied Science University,BHR,Universities,2
8675,Ahlia University,BHR,Universities,2
8675,Institute of System Dynamics and Control Theory Russian Academy of Sciences,RUS,Government,1
8675,Tianjin Agricultural University,CHN,Universities,3
8679,Karpagam University,IND,Universities,3
8679,Yibin University,CHN,Universities,3
8679,Graduate University of Advanced Technology,IRN,Universities,2
8679,Saint Joseph's University,USA,Universities,3
8679,Russian State Social University,RUS,Universities,2
8684,Ecole Nationale Superieure d'Arts et Metiers de Meknes,MAR,Universities,1
8684,Isra University,JOR,Universities,4
8686,Ahmet Yesevi University,KAZ,Universities,2
8687,N. P. Ogarev's Mordovian State University,RUS,Universities,2
8688,Kutahya Health Sciences University *,TUR,Universities,3
8688,Bogolyubov Institute for Theoretical Physics National Academy of Sciences of Ukraine,UKR,Government,1
8688,Beijing Language and Culture University,CHN,Universities,1
8688,University of Jammu,IND,Universities,2
8692,A’Sharqiyah University,OMN,Universities,1
8693,Irkutsk State University,RUS,Universities,2
8693,Imam Ja'afar Al-Sadiq University,IRQ,Universities,1
8695,Universidad Surcolombiana,COL,Universities,3
8695,Uttaranchal University,IND,Universities,2
8695,Advocate Aurora Health Care,USA,Health,3
8695,Shahroud University of Medical Sciences,IRN,Universities,2
8695,Zahedan University of Medical Sciences,IRN,Universities,1
8700,State Grid Anhui Electric Power Research Institute,CHN,Government,2
8700,Caritas Institute of Higher Education,HKG,Universities,4
8702,Central Research Institute of Electric Power Industry,JPN,Non-Profit,4
8703,Universite Sultan Moulay Slimane,MAR,Universities,2
8704,Volgograd State University,RUS,Universities,2
8705,Institute of the Earth Crust Russian Academy of Sciences,RUS,Government,1
8705,Kremenchuk Mykhailo Ostrohradskyi National University,UKR,Universities,2
8705,Yaroslavl State University,RUS,Universities,1
8705,Chaitanya Bharathi Institute of Technology,IND,Universities,2
8705,University of Duhok,IRQ,Universities,1
8705,Colorado College,USA,Universities,4
8705,Weber State University,USA,Universities,3
8712,Northern Kentucky University,USA,Universities,4
8712,China National Botanical Garden,CHN,Government,2
8714,Universite Mohamed Khider de Biskra,DZA,Universities,1
8714,Aerospace Research Institute of Materials & Processing Technology,CHN,Government,2
8714,Universite Badji Mokhtar - Annaba,DZA,Universities,1
8714,Aditya University,IND,Universities,2
8714,Jinggangshan University *,CHN,Universities,3
8714,Instituto de Pesquisas Tecnologicas,BRA,Government,2
8720,University of Kyrenia,CYP,Universities,2
8721,"Usmanu Danfodiyo University, Sokoto *",NGA,Universities,3
8721,Mangalore University,IND,Universities,3
8721,State Grid Hebei Electric Power Research Institute,CHN,Government,2
8721,University of Garmian,IRQ,Universities,1
8725,Universidad Central Marta Abreu de Las Villas *,CUB,Universities,2
8726,China Institute of Geo-Environment Monitoring,CHN,Government,3
8726,North East Institute of Science and Technology,IND,Government,1
8726,Thai Nguyen University of Techonology,VNM,Universities,3
8729,Hebei Normal University of Science and Technology,CHN,Universities,3
8729,Alzahra University,IRN,Universities,2
8729,Chernivtsi National University,UKR,Universities,1
8729,Russian University of Transport,RUS,Universities,1
8733,Universita IUAV di Venezia,ITA,Universities,4
8733,Centre National de la Recherche Scientifique et Technologique *,BFA,Government,2
8735,Centro de Investigacion en Materiales Avanzados,MEX,Government,2
8735,Utkal University,IND,Universities,3
8735,Odessa National I I Mechnikov University,UKR,Universities,2
8735,Smart Grid Research Institute,CHN,Government,2
8735,Denison University,USA,Universities,4
8735,Dhirubhai Ambani Institute of Information and Communication Technology,IND,Universities,2
8741,Semnan University of Medical Sciences,IRN,Universities,2
8742,Higher Technological Institute,EGY,Universities,3
8742,KIET Group of Institutions,IND,Universities,3
8744,Central Institute of Fisheries Education,IND,Government,2
8744,National Research Institute of Astronomy and Geophysics,EGY,Government,3
8744,Universidade Positivo,BRA,Universities,3
8747,Universite de Batna 2,DZA,Universities,1
8747,A.E. Favorsky Irkutsk Institute of Chemistry of Siberian Branch Russian Academy of Sciences,RUS,Government,1
8747,Kyambogo University,UGA,Universities,2
8750,BMS College of Engineering,IND,Universities,2
8750,Shahrekord University,IRN,Universities,2
8752,Centurion University of Technology and Management,IND,Universities,2
8753,Mathematical Institute of the Serbian Academy of Sciences and Arts,SRB,Government,4
8754,Inner Mongolia Normal University,CHN,Universities,2
8754,Tyumen State University,RUS,Universities,1
8754,Azarbaijan Shahid Madani University,IRN,Universities,2
8757,Toranomon Hospital,JPN,Health,2
8757,Universidade Portucalense Infante D Henrique,PRT,Universities,3
8757,Universite Hassan 1er *,MAR,Universities,2
8757,Sami Shamoon College of Engineering,ISR,Universities,4
8761,National Science Center Kharkov Institute of Physics and Technology National Academy of Sciences of Ukraine,UKR,Government,1
8761,Universidad Autonoma de Tlaxcala,MEX,Universities,3
8761,University of Maiduguri,NGA,Universities,2
8764,University of Maragheh,IRN,Universities,2
8764,Southwest State University,RUS,Universities,2
8766,First Affiliated Hospital of Xinjiang Medical University,CHN,Health,2
8766,Busitema University,UGA,Universities,1
8766,College of the Holy Cross,USA,Universities,4
8769,Yangtze Institute for Conservation and Development,CHN,Government,2
8769,"Institute of Infrastructure, Technology, Research and Management",IND,Universities,2
8769,Rajalakshmi Engineering College,IND,Universities,3
8772,Lutsk National Technical University,UKR,Universities,3
8772,Rostov State Medical University,RUS,Universities,2
8772,Rhodes College,USA,Universities,4
8772,Karaganda Buketov University,KAZ,Universities,2
8776,Kumasi Technical University,GHA,Universities,1
8776,University of Wasit,IRQ,Universities,2
8776,"Indian Institute of Management, Rohtak",IND,Universities,2
8779,Sapientia Hungarian University of Transylvania,ROU,Universities,3
8779,Mongolian University of Science and Technology,MNG,Universities,2
8781,Kermanshah University of Technology,IRN,Universities,2
8782,Instituto Politecnico de Macau,MAC,Universities,2
8783,Penza State University,RUS,Universities,2
8784,Chinese Academy of Social Sciences,CHN,Government,1
8784,Gonzaga University,USA,Universities,3
8784,Central Agricultural University,IND,Universities,2
8784,Shanghai International Studies University,CHN,Universities,1
8788,Kongu Engineering College,IND,Universities,2
8789,"CMR Institute of Technology, Bangalore",IND,Universities,2
8789,Vyatka State University,RUS,Universities,2
8789,South Kazakhstan State University,KAZ,Universities,2
8789,Alexander Dubcek University of Trencin,SVK,Universities,3
8789,Centre Hospitalier Universitaire Ibn Rochd Casablanca,MAR,Health,2
8789,South West University Neofit Rilski,BGR,Universities,3
8789,Trakia University,BGR,Universities,2
8796,Third Hospital of Hebei Medical University,CHN,Health,2
8796,Universidad Nacional de San Juan *,ARG,Universities,4
8796,Consorcio Centro de Investigacion e Tecnoloxia Matematica de Galicia,ESP,Non-Profit,4
8796,Kazakh National Pedagogical University,KAZ,Universities,1
8800,Nikolaev Institute of Inorganic Chemistry Russian Academy of Sciences,RUS,Government,1
8800,Grinnell College,USA,Universities,4
8800,Universidade Evangelica de Goias,BRA,Universities,3
8800,Southwestern Institute of Physics China,CHN,Government,3
8800,Instituto Andaluz de Ciencias de la Tierra,ESP,Government,4
8805,Gulu University,UGA,Universities,3
8805,ISF College of Pharmacy,IND,Universities,1
8805,"Federal Research Center of Nutrition, Biotechnology and Food Safety",RUS,Government,2
8808,Pokhara University,NPL,Universities,3
8808,Institute of Biology and Soil Science Russian Academy of Sciences,RUS,Government,1
8808,Hospital Pablo Tobon Uribe,COL,Health,1
8808,Torbat Heydarieh University of Medical Sciences,IRN,Universities,3
8812,Affiliated Hospital of Putian University,CHN,Health,2
8813,Newgiza University,EGY,Universities,2
8813,University of Alkafeel,IRQ,Universities,1
8813,SKEMA Business School,FRA,Universities,3
8813,Universidade Lusiada,PRT,Universities,3
8817,PSG Institute of Technology and Applied Research,IND,Universities,1
8817,Sri Krishna College of Engineering & Technology,IND,Universities,3
8819,Universidad de La Salle Colombia,COL,Universities,3
8820,Changchun Normal University,CHN,Universities,3
8821,Universidade Federal do Sul e Sudeste do Para,BRA,Universities,4
8822,Gulf University for Science and Technology,KWT,Universities,2
8822,Tbilisi State Medical University,GEO,Universities,2
8822,Ruppin Academic Center,ISR,Universities,3
8825,Troy University,USA,Universities,4
8825,Dongzhimen Hospital,CHN,Health,2
8825,Leshan Normal University,CHN,Universities,3
8825,Orel State University,RUS,Universities,2
8829,Jiroft University of Medical Sciences,IRN,Universities,2
8829,Steklov Mathematical Institute Russian Academy of Sciences,RUS,Government,2
8829,Universidade Federal do Cariri,BRA,Universities,3
8832,Rajasthan Technical University,IND,Universities,3
8832,Mary Immaculate College,IRL,Universities,2
8834,University of Forestry Sofia,BGR,Universities,3
8834,Abbottabad University of Science and Technology,PAK,Universities,3
8836,Aja University of Medical Sciences,IRN,Universities,3
8836,University of Misan,IRQ,Universities,2
8836,Fifth People's Hospital of Chengdu University of Traditional Chinese Medicine,CHN,Health,2
8839,Piri Reis University,TUR,Universities,4
8839,Bannari Amman Institute of Technology,IND,Universities,3
8839,Eastern Kentucky University,USA,Universities,3
8842,Central Metallurgical Research and Development Institute,EGY,Government,1
8842,Tyumen State Medical University,RUS,Universities,2
8844,Czech Geological Survey,CZE,Government,4
8844,Universidad Nacional de General Sarmiento,ARG,Universities,3
8844,American University of Ras Al Khaimah,ARE,Universities,4
8844,Dickinson College,USA,Universities,4
8848,I Mechnikov Research Institute of Vaccines and Sera,RUS,Health,1
8848,Nuclear Power Institute of China,CHN,Government,3
8850,Universidad Regional Autonoma de Los Andes,ECU,Universities,3
8850,"University of Architecture, Civil Engineering and Geodesy",BGR,Universities,3
8852,State University of West Georgia,USA,Universities,4
8852,TKM College of Engineering,IND,Universities,1
8852,"Shaheed Rajaie Cardiovascular, Medical and Research Center",IRN,Health,3
8852,Simmons University,USA,Universities,4
8856,University for Business and Technology,XKX,Universities,1
8856,Rostov State Transport University,RUS,Universities,2
8856,University of Ninevah,IRQ,Universities,1
8856,"Universite Sorbonne Nouvelle, Paris 3 *",FRA,Universities,3
8856,Hechi University,CHN,Universities,3
8861,Hubei University for Nationalities,CHN,Universities,3
8861,Universidad Catolica de Cuenca *,ECU,Universities,3
8861,National Medical Research Center for Children's Health,RUS,Health,1
8861,Universidad Nacional de Lujan,ARG,Universities,4
8861,Federal University Dutse,NGA,Universities,3
8866,Capital University of Economics and Business,CHN,Universities,2
8867,Universite Felix Houphouet-Boigny,CIV,Universities,1
8867,Zefat Academic College,ISR,Universities,4
8867,Institute of Chemistry of Far Eastern Branch Russian Academy of Sciences,RUS,Government,1
8870,"Jawaharlal Nehru Technological University, Kakinada",IND,Universities,3
8870,Universite Mouloud Mammeri de Tizi Ouzou,DZA,Universities,2
8872,Gansu University of Chinese Medicine,CHN,Universities,3
8872,Instituto Potosino de Investigacion Cientifica y Tecnologica,MEX,Government,2
8874,Rollins College,USA,Universities,4
8874,Sanbo Brain Hospital,CHN,Health,2
8874,Clinical Center of Vojvodina,SRB,Health,4
8877,Hochschule Augsburg,DEU,Universities,4
8878,National Hospital Organization Shikoku Cancer Center,JPN,Health,2
8879,Moscow Technical University of Communications and Informatics,RUS,Universities,1
8880,Beijing International Studies University,CHN,Universities,2
8881,Saratov State Medical University,RUS,Universities,2
8881,Kumaraguru College of Technology,IND,Universities,3
8881,Universitatsklinikum Graz,AUT,Health,4
8884,Salisbury University,USA,Universities,4
8885,Northern State Medical University,RUS,Universities,2
8885,Zaozhuang University,CHN,Universities,3
8887,Al-Muthanna University,IRQ,Universities,2
8888,Uttarakhand Technical University,IND,Universities,2
8889,Xinjiang Normal University,CHN,Universities,3
8889,Instituto Politecnico da Guarda,PRT,Universities,2
8891,Housing and Building National Research Center,EGY,Government,3
8891,University of Mazandaran,IRN,Universities,2
8893,Chongqing Three Gorges University,CHN,Universities,3
8893,Henan University of Engineering,CHN,Universities,3
8895,Complexo Pequeno Principe *,BRA,Companies,1
8895,Vardhaman College of Engineering,IND,Universities,3
8895,Neijiang Normal University,CHN,Universities,3
8898,Shaanxi University of Chinese Medicine,CHN,Universities,3
8898,Delta State University,NGA,Universities,3
8900,University of Tuzla,BIH,Universities,4
8901,"Jawaharlal Nehru Technological University, Anantapur",IND,Universities,2
8902,Universitatea 1 Decembrie 1918 din Alba Iulia,ROU,Universities,3
8902,Baoji University of Arts and Sciences,CHN,Universities,3
8902,Beijing Institute of Mathematical Sciences and Application,CHN,Government,2
8905,University Teaching Hospital,ZMB,Health,2
8905,Universidade Aberta,PRT,Universities,3
8907,Second Affiliated Hospital of Fujian Medical University,CHN,Health,2
8907,Fiji National University,FJI,Universities,3
8907,Arak University,IRN,Universities,2
8910,Institut Catholique de Lille,FRA,Universities,3
8910,Institute for Tropical Technology,VNM,Government,2
8910,Vladimir State University,RUS,Universities,2
8913,LNM Institute of Information Technology,IND,Universities,2
8913,Ryazan State Medical University,RUS,Universities,2
8913,Acharya Institutes *,IND,Universities,3
8916,Manipur University,IND,Universities,2
8917,Zoological Institute Russian Academy of Sciences,RUS,Government,1
8917,"State University of New York, College at Brockport",USA,Universities,4
8917,Togliatti State University,RUS,Universities,2
8917,Guangdong University of Finances and Economics,CHN,Universities,2
8917,Institute of Physics National Academy of Sciences of Ukraine,UKR,Government,1
8922,Galgotias Educational Institutions *,IND,Universities,2
8923,Heilongjiang University of Science and Technology,CHN,Universities,3
8923,Redeemer's University,NGA,Universities,2
8923,Yuri Gagarin State Technical University of Saratov,RUS,Universities,2
8926,University of Malawi,MWI,Universities,1
8926,Imam Khomeini International University,IRN,Universities,3
8926,National University of Lesotho,LSO,Universities,1
8926,Henan University of Finance and Economics,CHN,Universities,3
8930,Tata Institute of Social Sciences,IND,Universities,1
8930,Radford University,USA,Universities,4
8930,Siberian State Industrial University,RUS,Universities,2
8930,Pimpri Chinchwad College of Engineering,IND,Universities,2
8930,Instituto de Pesquisas Ambientais,BRA,Government,4
8930,"National Water Research Center, Egypt *",EGY,Government,2
8936,Deen Dayal Upadhyay Gorakhpur University,IND,Universities,2
8937,National Academy of Sciences of Armenia *,ARM,Government,2
8938,Omsk State Medical University,RUS,Universities,2
8939,University of Birjand,IRN,Universities,2
8939,"Institute of Mathematics, Physics and Mechanics",SVN,Government,3
8941,Universite de Lome,TGO,Universities,1
8941,Almaty University of Power Engineering and Telecommunications,KAZ,Universities,2
8941,Academy of Armored Forces Engineering of PLA,CHN,Government,2
8944,M Kumarasamy College of Engineering,IND,Universities,2
8945,University of National and World Economy,BGR,Universities,2
8945,Al-Rafidain University College,IRQ,Universities,1
8947,Sabzevar University of Medical Sciences,IRN,Universities,3
8948,Ecole Mohammadia d'Ingenieurs,MAR,Universities,3
8948,Indian Institute of Remote Sensing,IND,Government,2
8948,Al Neelain University,SDN,Universities,2
8951,Tongren University,CHN,Universities,2
8951,"ISS Academy of Technical Education, Noida",IND,Universities,3
8953,Arctic Antarctic Research Institute,RUS,Government,2
8954,"University of Wisconsin, Oshkosh",USA,Universities,4
8954,Shaoguan University,CHN,Universities,3
8954,Lavrentyev Institute of Hydrodynamics Russian Academy of Sciences,RUS,Government,2
8957,"University of Applied Health Sciences, Zagreb",HRV,Universities,4
8958,Administracion Nacional de Laboratorios e Institutos de Salud Dr. Carlos G. Malbran *,ARG,Health,1
8959,Zhejiang University of Water Resources and Electric Power,CHN,Universities,3
8959,Nanchong Central Hospital Affiliated to North Sichuan Medical College,CHN,Health,2
8959,Ulyanovsk State University,RUS,Universities,2
8962,Beijing Anding Hospital,CHN,Health,2
8963,Universite de Sousse,TUN,Universities,2
8964,Ukrainian State Chemical Technology University,UKR,Universities,2
8964,Sant Gadge Baba Amravati University,IND,Universities,2
8966,Ministry of Health,IRQ,Health,1
8966,Capital Institute of Pediatrics,CHN,Health,2
8966,Imagerie Adaptative Diagnostique et Interventionnelle,FRA,Government,3
8969,Mudanjiang Normal University,CHN,Universities,3
8969,Samara State Transport University,RUS,Universities,2
8969,Al-Qasim Green University,IRQ,Universities,1
8972,Fukuoka Institute of Technology,JPN,Universities,4
8972,Hanshan Normal University,CHN,Universities,3
8974,University of Liberal Arts Bangladesh,BGD,Universities,3
8974,Vikram Sarabhai Space Centre,IND,Government,2
8974,Urmia University of Technology,IRN,Universities,2
8977,Kuban State Medical University,RUS,Universities,2
8977,Academy of Sciences of Moldova *,MDA,Government,2
8979,Silicon University,IND,Universities,3
8980,"Guru Nanak Dev Engineering College, Ludhiana",IND,Universities,3
8981,Qom University of Medical Sciences,IRN,Universities,3
8982,Image Processing Systems Institute Russian Academy of Sciences,RUS,Government,2
8982,Hong Kong Shue Yan University,HKG,Universities,4
8984,"Madhav Institute of Technology and Science, Gwalior",IND,Universities,3
8985,Universidade do Estado do Rio Grande do Norte,BRA,Universities,4
8986,Hospital Universitario Juan Ramon Jimenez,ESP,Health,4
8986,Yelets State University,RUS,Universities,1
8988,Maharana Pratap University of Agriculture and Technology,IND,Universities,2
8988,Indian Institute of Toxicology Research,IND,Government,1
8990,Serbsky National Medical Research Centre of Psychiatry and Narcology,RUS,Health,2
8991,University of Technology and Applied Sciences,OMN,Universities,4
8991,Vallurupalli Nageswara Rao Vignana Jyothi Institute of Engineering & Technology,IND,Universities,3
8993,Institute of Low Temperature and Structure Research Polish Academy of Sciences,POL,Government,3
8993,Platov South-Russian State Polytechnic University,RUS,Universities,2
8993,Tianjin Huanhu Hospital,CHN,Health,2
8993,Centro Universitario da FEI,BRA,Universities,3
8997,International University of Information Technologies,KAZ,Universities,1
8997,Ministry of Agriculture,IRQ,Government,1
8999,University of Haripur,PAK,Universities,1
8999,"Indian Institute of Management, Indore",IND,Universities,2
8999,"College of Engineering, Pune",IND,Universities,2
8999,University of Zakho,IRQ,Universities,2
8999,Ministry of Education,IRQ,Government,2
9004,Ningde Normal University,CHN,Universities,3
9004,A. M. Prokhorov General Physics Institute Russian Academy of Sciences,RUS,Government,1
9004,Government College of Technology,IND,Universities,2
9007,Nesmeyanov Institute of Organoelement Compounds Russian Academy of Sciences,RUS,Government,1
9007,SEGi University,MYS,Universities,4
9007,National University of Uzbekistan,UZB,Universities,1
9007,Zhengzhou Central Hospital Affiliated to Zhengzhou University,CHN,Health,3
9007,Instituto Venezolano de Investigaciones Cientificas,VEN,Government,1
9012,"CMR Group of Institutions, Bangalore *",IND,Universities,2
9012,Altai State Medical University,RUS,Universities,2
9012,Boreskov Institute of Catalysis of the Siberian Branch of the Russian Academy of Scienses,RUS,Government,1
9015,Kunshan First People's Hospital Affiliated to Jiangsu University,CHN,Health,2
9015,Vels Institute of Science Technology and Advanced Studies,IND,Universities,3
9017,"National Institute of Technical Teachers Training and Research, Chandigarh",IND,Universities,3
9017,South Ural State Medical University,RUS,Universities,2
9019,Connecticut College,USA,Universities,4
9019,General Hospital of Ningxia Medical University,CHN,Health,2
9021,Institute of Organic Synthesis Russian Academy of Sciences,RUS,Government,1
9021,State Grid Fujian Electric Power Research Institute,CHN,Government,2
9023,North Khorasan University of Medical Sciences,IRN,Universities,2
9023,Luoyang Institute of Science and Technology,CHN,Universities,3
9023,Jaipur National University,IND,Universities,2
9023,Universidad Autonoma de Baja California Sur,MEX,Universities,3
9023,Bule Hora University,ETH,Universities,4
9028,Nakhon Pathom Rajabhat University,THA,Universities,3
9028,Hospital General Universitario de Ciudad Real,ESP,Health,4
9030,South Australian Museum,AUS,Non-Profit,4
9030,Polzunov Altai State Technical University,RUS,Universities,2
9032,Centre de Developpement des Technologies Avancees,DZA,Government,1
9032,China Gas Turbine Establishment,CHN,Government,2
9032,Central Institute of Mining and Fuel Research,IND,Government,2
9032,Dawood University of Engineering and Technology,PAK,Universities,3
9036,Universite de Batna 1,DZA,Universities,2
9036,State Grid Xinjiang Electric Power Research Institute,CHN,Government,2
9036,Volgograd State Technical University,RUS,Universities,2
9036,Osaka Medical and Pharmaceutical University *,JPN,Universities,2
9036,korea institute of fusion energy,KOR,Government,4
9041,FSBI Mental Health Research Centre,RUS,Health,2
9041,Mepco Schlenk Engineering College,IND,Universities,2
9043,Institute for Advanced Studies in Basic Sciences,IRN,Universities,2
9044,Universite Mohamed Boudiaf - M'sila,DZA,Universities,1
9044,Shanghai Hospital of Traditional Chinese Medicine,CHN,Health,1
9046,Indian Institute of Horticultural Research,IND,Government,2
9047,Tongling University,CHN,Universities,3
9047,Hebei GEO University,CHN,Universities,3
9049,Federal Scientific Agroengineering Center VIM,RUS,Government,1
9049,Persian Gulf University,IRN,Universities,2
9051,Voronezh State Medical University named after NN Burdenko,RUS,Universities,2
9051,Kharkiv National University of Radio Electronics,UKR,Universities,1
9051,University of Maryland Eastern Shore,USA,Universities,4
9054,Academician Emil Djakov Institute of Electronics Bulgarian Academy of Sciences,BGR,Government,2
9054,University of Hormozgan,IRN,Universities,2
9056,BGRIMM Technology Group,CHN,Government,3
9057,Yancheng Teachers University,CHN,Universities,3
9057,National Institute of Technology Jamshedpur,IND,Universities,3
9057,"Cihan University, Erbil",IRQ,Universities,2
9060,Ghana Institute of Management and Public Administration,GHA,Universities,2
9061,Key Laboratory of Marine Science and Numerical Modeling,CHN,Government,2
9061,"Universite Akli Mohand Oulhadj, Bouira",DZA,Universities,2
9063,Agricultural University of Tirana,ALB,Universities,1
9064,University of Scranton,USA,Universities,4
9064,Panimalar Engineering College,IND,Universities,2
9064,Qinghai Normal University,CHN,Universities,3
9064,Avinashilingam Institute for Home Science & Higher Education for Women,IND,Universities,2
9064,Yuxi Normal University,CHN,Universities,3
9064,"Lincoln University College, Kuala Lumpur",MYS,Universities,4
9070,Sirnak University,TUR,Universities,4
9071,Kirensky Institute of Physics,RUS,Government,1
9071,Belarusian National Technical University,BLR,Universities,2
9073,Taiyuan Normal University,CHN,Universities,3
9074,Egyptian Atomic Energy Authority *,EGY,Government,3
9075,China Fujian Optoelectronic Information Science and Technology Innovation Laboratory,CHN,Government,3
9076,Le Quy Don Technical University,VNM,Universities,2
9076,Odessa National Polytechnic University,UKR,Universities,2
9076,Affiliated Central Hospital of Huzhou University,CHN,Health,2
9079,Centro de Investigacion y Desarrollo Tecnologico en Electroquimica SC,MEX,Government,2
9079,Yaroslavl State Medical University,RUS,Universities,2
9079,Universite Mohamed El Bachir El Ibrahimi de Bordj Bou Arreridj,DZA,Universities,1
9082,Institute for Plasma Research,IND,Government,2
9083,Krirk University,THA,Universities,3
9083,Nawroz University,IRQ,Universities,2
9085,Universite de Bechar,DZA,Universities,1
9086,Magnitogorsk State Technical University,RUS,Universities,2
9086,Federal University of Petroleum Resource Effurun,NGA,Universities,3
9088,Chinese People's Armed Police Force Engineering University,CHN,Universities,2
9089,University of Sistan and Baluchestan,IRN,Universities,2
9089,Dnipro State Medical University,UKR,Universities,1
9091,Ho Chi Minh University of Banking,VNM,Universities,3
9092,St Joseph's College of Engineering,IND,Universities,3
9092,Egyptian National Cancer Institute,EGY,Health,2
9094,State University of Management,RUS,Universities,2
9095,Universite de Douala,CMR,Universities,2
9095,XIM University *,IND,Universities,2
9095,Richard Stockton College of New Jersey,USA,Universities,4
9095,Graphic Era Hill University,IND,Universities,3
9095,Universite d Abomey Calavi,BEN,Universities,1
9100,University of Kirkuk,IRQ,Universities,2
9101,University of Thi-Qar,IRQ,Universities,2
9102,Technical University of Kenya,KEN,Universities,4
9103,Nizhny Novgorod State Technical University,RUS,Universities,2
9104,Institut de l'Environnement et de Recherches Agricoles,BFA,Government,2
9104,Burdenko National Medical Research Center of Neurosurgery,RUS,Health,2
9106,Shanghai Academy of Environmental Sciences,CHN,Government,3
9107,"Islamic Azad University, Hamedan",IRN,Universities,3
9107,Merrimack College,USA,Universities,4
9107,Vishwakarma Institute of Technology,IND,Universities,2
9110,University of Sahiwal,PAK,Universities,4
9110,"Trofimuk United Institute of Geology, Geophysics and Mineralogy Russian Academy of Sciences",RUS,Government,2
9110,Universite Saad Dahlab de Blida 1,DZA,Universities,2
9110,Wuhan Donghu University,CHN,Universities,3
9110,Ecole Polytechnique de Tunisie,TUN,Universities,1
9115,PLA Rocket Force University of Engineering,CHN,Universities,3
9115,Russian State University for the Humanities,RUS,Universities,1
9115,Museo Argentino de Ciencias Naturales Bernardino Rivadavia,ARG,Government,3
9118,Sri Venkateswara College of Engineering,IND,Universities,3
9118,PSG College of Technology,IND,Universities,3
9120,Damghan University,IRN,Universities,3
9121,Dijlah University College,IRQ,Universities,2
9121,Shenyang University,CHN,Universities,3
9123,Beijing Children's Hospital,CHN,Health,2
9124,Shanxi University of Finance and Economics,CHN,Universities,3
9125,Puducherry Technological University,IND,Universities,2
9126,Universite de Jijel,DZA,Universities,2
9126,Moldova State University,MDA,Universities,2
9128,Institute of Nuclear Physics Ministry of Energy of the Republic of Kazakhstan,KAZ,Government,2
9129,Maharaja Surajmal Institute of Technology,IND,Universities,3
9130,Centre Hospitalier Ibn Sina Rabat *,MAR,Health,2
9131,Universite de La Manouba,TUN,Universities,2
9131,Shenyang Institute of Engineering,CHN,Universities,3
9133,Daugavpils University,LVA,Universities,3
9134,Anhui Xinhua University,CHN,Universities,3
9134,University of Raparin,IRQ,Universities,1
9134,China Building Materials Academy,CHN,Government,3
9137,М. H. Kholodny Institute of Botany National Academy of Sciences of Ukraine,UKR,Government,2
9137,Taishan University,CHN,Universities,4
9139,Universidad Autonoma del Peru,PER,Universities,2
9139,"National Institute of Nutrition, Hyderabad",IND,Health,1
9139,Central Arid Zone Research Institute,IND,Government,3
9142,National Research University of Electronic Technology,RUS,Universities,1
9143,Kazakh British Technical University,KAZ,Universities,1
9143,Bukhara State University,UZB,Universities,2
9143,"National Institute of Technology, Agartala",IND,Universities,3
9146,Universite Abdelhamid Ibn Badis de Mostaganem,DZA,Universities,2
9147,Institute of Automation and Electrometry Russian Academy of Sciences,RUS,Government,1
9147,"Grupo Hospitalario Quironsalud, Colombia",COL,Health,1
9149,Al-Iraqia University,IRQ,Universities,2
9149,Dostoevsky Omsk State University,RUS,Universities,2
9149,Grenoble Ecole de Management,FRA,Universities,3
9152,Institute of General and Inorganic Chemistry of the Uzbekistan Academy of Sciences,UZB,Government,1
9152,Universite Yahia Fares de Medea,DZA,Universities,1
9152,Strathmore University,KEN,Universities,2
9152,Tumkur University,IND,Universities,3
9156,Guangdong University of Education,CHN,Universities,4
9157,Central Mechanical Engineering Research Institute,IND,Government,3
9157,Universite Nangui Abrogoua,CIV,Universities,1
9157,"University of Engineering & Management, Kolkata",IND,Universities,3
9157,Ecole Nationale des Sciences Appliquees de Oujda,MAR,Universities,2
9161,Universite de Bamenda,CMR,Universities,2
9162,Tashkent State University of Economics,UZB,Universities,1
9163,Affiliated Hospital of Jiangxi University of Traditional Chinese Medicine,CHN,Health,2
9164,Centro de Ecologia Aplicada y Sustentabilidad,CHL,Universities,3
9164,Nitte Meenakshi Institute of Technology,IND,Universities,3
9166,Hanoi University of Civil Engineering,VNM,Universities,3
9166,"Islamic Azad University, Mashhad",IRN,Universities,3
9168,Sri Sairam Engineering College,IND,Universities,3
9169,"School of Advanced Study, University of London",GBR,Universities,4
9169,Centre de Developpement des Energies Renouvelables *,DZA,Government,1
9169,Academic College of Tel Aviv-Yaffo,ISR,Universities,4
9172,Amol University of Special Modern Technologies,IRN,Universities,3
9172,Universite Ibn Khaldoun de Tiaret,DZA,Universities,1
9174,Lingnan Normal University,CHN,Universities,3
9175,University of Professional Studies,GHA,Universities,3
9176,Centre de Biotechnologie de Borj Cedria,TUN,Government,1
9176,"DO Ott Research Institute of Obstetrics, Gynecology and Reproductology",RUS,Health,2
9178,Indian Institute of Management Lucknow,IND,Universities,3
9179,Beijing Academy of Science and Technology *,CHN,Government,3
9179,Baotou Medical College *,CHN,Universities,3
9179,Technical University of Moldova,MDA,Universities,3
9182,"Institut National de Recherches en Genie Rural, Eaux et Forets",TUN,Government,1
9182,Knowledge University,IRQ,Universities,1
9184,ABES Engineering College,IND,Universities,3
9185,The Max Stern Yezreel Valley College,ISR,Universities,3
9186,Ecole Nationale d'Agriculture de Meknes,MAR,Universities,3
9186,China Railway Siyuan Survey and Design Group Co Ltd,CHN,Government,3
9188,Beijing Polytechnic,CHN,Universities,3
9188,Nanjing Electronic Devices Institute,CHN,Non-Profit,2
9188,A.V. Topchiev Institute of Petrochemical Synthesis Russian Academy of Sciences,RUS,Government,1
9188,Khyber Medical College *,PAK,Universities,3
9192,University of Science and Technology of Mazandaran,IRN,Universities,1
9192,Universidade Europeia,PRT,Universities,3
9192,Russian State Research Center Burnasyan Federal Medical Biophysical Center,RUS,Health,2
9192,Sri Krishna College of Technology,IND,Universities,2
9196,Thang Long University,VNM,Universities,2
9196,Georgian Technical University,GEO,Universities,3
9196,"Islamic Azad University, Qom",IRN,Universities,1
9199,Allameh Tabatabai University,IRN,Universities,2
9199,Moscow Regional Research Clinical Institute MF Vladimirsky MONIKI,RUS,Health,2
9199,Hawler Medical University,IRQ,Universities,2
9199,Neshabur University of Medical Sciences,IRN,Universities,2
9203,South African Institute for Aquatic Biodiversity,ZAF,Government,4
9203,Universite Djillali Liabes de Sidi Bel Abbes,DZA,Universities,1
9205,"Indian Institute of Management, Kozhikode",IND,Universities,2
9205,Vasyl' Stus Donetsk National University,UKR,Universities,3
9207,National Hospital Organization Kyushu Medical Center,JPN,Health,3
9207,China-Pakistan Joint Research Center on Earth Sciences,CHN,Government,2
9209,Universidad de Palermo,ARG,Universities,2
9209,Changchun University,CHN,Universities,3
9211,Institute of Cell Biophysics Russian Academy of Sciences,RUS,Government,1
9212,National Aerospace Laboratories,IND,Government,2
9212,Azerbaycan Tibb Universiteti,AZE,Universities,2
9212,University of Human Development,IRQ,Universities,2
9215,GMR Institute of Technology,IND,Universities,2
9216,Georgian National Academy of Sciences *,GEO,Government,2
9216,Universite Hassiba BenBouali de Chlef,DZA,Universities,1
9216,Universite Larbi Ben M'hidi Oum El Bouaghi,DZA,Universities,2
9216,"Islamic University, Najaf",IRQ,Universities,2
9220,State Grid Beijing Electric Power Economic and Technology Research Institute,CHN,Government,3
9221,Institute of Aeronautical Engineering,IND,Universities,3
9222,Adtalem Global Education Inc *,USA,Companies,4
9222,National Institute for Economic Research Costin C Kiritescu,ROU,Government,3
9222,Henan Mechanical and Electrical Engineering College,CHN,Universities,4
9225,Special Astrophysical Observatory Russian Academy of Sciences,RUS,Government,2
9225,Indira Gandhi Centre for Atomic Research,IND,Government,2
9225,Centro Medico Nacional Siglo XXI,MEX,Health,1
9228,I.M. Sechenov Institute of Evolutionary Physiology and Biochemistry Russian Academy of Sciences,RUS,Government,1
9228,Tashkent University of Information Technologies,UZB,Universities,1
9230,AMET University,IND,Universities,3
9231,National Geophysical Research Institute,IND,Government,3
9231,Baku State University,AZE,Universities,1
9233,Bapatla Engineering College,IND,Universities,3
9233,University of Eswatini,SWZ,Universities,1
9233,Ilie Murgulescu Institute of Physical Chemistry,ROU,Government,3
9233,Centro para el Desarrollo de la Nanociencia y la Nanotecnologia,CHL,Universities,1
9237,D. Serikbayev East Kazakhstan State Technical University,KAZ,Universities,3
9238,Federal Scientific Research Center Crystallography and Photonics of Russian Academy of Sciences,RUS,Government,1
9239,Noida Institute of Engineering & Technology,IND,Universities,3
9239,Heze University,CHN,Universities,3
9241,KPR Institute of Engineering and Technology,IND,Universities,1
9241,Kazan Scientific Center Russian Academy of Sciences,RUS,Government,1
9243,Tambov State Technical University,RUS,Universities,2
9244,Coimbatore Institute of Technology,IND,Universities,3
9245,Chengdu Normal University,CHN,Universities,3
9246,Hindusthan College of Engineering and Technology,IND,Universities,3
9247,P P Shirshov Institute of Oceanology Russian Academy of Sciences,RUS,Government,3
9247,Institute for Automation and Control Processes Russian Academy of Sciences,RUS,Government,1
9247,Manav Rachna International Institute of Research and Studies,IND,Universities,3
9247,Ajay Kumar Garg Engineering College,IND,Universities,2
9251,University of Business and Technology,SAU,Universities,4
9251,Institute of Solid State Physics Russian Academy of Sciences,RUS,Government,1
9251,Hakim Sabzevari University,IRN,Universities,3
9251,Kanazawa University Hospital,JPN,Health,2
9255,Hubei University of Automotive Technology,CHN,Universities,3
9255,V. Ye. Lashkaryov Institute of Semiconductor Physics National Academy of Sciences of Ukraine,UKR,Government,1
9257,Yasouj University,IRN,Universities,3
9257,University of Bojnord,IRN,Universities,1
9257,"PowerChina Huadong Engineering Corp Ltd, China",CHN,Government,3
9260,Shanghai Marine Diesel Engine Research Institute,CHN,Government,3
9261,Federal Scientific Center for Medical and Preventive Health Risk Management Technologies,RUS,Health,2
9262,Chitkara Educational Trust *,IND,Universities,1
9263,South East European University,MKD,Universities,4
9264,Guangdong University of Finance,CHN,Universities,3
9265,Institute of Sociology Russian Academy of Sciences,RUS,Government,2
9265,"Indian Institute of Management, Raipur",IND,Universities,3
9267,Southern Technical University,IRQ,Universities,2
9267,Komi Scientific Center Russian Academy of Sciences,RUS,Government,2
9269,Technical University of Varna,BGR,Universities,2
9269,Hunan University of Arts and Science,CHN,Universities,3
9271,Universite Larbi Tebessi,DZA,Universities,2
9271,National Medical Research Center of Surgery named after A Vishnevsky,RUS,Health,3
9273,Krishna Institute of Medical Sciences University,IND,Universities,1
9274,Ecole Nationale d'Ingenieurs de Tunis,TUN,Universities,2
9274,Academy of Sciences of the Republic of Tajikistan,TJK,Government,1
9276,Universite Constantine 3,DZA,Universities,3
9276,Tashkent Medical Academy,UZB,Universities,1
9278,Universite Amar Telidji de Laghouat,DZA,Universities,1
9279,Gulf University,BHR,Universities,3
9279,Russian Academy of Education *,RUS,Government,2
9281,Ufa Scientific Center Russian Academy of Sciences,RUS,Government,1
9281,Aviation University of Air Force,CHN,Universities,2
9283,Nuclear Research Center,EGY,Government,1
9283,Aichi Center for Industry and Science Technology,JPN,Universities,4
9283,Khristianovich Institute of Theoretical and Applied Mechanics Russian Academy of Sciences,RUS,Government,1
9286,Bilad Alrafidain University College,IRQ,Universities,1
9287,Faculte des Sciences de Bizerte,TUN,Universities,2
9287,Honghe University,CHN,Universities,3
9289,Chechen State University,RUS,Universities,1
9290,Wadia Institute of Himalayan Geology,IND,Government,3
9290,First Affiliated Hospital of Anhui University of Chinese Medicine,CHN,Health,2
9290,Research Institute of Petroleum Industry Tehran,IRN,Government,2
9293,Research Institute of Forests and Rangelands,IRN,Government,2
9294,Ghana Communication Technology University,GHA,Universities,1
9294,National Academy of Sciences of the Republic of Kazakhstan *,KAZ,Government,3
9296,Hamedan University of Technology,IRN,Universities,1
9297,CMR College of Engineering & Technology,IND,Universities,2
9297,China Railway Eryuan Engineering Group Co Ltd,CHN,Government,3
9299,Karpagam College of Engineering,IND,Universities,3
9300,Kabardino-Balkarian State University,RUS,Universities,2
9300,Institute of Theoretical and Experimental Biophysics Russian Academy of Sciences,RUS,Government,1
9302,Universite Mohamed-Cherif Messaadia Souk Ahras,DZA,Universities,2
9303,Universidade Estadual do Vale do Acarau,BRA,Universities,4
9303,Northern Technical University,IRQ,Universities,3
9305,"Institute of Engineering and Management, Kolkata",IND,Universities,3
9305,Irkutsk State Medical University,RUS,Universities,2
9305,China Nuclear Power Engineering Co,CHN,Government,4
9305,Deenbandhu Chhotu Ram University of Science and Technology,IND,Universities,3
9309,Dubna State University,RUS,Universities,2
9310,Universidade Federal do Agreste de Pernambuco,BRA,Universities,3
9311,First Hospital of Hebei Medical University,CHN,Health,2
9311,Al-Esraa University College,IRQ,Universities,2
9313,International Advanced Research Centre for Powder Metallurgy and New Materials *,IND,Government,2
9314,Instituto Politecnico de Portalegre,PRT,Universities,3
9315,Sapir Academic College,ISR,Universities,3
9316,Ecole Nationale Superieure d'Electricite et de Mecanique,MAR,Universities,2
9317,I.I. Schmalhausen Institute of Zoology National Academy of Sciences of Ukraine,UKR,Government,3
9317,Centre Regional des Metiers de l'Education et de la Formation de Casablanca-Settat,MAR,Non-Profit,1
9319,Centre Hospitalier Universitaire Mohammed VI de Oujda,MAR,Health,1
9320,Kuban State Technological University,RUS,Universities,3
9320,Adekunle Ajasin University,NGA,Universities,4
9320,Galgotias College of Engineering & Technology,IND,Universities,3
9323,Central Astronomical Observatory Russian Academy of Sciences,RUS,Government,2
9324,University of Jiroft,IRN,Universities,2
9324,SNS College of Technology,IND,Universities,3
9326,Marymount University,USA,Universities,4
9327,Materials and Energy Research Centre,IRN,Government,1
9327,Kuwait Oil Company,KWT,Companies,2
9329,A.N. Severtsov Institute of Ecology and Evolution Russian Academy of Sciences,RUS,Government,2
9329,Tashkent State Pedagogical University,UZB,Universities,2
9331,Raja Ramanna Centre for Advanced Technology,IND,Government,3
9332,Xi'an Modern Control Technology Research Institute,CHN,Government,3
9333,Aleksander Moisiu University,ALB,Universities,2
9334,Prince Sultan Military Medical City,SAU,Health,2
9335,Ospedale GB Morgagni L Pierantoni,ITA,Health,3
9336,Petroleum University of Technology,IRN,Universities,2
9336,Chuvash State University,RUS,Universities,2
9336,Kyrgyz Turkish Manas University,KGZ,Universities,1
9339,Centre de Recherche Scientifique et Technique en Analyses Physico-Chimiques,DZA,Government,1
9339,"CMR Institute of Technology, Hyderabad",IND,Universities,2
9341,China Aircraft Strength Research Institute,CHN,Government,3
9342,Institute of Mathematics National Academy of Sciences of Ukraine,UKR,Government,3
9342,Karelian Research Center Russian Academy of Sciences,RUS,Government,3
9342,Universite de Tunis *,TUN,Universities,1
9345,Federal Research Center for Fundamental and Translational Medicine *,RUS,Health,2
9345,Guangdong Academy of Forestry,CHN,Government,3
9345,Institute for Scintillation Materials National Academy of Sciences of Ukraine,UKR,Government,2
9348,"National University, Philippines",PHL,Universities,3
9348,Tokyo Metropolitan Komagome Hospital,JPN,Health,3
9350,G V Kurdyumov Institute for Metal Physics National Academy of Sciences of Ukraine,UKR,Government,2
9350,Israel Antiquities Authority,ISR,Government,4
9352,Universite de Gabes *,TUN,Universities,2
9352,University of Bonab,IRN,Universities,3
9354,SRM Easwari Engineering College,IND,Universities,3
9354,Tver State University,RUS,Universities,2
9356,Sreenidhi Institute of Science and Technology,IND,Universities,3
9356,Shandong Institute of Commerce and Technology,CHN,Universities,2
9358,Universite Abdelhamid Mehri Constantine 2,DZA,Universities,1
9359,University of Warith Al-Anbiyaa,IRQ,Universities,3
9360,Urgench State University,UZB,Universities,2
9360,Shangrao Normal University,CHN,Universities,4
9362,Institute of Continuous Media Mechanics Russian Academy of Sciences,RUS,Government,2
9363,Guizhou Minzu University,CHN,Universities,3
9363,"Islamic Azad University, Rasht",IRN,Universities,3
9363,Vishwakarma Institute of Information Technology,IND,Universities,4
9366,Universidad Tecnologica ECOTEC,ECU,Universities,4
9366,St Petersburg State Marine Technical University,RUS,Universities,3
9366,Clinique Pasteur Toulouse,FRA,Health,3
9369,Jiaying University,CHN,Universities,3
9370,Komarov Botanical Institute Russian Academy of Sciences,RUS,Government,3
9370,Minin University,RUS,Universities,3
9372,"Islamic Azad University, North Tehran Branch",IRN,Universities,2
9373,Chongqing Vocational Institute of Engineering,CHN,Non-Profit,3
9373,Institute of Solution Chemistry Russian Academy of Sciences,RUS,Government,1
9375,Zhengzhou Normal University,CHN,Universities,3
9376,Institute of Geography Russian Academy of Sciences,RUS,Government,3
9377,Instituto Nacional de Astrofisica Optica y Electronica,MEX,Government,2
9378,Universite de Jendouba,TUN,Universities,3
9378,Centre Hospitalier Universitaire Mohammed VI de Marrakech,MAR,Health,3
9378,Universite Ziane Achour de Djelfa,DZA,Universities,3
9381,Keldysh Institute for Applied Mathematics Russian Academy of Sciences,RUS,Government,3
9382,Universidad de Ciencias y Humanidades,PER,Universities,4
9383,Ivanovo State University of Chemistry and Technology,RUS,Universities,2
9384,Qom University,IRN,Universities,3
9384,Institute of Terrestrial Magnetism Ionosphere and Radiowave Propagation Russian Academy of Sciences,RUS,Government,1
9386,Instituto de Investigaciones Fisiologicas y Ecologicas Vinculadas a la Agricultura,ARG,Government,3
9386,V A Trapeznikov Institute of Control Sciences Russian Academy of Sciences,RUS,Government,2
9388,B. I. Stepanov Institute of Physics National Academy of Sciences of Belarus,BLR,Government,3
9388,Marine Design and Research Institute of China,CHN,Government,2
9390,All India Institute of Speech and Hearing,IND,Universities,3
9391,Pacific National University,RUS,Universities,3
9391,The First Affiliated Hospital of Xinxiang Medical University,CHN,Health,3
9393,Al Maarif University College,IRQ,Universities,3
9393,Universite d'El Oued,DZA,Universities,1
9393,Institute of Computational Mathematics and Mathematical Geophysics Russian Academy of Sciences,RUS,Government,1
9396,Sukachev Institute of Forest Russian Academy of Sciences,RUS,Government,2
9396,Institute of Nuclear Research National Academy of Sciences of Ukraine,UKR,Government,1
9396,Universite de Maroua,CMR,Universities,4
9396,Soran University,IRQ,Universities,1
9400,A.E. Arbuzov Institute of Organic and Physical Chemistry Russian Academy of Sciences,RUS,Government,1
9400,Nippon Steel Corp *,MUL,Companies,4
9400,"Vietnam National University System, Hanoi *",MUL,Universities,3
9403,Al-Ayen University,IRQ,Universities,3
9404,Shanghai University of International Business and Economics,CHN,Universities,2
9405,Institute of Metal Physics Russian Academy of Sciences,RUS,Government,2
9406,Universite de Saida Dr. Moulay Tahar,DZA,Universities,3
9406,Erbil Polytechnic University,IRQ,Universities,3
9408,Beijing Research Institute of Uranium Geology,CHN,Government,4
9409,Dagestan State University,RUS,Universities,2
9409,Xian Aerospace Propulsion Institute,CHN,Government,3
9409,Berhampur University,IND,Universities,3
9412,Vali-e-Asr University of Rafsanjan,IRN,Universities,3
9412,Institute of Physics,AZE,Government,2
9414,JSS Science and Technology University,IND,Universities,3
9414,Technical and Vocational University,IRN,Universities,3
9416,"Zeppelin University, Friedrichshafen",DEU,Universities,4
9417,Faculte des Sciences et Techniques Settat,MAR,Universities,3
9418,Navsari Agricultural University,IND,Universities,4
9418,Belgorod State Technological University,RUS,Universities,3
9420,China Ship Scientific Research Center,CHN,Government,4
9420,KCG College of Technology,IND,Universities,3
9422,Universidad Tecnologica Indoamerica,ECU,Universities,4
9423,Sona College of Technology,IND,Universities,3
9423,National Institute of Advanced Studies,IND,Non-Profit,3
9425,Institute of Applied Physics and Computational Mathematics,CHN,Government,3
9425,N.M. Emanuel Institute of Biochemical Physics Russian Academy of Sciences,RUS,Government,1
9427,Federal Research Center Computer Science and Control of the Russian Academy of Sciences,RUS,Government,2
9428,Hexi University *,CHN,Universities,3
9429,Prof Dr Assen Zlatarov University,BGR,Universities,3
9430,Ivano-Frankivsk National Medical University,UKR,Universities,2
9430,Ecole Nationale des Sciences Appliquees d'El Jadida,MAR,Universities,2
9432,Guangxi University of Finance and Economics,CHN,Universities,3
9432,Nephrology and Urology Center,EGY,Health,4
9434,Aksum University,ETH,Universities,1
9435,National Hospital Organization Tokyo Medical Center,JPN,Health,2
9436,Shanghai Lixin University of Accounting and Finance,CHN,Universities,2
9436,Hebei University of Economics and Business,CHN,Universities,3
9438,Maulana Azad Medical College,IND,Health,1
9438,Russian Academy of Agricultural Sciences,RUS,Government,2
9438,Ecole Nationale Superieure d'Ingenieurs de Tunis,TUN,Universities,1
9441,Institute of Materials Science,VNM,Government,2
9441,Poornima University,IND,Universities,3
9443,University Visvesvaraya College of Engineering,IND,Universities,2
9444,Southern Scientific Center Russian Academy of Sciences,RUS,Government,2
9445,Center for Excellence in Ultra-Intense Laser Science,CHN,Government,3
9446,Chemistry and Chemical Engineering Research Center of Iran,IRN,Government,1
9447,Rostov State University of Economics,RUS,Universities,2
9448,Institute of Astronomy Russian Academy of Sciences,RUS,Government,2
9448,Tianjin University of Finance and Economics,CHN,Universities,3
9448,West Bengal State University,IND,Universities,3
9451,Institute of Strength Physics and Materials Science Russian Academy of Sciences,RUS,Government,2
9452,China Special Equipment Inspection and Research Institute,CHN,Government,4
9453,Tyumen Scientific Centre of the Siberian Branch of the Russian Academy of Sciences,RUS,Government,1
9454,"Indian Institute of Management, Ranchi",IND,Universities,3
9454,National Engineering College,IND,Universities,3
9456,"Islamic Azad University, Central Tehran Branch",IRN,Universities,3
9457,Ecole Nationale d'Ingenieurs de Gabes,TUN,Universities,2
9458,Shri Ramdeobaba College of Engineering and Management,IND,Universities,4
9458,Great Zimbabwe University,ZWE,Universities,4
9460,Yogi Vemana University,IND,Universities,1
9461,University of Fallujah,IRQ,Universities,2
9461,ITM University Gwalior,IND,Universities,3
9463,Liaoning Petrochemical University,CHN,Universities,3
9463,Sri Ramakrishna Engineering College,IND,Universities,4
9463,Institute of Philosophy Russian Academy of Sciences,RUS,Government,3
9466,Tver State Technical University,RUS,Universities,2
9467,Zhangzhou Affiliated Hospital of Fujian Medical University,CHN,Health,3
9467,CCCC Highway Consultants Co Ltd,CHN,Government,4
9469,FSBI Research Institute of Eye Diseases named after MM Krasnov,RUS,Health,2
9470,Joint Institute for High Temperatures Research Russian Academy of Sciences,RUS,Government,2
9471,Francisk Skorina Gomel State University,BLR,Universities,3
9472,Institute of Ecology and Biological Resources,VNM,Government,3
9473,Timiryazev Institute of Plant Physiology Russian Academy of Sciences,RUS,Government,2
9474,Institute of Chemistry and Chemical Technology Russian Academy of Sciences,RUS,Government,2
9474,Institute of Information and Computational Technologies,KAZ,Government,3
9476,Jining University,CHN,Universities,3
9476,Institute of Mathematics and Mechanics Russian Academy of Sciences,RUS,Government,3
9478,Tinbergen Institute,NLD,Universities,4
9479,Dilla University,ETH,Universities,2
9480,Iranian Fisheries Science Research Institute,IRN,Government,3
9481,Al-Karkh University of Science,IRQ,Universities,3
9482,Beijing Municipal Key Laboratory of Clinical Epidemiology,CHN,Health,2
9483,Lviv National Medical University Danylo Halycky,UKR,Universities,1
9484,Facultad Latinoamericana de Ciencias Sociales *,MUL,Universities,4
9485,Wuhan Institute of Quantum Technology,CHN,Government,2
9485,National Food and Strategic Reserves Administration,CHN,Government,3
9487,Cherepovets State University,RUS,Universities,3
9487,Juraj Dobrila University of Pula,HRV,Universities,2
9489,Ambo University,ETH,Universities,2
9489,Azerbaijan Technical University,AZE,Universities,2
9491,AVIC Manufacturing Technology Institute,CHN,Government,4
9491,China Iron and Steel Research Institute Group *,CHN,Government,4
9493,Shenzhen International Quantum Academy,CHN,Government,2
9493,Xianyang Normal University,CHN,Universities,4
9493,"Universidad Internacional Iberoamericana, Mexico",MEX,Universities,4
9496,Institute of Applied Physics Russian Academy of Sciences,RUS,Government,3
9496,Shubnikov Institute of Crystallography Russian Academy of Sciences,RUS,Government,1
9496,Tula State University,RUS,Universities,3
9496,Australian Maritime College,AUS,Universities,4
9500,FORE School of Management,IND,Universities,3
9501,Lianyungang JARI Electronics Company,CHN,Government,3
9502,China Telecom Research Institute,CHN,Government,3
9502,Shanghai University of Political Science and Law,CHN,Universities,3
9502,"Islamic Azad University, Ayatollah Amoli",IRN,Universities,3
9505,AN Frumkin Institute of Physical Chemistry and Electrochemistry Russian Academy of Sciences,RUS,Government,2
9506,Universite Nazi Boni,BFA,Universities,2
9507,Polissia National University,UKR,Universities,1
9507,AVIC Shenyang Aircraft Corporation,CHN,Government,3
9507,Malek-Ashtar University of Technology,IRN,Universities,2
9510,Institute of Problems of Mechanical Engineering Russian Academy of Sciences,RUS,Government,3
9511,MLR Institute of Technology,IND,Universities,3
9511,Kola Science Centre Russian Academy of Sciences,RUS,Government,3
9513,Nuclear Materials Authority,EGY,Government,4
9513,Tianshui Normal University,CHN,Universities,4
9515,"Islamic Azad University, Shahrekord Branch",IRN,Universities,1
9515,Centre Hospitalier et Universitaire Hassan II Fes,MAR,Health,4
9517,AY Ishlinsky Institute for Problems in Mechanics Russian Academy of Sciences,RUS,Government,3
9518,"Islamic Azad University, Tabriz",IRN,Universities,2
9519,O. O. Chuyko Institute of Surface Chemistry National Academy of Sciences of Ukraine,UKR,Government,1
9520,Handan College,CHN,Universities,4
9521,Yellow River Institute of Hydraulic Research,CHN,Government,3
9522,Sirjan University of Technology,IRN,Universities,4
9523,Chelyabinsk State University,RUS,Universities,3
9524,Fundacao Educacional Lucas Machado *,BRA,Non-Profit,2
9524,Kuwait Petroleum Corporation *,KWT,Companies,4
9526,CCTEG Xi'an Research Institute,CHN,Government,3
9527,Ho Technical University,GHA,Universities,3
9528,"Islamic Azad University, Khomeinishahr",IRN,Universities,2
9529,Pranveer Singh Institute of Technology,IND,Universities,3
9530,Wuhan NARI Ltd Co,CHN,Government,4
9531,Beijing Institute of Space Mechanics and Electricity,CHN,Government,2
9532,Institute of Numerical Mathematics Russian Academy of Sciences,RUS,Government,3
9532,Tambov State University,RUS,Universities,3
9534,Nuclear Science and Technology Research Institute,IRN,Government,3
9535,"Islamic Azad University, South Tehran branch",IRN,Universities,3
9536,Atomic Energy Organization of Iran *,IRN,Government,3
9537,Huainan Normal University,CHN,Universities,4
9538,Haldia Institute of Technology,IND,Universities,4
9539,Moscow Automobile and Road Construction State Technical University,RUS,Universities,3
9539,Hubei Polytechnic University,CHN,Universities,4
9541,PSGR Krishnammal College for Women,IND,Universities,4
9542,Ecole Nationale Polytechnique,DZA,Universities,3
9543,Northwest Institute for Nonferrous Metal Research,CHN,Government,4
9544,St. Petersburg State University of Industrial and Design,RUS,Universities,2
9545,Universite Mustapha Stambouli de Mascara,DZA,Universities,3
9545,Institute of Systems Analysis Russian Academy of Sciences,RUS,Government,2
9547,Zavaritsky Institute of Geology and Geochemistry Russian Academy of Sciences,RUS,Government,3
9548,National Metallurgical Laboratory,IND,Government,3
9549,VI Il'ichev Pacific Oceanological Institute Russian Academy of Sciences,RUS,Government,3
9550,Universite Ahmed Draia d'Adrar,DZA,Universities,3
9551,Xi'an Institute of Applied Optics,CHN,Non-Profit,3
9551,Laboratoire d'Etude des Microstructures et de Mecanique des Materiaux,FRA,Government,4
9553,Hodeidah University,YEM,Universities,2
9554,"CMR Group of Institutions, Hyderabad *",IND,Universities,3
9554,Ya. S. Pidstryhach Institute for Applied Problems of Mechanics and Mathematics National Academy of Sciences of Ukraine,UKR,Government,3
9556,Northwest Institute of Nuclear Technology,CHN,Government,3
9557,Azerbaijan State Oil and Industry University,AZE,Universities,3
9558,Centro de Pesquisas Leopoldo Americo Miguez de Mello,BRA,Non-Profit,1
9559,China Academy of Building Research,CHN,Government,4
9560,Ecole Nationale des Sciences Appliquees de Agadir,MAR,Universities,4
9560,Saint Petersburg State Institute of Technology,RUS,Universities,2
9562,Centre de Recherches et des Technologies des Eaux,TUN,Government,3
9563,Grupo Angeles Servicios de Salud *,MEX,Health,3
9564,"Philips Healthcare, China",CHN,Companies,3
9565,Pavlov Institute of Physiology Russian Academy of Sciences,RUS,Government,3
9565,A.A. Baykov Institute of Metallurgy and Materials Science Russian Academy of Sciences,RUS,Government,2
9565,Institute of Plant and Animal Ecology Russian Academy of Sciences,RUS,Government,3
9568,Birbal Sahni Institute of Palaeobotany,IND,Government,4
9569,Centro de Estudios Parasitologicos y de Vectores,ARG,Government,4
9570,CMR Technical Campus,IND,Universities,4
9571,N. N. Semenov Institute of Chemical Physics Russian Academy of Sciences,RUS,Government,2
9571,China Huaneng Group Clean Energy Technology Research Institute Co Ltd,CHN,Government,4
9571,Institute for Higher Nervous Activity and Neurophysiology Russian Academy of Science,RUS,Government,2
9574,Water Problems Institute Russian Academy of Sciences,RUS,Government,2
9575,"Yeshwantrao Chavan College of Engineering, Nagpur",IND,Universities,4
9576,PSNA College of Engineering & Technology,IND,Universities,4
9576,Polytechnic University of Tirana,ALB,Universities,1
9578,Zavoisky Physical-Technical Institute,RUS,Government,2
9579,Fasa University,IRN,Universities,4
9580,Palaeontological Institute Russian Academy of Sciences,RUS,Government,2
9580,Kanagawa Children's Medical Center,JPN,Health,3
9580,St Petersburg State University of Aerospace Instrumentation,RUS,Universities,1
9583,Qom University of Technology,IRN,Universities,3
9584,High Institute for Research and Education in Transfusion Medicine,IRN,Universities,1
9585,National Institute of Oceanography,IND,Government,3
9586,Kotel'nikov Institute of Radio Engineering and Electronics Russian Academy of Sciences,RUS,Government,2
9587,Shupyk National Healthcare University of Ukraine,UKR,Universities,1
9588,GRIMAT Engineering Institute Co Ltd,CHN,Government,3
9589,Electronic Engineering Institute of the PLA,CHN,Universities,2
9589,Ecole Superieure des Sciences Economiques et Commerciales,FRA,Universities,3
9591,University of Khartoum *,SDN,Universities,2
9592,N. I. Vavilov All-Russian Institute of Plant Genetic Resources,RUS,Government,1
9593,Ugc-Dae Consortium for Scientific Research Indore *,IND,Government,4
9594,Associacao Pelotense de Assistencia e Cultura *,BRA,Non-Profit,2
9595,"Islamic Azad University, Sari Branch",IRN,Universities,2
9595,Medical College and Hospital Kolkata,IND,Health,1
9597,National Research Center for Geoanalysis,CHN,Government,3
9597,Plastic Surgery Hospital,CHN,Health,4
9599,Saveetha Dental College Hospital,IND,Health,1
9600,Arab Open University *,KWT,Universities,3
9601,"Michael Okpara University of Agriculture, Umudike",NGA,Universities,2
9602,Complexo Hospitalario Universitario de Ourense,ESP,Health,4
9603,Complexo Hospitalario Universitario de Pontevedra,ESP,Health,3
9604,Universite de Parakou,BEN,Universities,3
9605,Kurnakov Institute of General and Inorganic Chemistry Russian Academy of Sciences,RUS,Government,2
9606,"Kogi State University, Anyigba",NGA,Universities,4
9606,Petroleum Development Oman LLC,OMN,Companies,3
9608,Paton Electric Welding Institute National Academy of Sciences of Ukraine,UKR,Government,3
9609,Institute of Nuclear Physics of the Uzbekistan Academy of Sciences,UZB,Government,1
9609,Centre de Recherche en Technologies Industrielles,DZA,Government,3
9611,"Islamic Azad University, Qazvin",IRN,Universities,3
9612,"Islamic Azad University, Varamin",IRN,Universities,4
9613,China Academy of Safety Science and Technology,CHN,Government,3
9614,"Islamic Azad University, Sanandaj Branch",IRN,Universities,3
9615,Yellow River Conservancy Technical Institute,CHN,Universities,4
9616,CVR College of Engineering,IND,Universities,4
9617,Ecole des Hautes Etudes Commerciales de Paris,FRA,Universities,3
9618,Wuhan Business University,CHN,Universities,3
9619,Donghai Laboratory,CHN,Government,3
9620,Obafemi Awolowo University Teaching Hospitals Complex,NGA,Health,1
9621,Institute for Physics of Microstructures Russian Academy of Sciences,RUS,Government,2
9622,National Centre for Radiation Research and Technology,EGY,Government,4
9623,Yuncheng University,CHN,Universities,4
9624,HV Karpenko Physico-Mechanical Institute National Academy of Sciences of Ukraine,UKR,Government,2
9624,Trillium Health Partners *,CAN,Health,3
9626,Saveetha Engineering College,IND,Universities,4
9627,Hospital Guillermo Almenara Irigoyen,PER,Health,1
9628,Kalyani Government Engineering College,IND,Universities,4
9629,A.A Obukhov Institute of Atmospheric Physics Russian Academy of Sciences,RUS,Government,3
9629,United Schmidt Institute of Physics of the Earth Russian Academy of Sciences,RUS,Government,3
9629,Institute of Mathematics and Mathematical Modeling National Academy of Sciences of the Republic of K,KAZ,Government,3
9629,Federal Research Center for Original and Prospective Biomedical and Pharmaceutical Technologies *,RUS,Health,1
9633,Malayer University,IRN,Universities,4
9633,AA Blagonravov Institute of Mechanical Engineering Russian Academy of Sciences,RUS,Government,3
9635,Centre Hospitalo Universitaire Hedi Chaker,TUN,Health,2
9635,Jahrom University,IRN,Universities,4
9637,Trakya University,TUR,Universities,2
9638,"Instituto Federal de Educacao, Ciencia e Tecnologia de Goias",BRA,Universities,4
9639,Universite de Gafsa,TUN,Universities,2
9640,Russian University of Cooperation,RUS,Universities,2
9641,Institute of Biomedical Problems Russian Academy of Sciences,RUS,Government,3
9642,Institute for Single Crystals National Academy of Sciences of Ukraine,UKR,Government,1
9643,European Atomic Energy Community *,MUL,Government,4
9643,Kim Il Sung University,PRK,Universities,1
9645,Institute of Control Systems,AZE,Government,2
9645,Inter-University Accelerator Centre,IND,Government,4
9647,Shanghai Aircraft Design and Research Institute,CHN,Government,4
9648,Agencia de Energia Nuclear y Tecnologias de Avanzada,CUB,Government,1
9649,Ministry of Science and Technology,IRQ,Government,2
9650,B.Verkin Institute for Low Temperature Physics and Engineering National Academy of Sciences of Ukraine,UKR,Government,3
9651,Centre Hospitalier Universitaire Farhat Hached de Sousse,TUN,Health,1
9652,Universite de Khemis Miliana,DZA,Universities,3
9653,Heritage Institute of Technology,IND,Universities,4
9654,Enikolopov Institute of Synthetic Polymer Materials Russian Academy of Sciences,RUS,Government,2
9654,Universite Abbes Laghrour Khenchela,DZA,Universities,4
9656,Lipetsk State Technical University,RUS,Universities,3
9656,Krasnoyarsk State Medical University,RUS,Universities,1
9658,Mianyang Normal University,CHN,Universities,4
9659,Tenri Hospital,JPN,Health,3
9660,Universite d'Ain Temouchent,DZA,Universities,3
9661,Shanghai Engineering Research Center of Intelligent Control and Management,CHN,Non-Profit,4
9662,PLA Dalian Naval Academy,CHN,Government,4
9663,Institute of High Current Electronics Russian Academy of Sciences,RUS,Government,3
9664,Fattouma Bourguiba University Hospital,TUN,Health,2
9665,Rajiv Gandhi Proudyogiki Vishwavidyalaya,IND,Universities,2
9666,State Grid Ningxia Electric Power Research Institute,CHN,Government,4
9667,Geological Institute Russian Academy of Sciences,RUS,Government,3
9667,Russian Federal Nuclear Center/VNIIEF,RUS,Government,3
9669,Namangan Engineering and Technology Institute,UZB,Universities,3
9670,Relizane University,DZA,Universities,3
9671,Southwest Institute of Fluid Physics,CHN,Government,4
9672,Polar Research Institute of China,CHN,Government,3
9673,KUT University College,IRQ,Universities,2
9674,Beijing Zhongguancun Laboratory,CHN,Government,3
9675,Frantsevich Institute for Problems of Materials Science National Academy of Sciences of Ukraine,UKR,Government,3
9676,Centro Medico Nacional La Raza,MEX,Health,3
9677,Samara State University of Economics,RUS,Universities,2
9678,"Arignar Anna Government Arts College, Cheyyar",IND,Universities,3
9679,Arak University of Technology,IRN,Universities,4
9679,Baicheng Normal University,CHN,Universities,4
9681,Caraga State University,PHL,Universities,3
9682,"China Railway Major Bridge Reconnaissance Design Institute Co, Ltd",CHN,Government,4
9683,Universite de Kairouan,TUN,Universities,3
9684,Baotou Research Institute of Rare Earth,CHN,Government,4
9684,Tashkent Institute of Textile and Light Industry,UZB,Universities,3
9686,Papanin Institute for Biology of Inland Waters Russian Academy of Sciences,RUS,Government,4
9687,Vernadsky Institute of Geochemistry and Analytical Chemistry Russian Academy of Sciences,RUS,Government,4
9688,Wuhan Second Ship Design and Research Institute,CHN,Government,4
9689,Federal Research Center of Problems of Chemical Physics and Medicinal Chemistry,RUS,Government,2
9690,China Railway Design Corporation,CHN,Government,4
9691,Hilla University College,IRQ,Universities,4
9692,Baghdad Medical City,IRQ,Health,3
9693,Ankara Ataturk Training and Research Hospital,TUR,Health,4
9693,G.A. Razuvaev Institute of Organometallic Chemistry Russian Academy of Sciences,RUS,Government,1
9695,Shandong Energy Institute,CHN,Government,3
9696,"Islamic Azad University, Shiraz Branch",IRN,Universities,4
9697,Centro de Educacao em Saude Abram Szajman,BRA,Universities,3
9698,Samarkand State University,UZB,Universities,2
9698,Loginov Moscow Clinical Scientific Center,RUS,Health,1
9700,Dagestan Scientific Center Russian Academy of Sciences,RUS,Government,3
9701,Kirov Military Medical Academy,RUS,Universities,2
9702,MIT World Peace University,IND,Universities,3
9703,"Islamic Azad University, Qaemshahr",IRN,Universities,4
9704,State Grid Fujian Electric Power Economic and Technology Research Institute,CHN,Government,4
9705,Al-Nisour University College,IRQ,Universities,4
9706,Khyber Teaching Hospital,PAK,Health,4
9707,Qingdao New Energy Shandong Provincial Laboratory,CHN,Government,4
9708,Institute of World History,RUS,Government,4
9709,Institute of Geology of Ore Deposits Petrography Mineralogy and Geochemistry Russian Academy of Sciences,RUS,Government,4
9710,Hubei Optics Valley Laboratory,CHN,Government,3
9710,Institute of Atmospheric Optics of Siberian Branch of the Russian Academy of Science,RUS,Government,3
9712,Institute of Silicate Chemistry Russian Academy of Sciences,RUS,Government,2
9712,Orissa University of Agriculture and Technology,IND,Universities,3
9714,Al-Zahrawi University College,IRQ,Universities,2
9715,Suzhou Nuclear Power Research Institute,CHN,Government,4
9716,TKM Educational Trust *,IND,Non-Profit,2
9716,University of Religions and Denominations,IRN,Universities,3
9716,Laoshan Laboratory,CHN,Government,3
9719,Saveetha Medical College Hospital,IND,Health,1
9720,Al-Farahidi University,IRQ,Universities,4
9721,Ahl Al-Bayt University,IRQ,Universities,3
9722,Hopital Militaire d'Instruction Mohammed V,MAR,Health,3
9723,Habib Bourguiba Hopital,TUN,Health,3
9724,Institute of Structural Macrokinetics and Materials Science Russian Academy of Sciences,RUS,Government,2
9725,Jubail Industrial College,SAU,Universities,4
9726,Institute of Mathematics and Information Technologies of the Uzbekistan Academy of Sciences,UZB,Government,3
9726,Institute of State and Law of the Russian Academy of Sciences,RUS,Government,3
9728,Beijing Institute of Precision Mechatronics and Controls,CHN,Government,4
9729,Marine Hydrophysical Institute National Academy of Sciences of Ukraine,UKR,Government,3
9730,All-Russian Institute of Aviation Materials,RUS,Government,3
9731,Macao Institute for Tourism Studies,MAC,Universities,4
9732,"Arab Open University, Palestine",PSE,Universities,4
9732,Institute of Metallurgy of the Ural Branch Russian Academy of Sciences,RUS,Government,3
9734,Hot Laboratory and Waste Management Center,EGY,Government,4
9735,Bangalore University,IND,Universities,3
9736,VM Glushkov Institute of Cybernetics National Academy of Sciences of Ukraine,UKR,Government,4
9737,China Institute for Radiation Protection,CHN,Government,4
9738,Hopital La Rabta,TUN,Health,2
9739,Ural State University of Railway Transport,RUS,Universities,4
9740,China Nuclear Power Technology Research Institute Co Ltd,CHN,Government,4
9741,Shanghai Aerospace System Engineering Institute,CHN,Government,4
9742,Chongqing Key Laboratory of Specialty Foods jointly built by Sichuan and Chongqing,CHN,Government,3
9743,Farhangian University,IRN,Universities,4
9744,Hopital Charles Nicolle,TUN,Health,2
9745,Institute of Microelectronics Technology and High Purity Materials Russian Academy of Sciences,RUS,Government,2
9746,Lajpat Rai Educational Society *,IND,Universities,3
9747,Centre de Recherches et des Technologies de l’Energie,TUN,Government,4
9748,AN Bakulev National Medical Research Center for Cardiovascular Surgery,RUS,Health,3
9749,"National University of Science and Technology, Iraq",IRQ,Universities,4
9750,Hubei Yangtze Memory Laboratories,CHN,Non-Profit,4
9751,Pakistan Institute of Nuclear Science and Technology,PAK,Universities,3
9752,Iranian Research Institute of Plant Protection,IRN,Government,4
9753,Al-Turath University College,IRQ,Universities,4
9754,Ecole Normale Superieure de Kouba Bachir el Ibrahimi,DZA,Universities,4
9755,Semashko National Research Institute of Public Health,RUS,Health,4
9756,Samarqand Qishloq xo`Jalik Instituti,UZB,Universities,3
